gamma,N,N_low,N_high,beta_low,se_low,p_low,beta_high,se_high,p_high,objective_value,warning_flag,warning_note
1.3941868155987382,3188,1495,1693,0.10735078390038846,0.009694676099053863,3.158724549137129e-10,0.09389060133699677,0.01497218985574239,3.213836736654097e-6,45709.21931690888,FALSE,
1.3992592145147829,3188,1508,1680,0.10756280735130179,0.00953845645921656,2.2711797073973076e-10,0.09400559057307523,0.01594644817346709,7.500251325934948e-6,45758.30771227771,FALSE,
1.4043316134308272,3188,1512,1676,0.10760564592754793,0.009529429971696654,2.2163950879966918e-10,0.09393860091258997,0.01626069067455498,9.820102525355961e-6,45763.04031619142,FALSE,
1.4094040123468716,3188,1512,1676,0.10760564592754793,0.009529429971696654,2.2163950879966918e-10,0.09393860091258997,0.01626069067455498,9.820102525355961e-6,45763.04031619142,FALSE,
1.414476411262916,3188,1512,1676,0.10760564592754793,0.009529429971696654,2.2163950879966918e-10,0.09393860091258997,0.01626069067455498,9.820102525355961e-6,45763.04031619142,FALSE,
1.4195488101789606,3188,1513,1675,0.1075613617937602,0.00955152076428903,2.328868781257004e-10,0.09408223459204708,0.0163010053400848,9.944016214725516e-6,45770.86860487127,FALSE,
1.378969618850605,3188,1489,1699,0.10599657486130874,0.010564236099575457,1.827064080088887e-9,0.0970556693084207,0.015070602412181531,2.2076317691940813e-6,45811.77075806031,FALSE,
1.3840420177666495,3188,1489,1699,0.10599657486130874,0.010564236099575457,1.827064080088887e-9,0.0970556693084207,0.015070602412181531,2.2076317691940813e-6,45811.77075806031,FALSE,
1.3891144166826939,3188,1489,1699,0.10599657486130874,0.010564236099575457,1.827064080088887e-9,0.0970556693084207,0.015070602412181531,2.2076317691940813e-6,45811.77075806031,FALSE,
1.3434628264382942,3188,1468,1720,0.10590081714644702,0.01052213278738208,1.7306898931311883e-9,0.09749061825898277,0.014387555636331184,1.0580293400637161e-6,45826.22743012262,FALSE,
1.3485352253543386,3188,1468,1720,0.10590081714644702,0.01052213278738208,1.7306898931311883e-9,0.09749061825898277,0.014387555636331184,1.0580293400637161e-6,45826.22743012262,FALSE,
1.3383904275222498,3188,1457,1731,0.10606033118254553,0.010428542373424698,1.4405323710260067e-9,0.09718175646317444,0.014398218576806898,1.1205565182794147e-6,45826.42176618678,FALSE,
1.353607624270383,3188,1473,1715,0.10590116240204658,0.010546532454579838,1.8023533139838418e-9,0.09749304608192674,0.014384759789559932,1.0546277332364077e-6,45827.55114868708,FALSE,
1.3586800231864276,3188,1473,1715,0.10590116240204658,0.010546532454579838,1.8023533139838418e-9,0.09749304608192674,0.014384759789559932,1.0546277332364077e-6,45827.55114868708,FALSE,
1.363752422102472,3188,1473,1715,0.10590116240204658,0.010546532454579838,1.8023533139838418e-9,0.09749304608192674,0.014384759789559932,1.0546277332364077e-6,45827.55114868708,FALSE,
1.3688248210185163,3188,1473,1715,0.10590116240204658,0.010546532454579838,1.8023533139838418e-9,0.09749304608192674,0.014384759789559932,1.0546277332364077e-6,45827.55114868708,FALSE,
1.3738972199345607,3188,1479,1709,0.10591802549310667,0.010543917295339537,1.7895284496970487e-9,0.09744316056618778,0.014473185573001039,1.1624520866466848e-6,45827.60636123523,FALSE,
1.3333180286062052,3188,1429,1759,0.10585095572668456,0.010598212986645037,1.97989158239543e-9,0.09784143074085372,0.013592074366441234,4.285671437733812e-7,45835.479346565335,FALSE,
1.5260691874158934,3188,1781,1407,0.10610541432139699,0.010712175132197367,2.288808719956445e-9,0.0949659172340111,0.011858552040632383,8.100741479027781e-8,45835.9727486476,FALSE,
1.424621209095005,3188,1536,1652,0.10717784016463236,0.009602655089820623,2.7370431649307407e-10,0.09551259870554582,0.014453493663500558,1.5248067901668922e-6,45838.84386012476,FALSE,
1.6883859527293148,3188,2010,1178,0.1088937529818537,0.009321347940803273,1.1926184921041697e-10,0.08516652952856348,0.01287135939691165,1.4967790807842777e-6,45847.73354915337,FALSE,
1.4296936080110494,3188,1545,1643,0.10680864081860937,0.009493532125648099,2.36862532453847e-10,0.09615335778069282,0.01513305389709469,2.6723426308342797e-6,45855.37189425062,FALSE,
1.4347660069270938,3188,1545,1643,0.10680864081860937,0.009493532125648099,2.36862532453847e-10,0.09615335778069282,0.01513305389709469,2.6723426308342797e-6,45855.37189425062,FALSE,
1.4398384058431382,3188,1563,1625,0.10780033265000047,0.00884492543137731,5.4652485460255074e-11,0.09483583064830332,0.015027054148138999,2.9396145631046435e-6,45857.708656867326,FALSE,
1.5412863841640267,3188,1807,1381,0.10632390898971561,0.010643356039843834,1.972706164679152e-9,0.09520460095463858,0.011618227163964384,5.591978081248423e-8,45858.67299808935,FALSE,
1.531141586331938,3188,1801,1387,0.10640780333490064,0.010636750534795817,1.9246147098094653e-9,0.09516903352020296,0.0115923401038599,5.4260946656623635e-8,45862.77333965112,FALSE,
1.5362139852479824,3188,1801,1387,0.10640780333490064,0.010636750534795817,1.9246147098094653e-9,0.09516903352020296,0.0115923401038599,5.4260946656623635e-8,45862.77333965112,FALSE,
1.5463587830800711,3188,1819,1369,0.1065985342709146,0.010503446536547117,1.4946517814780711e-9,0.0950416509719203,0.011527754269514948,5.064441883682213e-8,45873.19553113884,FALSE,
1.6934583516453594,3188,2019,1169,0.10835669971228469,0.009665133840910159,2.524930999226186e-10,0.08762884165038656,0.011100524773853156,1.0189583506311479e-7,45888.81333753761,FALSE,
1.520996788499849,3188,1746,1442,0.10602742649223017,0.010770864119812543,2.550091977141963e-9,0.09643910433766731,0.012456384758317696,1.3868501993336595e-7,45896.29626601407,FALSE,
1.0695532849718954,3188,939,2249,0.10655941940226459,0.011993185769122807,1.4719012054557677e-8,0.09998194609362204,0.013478848040520752,2.706080026145255e-7,45921.757030146604,FALSE,
1.0746256838879398,3188,939,2249,0.10655941940226459,0.011993185769122807,1.4719012054557677e-8,0.09998194609362204,0.013478848040520752,2.706080026145255e-7,45921.757030146604,FALSE,
1.0796980828039842,3188,939,2249,0.10655941940226459,0.011993185769122807,1.4719012054557677e-8,0.09998194609362204,0.013478848040520752,2.706080026145255e-7,45921.757030146604,FALSE,
1.0847704817200285,3188,939,2249,0.10655941940226459,0.011993185769122807,1.4719012054557677e-8,0.09998194609362204,0.013478848040520752,2.706080026145255e-7,45921.757030146604,FALSE,
1.089842880636073,3188,939,2249,0.10655941940226459,0.011993185769122807,1.4719012054557677e-8,0.09998194609362204,0.013478848040520752,2.706080026145255e-7,45921.757030146604,FALSE,
1.0949152795521173,3188,939,2249,0.10655941940226459,0.011993185769122807,1.4719012054557677e-8,0.09998194609362204,0.013478848040520752,2.706080026145255e-7,45921.757030146604,FALSE,
1.099987678468162,3188,939,2249,0.10655941940226459,0.011993185769122807,1.4719012054557677e-8,0.09998194609362204,0.013478848040520752,2.706080026145255e-7,45921.757030146604,FALSE,
1.1050600773842063,3188,939,2249,0.10655941940226459,0.011993185769122807,1.4719012054557677e-8,0.09998194609362204,0.013478848040520752,2.706080026145255e-7,45921.757030146604,FALSE,
1.5514311819961155,3188,1841,1347,0.10665727931875478,0.010443324928319188,1.337870981412513e-9,0.09558833754638409,0.011455770930711534,4.1648559432190177e-8,45921.9487987609,FALSE,
1.55650358091216,3188,1841,1347,0.10665727931875478,0.010443324928319188,1.337870981412513e-9,0.09558833754638409,0.011455770930711534,4.1648559432190177e-8,45921.9487987609,FALSE,
1.5615759798282043,3188,1841,1347,0.10665727931875478,0.010443324928319188,1.337870981412513e-9,0.09558833754638409,0.011455770930711534,4.1648559432190177e-8,45921.9487987609,FALSE,
1.1101324763002507,3188,946,2242,0.10662614636572446,0.011803749409703324,1.1141071126788414e-8,0.0999769306844203,0.013318787712469176,2.250628716478667e-7,45925.68971089411,FALSE,
1.115204875216295,3188,946,2242,0.10662614636572446,0.011803749409703324,1.1141071126788414e-8,0.0999769306844203,0.013318787712469176,2.250628716478667e-7,45925.68971089411,FALSE,
1.1202772741323395,3188,946,2242,0.10662614636572446,0.011803749409703324,1.1141071126788414e-8,0.0999769306844203,0.013318787712469176,2.250628716478667e-7,45925.68971089411,FALSE,
1.125349673048384,3188,946,2242,0.10662614636572446,0.011803749409703324,1.1141071126788414e-8,0.0999769306844203,0.013318787712469176,2.250628716478667e-7,45925.68971089411,FALSE,
1.1304220719644285,3188,946,2242,0.10662614636572446,0.011803749409703324,1.1141071126788414e-8,0.0999769306844203,0.013318787712469176,2.250628716478667e-7,45925.68971089411,FALSE,
1.5666483787442487,3188,1858,1330,0.10654678795334656,0.010428345016531788,1.3284929056813301e-9,0.09584540538515805,0.01159499291182541,4.854321634710028e-8,45932.04731988504,FALSE,
1.571720777660293,3188,1858,1330,0.10654678795334656,0.010428345016531788,1.3284929056813301e-9,0.09584540538515805,0.01159499291182541,4.854321634710028e-8,45932.04731988504,FALSE,
1.2318700502853168,3188,1117,2071,0.10706666254402199,0.0125557763284943,2.9159315814159818e-8,0.09904998477891006,0.013580466328503153,3.507785064624504e-7,45937.27483789159,FALSE,
1.2369424492013612,3188,1117,2071,0.10706666254402199,0.0125557763284943,2.9159315814159818e-8,0.09904998477891006,0.013580466328503153,3.507785064624504e-7,45937.27483789159,FALSE,
1.7188203462255816,3188,2251,937,0.10441811989359952,0.011615754235594009,1.2095109233741573e-8,0.09789287190643893,0.011078906240967804,1.6149075000913262e-8,45941.600531901364,FALSE,
1.7086755483934928,3188,2167,1021,0.10412942165535864,0.011687320611436767,1.405129931944654e-8,0.09883618168019404,0.011588534748661328,2.907445231500517e-8,45943.84361750927,FALSE,
1.318100831858072,3188,1418,1770,0.10488553459467535,0.010761534378902688,3.0324284890359596e-9,0.1003370121329819,0.014120403695652359,5.214145490521429e-7,45944.79101896904,FALSE,
1.3231732307741164,3188,1418,1770,0.10488553459467535,0.010761534378902688,3.0324284890359596e-9,0.1003370121329819,0.014120403695652359,5.214145490521429e-7,45944.79101896904,FALSE,
1.3282456296901608,3188,1424,1764,0.10467234102710114,0.0108267873354964,3.4883913720408716e-9,0.10061195708385405,0.014183685503843628,5.352418193077793e-7,45946.30930119083,FALSE,
1.723892745141626,3188,2284,904,0.10401909488265217,0.011755129892624063,1.576067941053202e-8,0.09930020814847017,0.011313885797187477,1.806708547686595e-8,45946.633676696554,FALSE,
1.2470872470334502,3188,1133,2055,0.10654528025060227,0.01291069591441406,4.986315745272887e-8,0.09952471004624112,0.014382799513803704,7.759810268035504e-7,45949.11401960685,FALSE,
1.2521596459494946,3188,1133,2055,0.10654528025060227,0.01291069591441406,4.986315745272887e-8,0.09952471004624112,0.014382799513803704,7.759810268035504e-7,45949.11401960685,FALSE,
1.2420148481174058,3188,1128,2060,0.10667311017517672,0.012816795328041735,4.3415785053474974e-8,0.09946332575850854,0.01400880629844787,5.27833978446643e-7,45952.50875490246,FALSE,
1.7289651440576703,3188,2306,882,0.10397367522064506,0.01178988253768003,1.668042012686214e-8,0.09939296292313889,0.01128403990479147,1.7019645756470913e-8,45954.783698759864,FALSE,
1.5767931765763377,3188,1879,1309,0.10595818154012879,0.010725011859054704,2.3944568283125894e-9,0.09697391842711718,0.012104527995847176,8.049743233800506e-8,45957.20363619608,FALSE,
1.7543271386378925,3188,2445,743,0.10368730349531496,0.012078720184223114,2.612013671757313e-8,0.09998442773781713,0.011260386473652505,1.4878025802811115e-8,45959.13503018157,FALSE,
1.51085199066776,3188,1717,1471,0.10417862319789438,0.011678889111375667,1.3772264541568015e-8,0.1007648302989144,0.014267900719749942,5.719216236527263e-7,45963.332288961275,FALSE,
1.7137479473095372,3188,2213,975,0.10397505668073799,0.01170413689172388,1.4757445060482443e-8,0.09980931383035038,0.011557698546603056,2.3659036025081528e-8,45963.46338757335,FALSE,
1.5970827722405154,3188,1919,1269,0.10585743063973929,0.010691514982986147,2.305221409289128e-9,0.09695591648304037,0.012720282333910244,1.7728798706710817e-7,45964.590270843946,FALSE,
1.7695443353860258,3188,2499,689,0.10375518444030313,0.012075008647881127,2.5707801460060586e-8,0.09993742382301041,0.011415750761129634,1.8857592864808124e-8,45966.17120472089,FALSE,
1.4550556025912713,3188,1578,1610,0.10639839292591899,0.009463098149218589,2.3961711665022286e-10,0.09787409698990607,0.015789667369340538,3.7785153749422144e-6,45968.511734168416,FALSE,
1.4449108047591825,3188,1575,1613,0.10636376707504337,0.00948939178210144,2.5347023721891697e-10,0.09800652304563168,0.015660258736755715,3.306299589745848e-6,45972.60609774868,FALSE,
1.449983203675227,3188,1575,1613,0.10636376707504337,0.00948939178210144,2.5347023721891697e-10,0.09800652304563168,0.015660258736755715,3.306299589745848e-6,45972.60609774868,FALSE,
1.4652004004233603,3188,1608,1580,0.10697009117380016,0.009251052186709137,1.4387110786778928e-10,0.09719201908443444,0.015558155917011485,3.390686354099052e-6,45973.445538471016,FALSE,
1.1405668697965172,3188,981,2207,0.10484867877387088,0.011170335985149845,5.803357284520717e-9,0.10164137677516405,0.012904786314697742,1.0563844302348555e-7,45973.569405908536,FALSE,
1.7036031494774482,3188,2060,1128,0.1083303599380181,0.010051279898924962,5.138040798464083e-10,0.09038698971272081,0.010092841752413293,1.2887273325989526e-8,45976.95387956289,FALSE,
1.7644719364699812,3188,2464,724,0.10360838820669312,0.01206002448264835,2.57819855628638e-8,0.10076174983255905,0.011298275371347033,1.3822189304564636e-8,45977.1396003952,FALSE,
1.7593995375539369,3188,2453,735,0.10358284155209917,0.012043884486078835,2.531996403740858e-8,0.10087812021504572,0.01161455317943621,2.1506936446883983e-8,45977.48332366825,FALSE,
1.1354944708804728,3188,969,2219,0.10483647575172364,0.011267721182340668,6.745587392174089e-9,0.10169280751256199,0.013042980921457503,1.2410094224864775e-7,45977.72238698678,FALSE,
1.257232044865539,3188,1146,2042,0.10525623326222744,0.012375444724207435,3.042998856478742e-8,0.100953625041488,0.013651644403953873,2.8372256172587386e-7,45978.01091087966,FALSE,
1.5159243895838044,3188,1727,1461,0.10405057847700362,0.011808600236622188,1.6918358383759154e-8,0.10115265793103399,0.014117454210773352,4.598586079736778e-7,45978.18511724302,FALSE,
1.460128001507316,3188,1605,1583,0.10687873432180409,0.009276347791257277,1.5360625416675653e-10,0.09737041625877535,0.015798804677146356,4.091347240739001e-6,45980.549462842806,FALSE,
1.2166528535371834,3188,1113,2075,0.10499709826386687,0.011873614996609702,1.59387082932556e-8,0.1013882639053784,0.013621502639356558,2.5659503762946566e-7,45984.73787062624,FALSE,
1.221725252453228,3188,1113,2075,0.10499709826386687,0.011873614996609702,1.59387082932556e-8,0.1013882639053784,0.013621502639356558,2.5659503762946566e-7,45984.73787062624,FALSE,
1.2267976513692724,3188,1113,2075,0.10499709826386687,0.011873614996609702,1.59387082932556e-8,0.1013882639053784,0.013621502639356558,2.5659503762946566e-7,45984.73787062624,FALSE,
1.7441823408058035,3188,2429,759,0.10354923427755017,0.012027030965118592,2.4872927693100826e-8,0.10132175153815438,0.011201924956230177,1.0898394995798486e-8,45986.283458326834,FALSE,
1.7492547397218479,3188,2429,759,0.10354923427755017,0.012027030965118592,2.4872927693100826e-8,0.10132175153815438,0.011201924956230177,1.0898394995798486e-8,45986.283458326834,FALSE,
1.150711667628606,3188,1027,2161,0.10430787756112599,0.011638465781915169,1.2724043736255379e-8,0.1020973744067035,0.012593592994964493,6.649800991171652e-8,45987.00773271646,FALSE,
1.2825940394457611,3188,1336,1852,0.10401432173250828,0.01103273139913476,5.3811580384036444e-09,0.10210764198178528,0.013653499672696141,2.384882870004429e-7,45988.93273097892,FALSE,
1.160856465460695,3188,1069,2119,0.10437739186799484,0.011645938988841635,1.271883890838796e-8,0.10202660773744648,0.012678530137216704,7.493209935696615e-8,45990.87585968609,FALSE,
1.1659288643767394,3188,1069,2119,0.10437739186799484,0.011645938988841635,1.271883890838796e-8,0.10202660773744648,0.012678530137216704,7.493209935696615e-8,45990.87585968609,FALSE,
1.1710012632927838,3188,1069,2119,0.10437739186799484,0.011645938988841635,1.271883890838796e-8,0.10202660773744648,0.012678530137216704,7.493209935696615e-8,45990.87585968609,FALSE,
1.0391188914756289,3188,793,2395,0.10478728270317618,0.011738417409791677,1.3601760913556468e-8,0.10240408107227625,0.01157789033279548,1.588135400299467e-8,45992.0215343868,FALSE,
1.0441912903916732,3188,793,2395,0.10478728270317618,0.011738417409791677,1.3601760913556468e-8,0.10240408107227625,0.01157789033279548,1.588135400299467e-8,45992.0215343868,FALSE,
1.0492636893077176,3188,793,2395,0.10478728270317618,0.011738417409791677,1.3601760913556468e-8,0.10240408107227625,0.01157789033279548,1.588135400299467e-8,45992.0215343868,FALSE,
1.4702727993394047,3188,1614,1574,0.10644678317883322,0.009634537603816969,3.2887442906645085e-10,0.09821706928921026,0.014713335345497444,1.3168534704085405e-6,45993.58847153604,FALSE,
1.2876664383618055,3188,1347,1841,0.1039158544100335,0.011150605422354295,6.560593777646195e-9,0.10229678947155878,0.01360385511808547,2.1898388214506942e-7,45997.64308307451,FALSE,
1.5057795917517156,3188,1697,1491,0.10369282066643246,0.011798039810416841,1.7654752632555968e-8,0.10226470117979714,0.014600418170632018,6.474153465958836e-7,45998.94592635925,FALSE,
1.3130284329420276,3188,1404,1784,0.10383447186207993,0.011087800031771736,6.036875110963348e-9,0.1023770256268289,0.014206085554558046,4.212629017496552e-7,46002.05666911394,FALSE,
1.2065080557050947,3188,1103,2085,0.10442461543739201,0.01205077856361304,2.2351348361822658e-8,0.10205221677023309,0.013285285572594356,1.5694147120910733e-7,46002.10204741771,FALSE,
1.211580454621139,3188,1103,2085,0.10442461543739201,0.01205077856361304,2.2351348361822658e-8,0.10205221677023309,0.013285285572594356,1.5694147120910733e-7,46002.10204741771,FALSE,
1.739109941889759,3188,2382,806,0.1035469993481021,0.012095742881747217,2.7340594227114262e-8,0.1018215279086001,0.01071783222867865,4.7183274795441814e-9,46002.141467777714,FALSE,
1.1760736622088281,3188,1085,2103,0.10429037578688687,0.011774810124905222,1.5516577813950544e-8,0.10218420479051518,0.012917696319137984,9.860263879816098e-8,46002.635168314926,FALSE,
1.1811460611248725,3188,1085,2103,0.10429037578688687,0.011774810124905222,1.5516577813950544e-8,0.10218420479051518,0.012917696319137984,9.860263879816098e-8,46002.635168314926,FALSE,
1.1912908589569615,3188,1098,2090,0.1044996392932692,0.01201185903889577,2.093011108421686e-8,0.10199861310173036,0.013096519601944129,1.2626868226137093e-7,46002.71452298512,FALSE,
1.196363257873006,3188,1098,2090,0.1044996392932692,0.01201185903889577,2.093011108421686e-8,0.10199861310173036,0.013096519601944129,1.2626868226137093e-7,46002.71452298512,FALSE,
1.2014356567890503,3188,1098,2090,0.1044996392932692,0.01201185903889577,2.093011108421686e-8,0.10199861310173036,0.013096519601944129,1.2626868226137093e-7,46002.71452298512,FALSE,
1.4753451982554493,3188,1625,1563,0.10524755689546236,0.01032626951557308,1.3866925018771233e-9,0.10010730410256274,0.014262199026009847,6.272194412801682e-7,46003.72599869166,FALSE,
0.9681053066510068,3188,355,2833,0.10065827197719902,0.011251565276188043,1.3116923334724494e-8,0.10380351080217326,0.012144258391784058,2.8039720511874856e-8,46004.219489101604,FALSE,
1.581865575492382,3188,1896,1292,0.10548634717091292,0.01078392098846131,2.846923040716615e-9,0.09841361584225229,0.012545558164959381,1.1264629710141213e-7,46004.34701089735,FALSE,
1.5869379744084264,3188,1896,1292,0.10548634717091292,0.01078392098846131,2.846923040716615e-9,0.09841361584225229,0.012545558164959381,1.1264629710141213e-7,46004.34701089735,FALSE,
1.592010373324471,3188,1896,1292,0.10548634717091292,0.01078392098846131,2.846923040716615e-9,0.09841361584225229,0.012545558164959381,1.1264629710141213e-7,46004.34701089735,FALSE,
1.8050511277983365,3188,2566,622,0.10351929061701749,0.012288088888235323,3.5607392310097314e-8,0.10154563855223615,0.009629258940503094,7.582470911263416e-10,46004.384749822544,FALSE,
1.1557840665446504,3188,1036,2152,0.10392659834292162,0.011721045049002052,1.523767259018052e-8,0.10257882536047461,0.012745134129200794,7.474158359268123e-8,46004.86480223953,FALSE,
0.957960508818918,3188,353,2835,0.10029436819051578,0.011295181846471209,1.4875583702463748e-8,0.10391472169838252,0.012167725772233334,2.8440513744208316e-8,46005.057694695155,FALSE,
0.9630329077349624,3188,353,2835,0.10029436819051578,0.011295181846471209,1.4875583702463748e-8,0.10391472169838252,0.012167725772233334,2.8440513744208316e-8,46005.057694695155,FALSE,
0.9731777055670513,3188,413,2775,0.10537664546155932,0.012256539754178767,2.5460040149471167e-8,0.10285468938507814,0.011608298017795081,1.541797762890377e-8,46007.36769718793,FALSE,
0.9782501044830957,3188,413,2775,0.10537664546155932,0.012256539754178767,2.5460040149471167e-8,0.10285468938507814,0.011608298017795081,1.541797762890377e-8,46007.36769718793,FALSE,
0.9833225033991401,3188,413,2775,0.10537664546155932,0.012256539754178767,2.5460040149471167e-8,0.10285468938507814,0.011608298017795081,1.541797762890377e-8,46007.36769718793,FALSE,
0.9478157109868292,3188,347,2841,0.10060900584593356,0.011177701984329685,1.1836933655217534e-8,0.10383412690873066,0.012169771910068988,2.8887036254236248e-8,46007.50900173152,FALSE,
0.9528881099028735,3188,347,2841,0.10060900584593356,0.011177701984329685,1.1836933655217534e-8,0.10383412690873066,0.012169771910068988,2.8887036254236248e-8,46007.50900173152,FALSE,
1.7340375429737147,3188,2376,812,0.1034637732958078,0.01207386286137219,2.6889622781034562e-8,0.10233131057274068,0.010827494093727234,5.158222277030806e-9,46010.54498011264,FALSE,
1.6021551711565598,3188,1932,1256,0.10608574322243779,0.010621058829062753,1.9777326930322722e-9,0.09682156722353646,0.012634830574344662,1.6301122996150083e-7,46012.131696963945,FALSE,
1.652879160317004,3188,1981,1207,0.10676887863647434,0.010361995120782997,1.1440514410255784e-9,0.09415008841502524,0.013074582665116746,4.2623577604058385e-7,46013.23073029408,FALSE,
1.0239016947274955,3188,684,2504,0.10387252844551113,0.011406536290324036,9.720376212898809e-9,0.10300544494185786,0.011991415614688897,2.5838036370981678e-8,46013.48649316424,FALSE,
1.1862184600409171,3188,1091,2097,0.10389271004566436,0.012010999587418686,2.3029385700242142e-8,0.10265579046310727,0.013022010345518292,1.0415560573274873e-7,46013.99246670954,FALSE,
1.784761532134159,3188,2526,662,0.10337902803661067,0.012122160826241474,2.911316057191766e-8,0.10268441873740367,0.010232259673759176,1.8212275437083342e-9,46014.18174624726,FALSE,
1.4804175971714937,3188,1648,1540,0.10362245979668744,0.011397027598516622,9.983330314818536e-9,0.10267714000518116,0.01463558273447468,6.319017080215204e-7,46016.56589069936,FALSE,
1.6985307505614038,3188,2033,1155,0.10836235283315551,0.00965022334936612,2.452927766621066e-10,0.09055791282328979,0.011279204865978304,7.774652096723557e-8,46017.25452796736,FALSE,
1.4905623950035825,3188,1659,1529,0.10366885860175157,0.011419506208488514,1.0243924802170591e-8,0.10261102416873538,0.014576047606356947,6.001969087493466e-7,46017.426607924164,FALSE,
1.3079560340259833,3188,1398,1790,0.10355240343161039,0.011216026994111712,7.695349772536043e-9,0.10291167532767714,0.014059371373764144,3.320057742066341e-7,46017.464674347524,FALSE,
1.9014267072031807,3188,2757,431,0.10342132917836418,0.01186534465878733,2.027872594544421e-8,0.10214453899884357,0.01172882608058334,2.0567642239365338e-8,46017.887620607326,FALSE,
1.2775216405297167,3188,1300,1888,0.10346963291946416,0.011494477867721765,1.1818872804282483e-8,0.10306854913239041,0.013294192096756013,1.356777247793306e-7,46019.147296360796,FALSE,
1.0644808860558508,3188,861,2327,0.1037181431738044,0.011413679144619868,1.0074486559372799e-8,0.10302143823713063,0.01208360413606214,2.9247573041777423e-8,46019.52180847419,FALSE,
1.485489996087538,3188,1653,1535,0.10355904951701451,0.011419531146926166,1.0429592018058065e-8,0.10282332599727137,0.014616910409301666,6.068337569640698e-7,46020.05554303377,FALSE,
1.2927388372778499,3188,1372,1816,0.10343631817524573,0.011197799359827938,7.629485925340342e-9,0.10312857013365823,0.014224138356612636,3.8420726532974236e-7,46022.75210548304,FALSE,
1.0289740936435399,3188,691,2497,0.10346424014499957,0.011691617186259893,1.574242683923188e-8,0.10323681250750986,0.011970266258042359,2.4178463111067872e-8,46024.286352095536,FALSE,
1.5007071928356712,3188,1690,1498,0.10335524616859834,0.011773589035219358,1.800795350973176e-8,0.10322296003409229,0.014370064329823871,4.4257413455587393e-7,46025.006207746614,FALSE,
1.0340464925595843,3188,692,2496,0.10343199466875373,0.011704716492045521,1.6124309851093946e-8,0.10325582290342443,0.011972533962391924,2.4180587086093786e-8,46025.08070093006,FALSE,
1.1456392687125616,3188,1001,2187,0.10338429244049108,0.011843243517557963,1.9776451998337952e-8,0.10324395345749546,0.013128154802102556,1.0821868732684398e-7,46025.18688089246,FALSE,
1.6122999689886486,3188,1943,1245,0.10629037226245555,0.01050775746050476,1.5841113623311162e-9,0.09626957753935392,0.012598136535999971,1.703571004001833e-7,46025.46841766112,FALSE,
1.617372367904693,3188,1943,1245,0.10629037226245555,0.01050775746050476,1.5841113623311162e-9,0.09626957753935392,0.012598136535999971,1.703571004001833e-7,46025.46841766112,FALSE,
1.9267887017834027,3188,2819,369,0.10332719145872626,0.011867929863456667,2.0663175977307793e-8,0.10318482711104533,0.01191147201356158,2.2469053407668852e-8,46026.0642266965,FALSE,
0.9883949023151846,3188,464,2724,0.10272027818850635,0.011745571100662272,1.9180023780854195e-8,0.10348166043103298,0.011945763008152633,2.2469836890148578e-8,46027.03179213738,FALSE,
0.993467301231229,3188,464,2724,0.10272027818850635,0.011745571100662272,1.9180023780854195e-8,0.10348166043103298,0.011945763008152633,2.2469836890148578e-8,46027.03179213738,FALSE,
0.9985397001472733,3188,464,2724,0.10272027818850635,0.011745571100662272,1.9180023780854195e-8,0.10348166043103298,0.011945763008152633,2.2469836890148578e-8,46027.03179213738,FALSE,
1.2623044437815834,3188,1191,1997,0.10333645003770953,0.011821010984854363,1.9315300871917525e-8,0.10329940790716144,0.013318420582821294,1.3478804106580987e-7,46027.16510987535,FALSE,
1.4956347939196268,3188,1669,1519,0.1033226437508705,0.011609200493277657,1.4306358297540644e-8,0.10331524359853436,0.014645850640629988,5.81889706629032e-7,46027.51253801788,FALSE,
1.6478067614009595,3188,1969,1219,0.10720986689279248,0.010143389240848307,7.282753158107901e-10,0.09355909495003667,0.012809034006368437,3.4307340720958966e-7,46029.2266090459,FALSE,
1.9115715050352695,3188,2792,396,0.10330179142872171,0.011893430309800335,2.1501795070796573e-8,0.10357137621110808,0.011732181934669874,1.6395643122241206e-8,46029.43635976278,FALSE,
1.054336088223762,3188,856,2332,0.10313919720544784,0.011908940737793867,2.2554938600108542e-8,0.10345206402332728,0.012017698425729903,2.493998452155434e-8,46030.29367948444,FALSE,
1.0594084871398064,3188,856,2332,0.10313919720544784,0.011908940737793867,2.2554938600108542e-8,0.10345206402332728,0.012017698425729903,2.493998452155434e-8,46030.29367948444,FALSE,
1.2978112361938943,3188,1388,1800,0.10322843679237459,0.011256271117149245,8.626205954740854e-9,0.10346731885211696,0.014189945524119512,3.522312107686164e-7,46030.712773303276,FALSE,
1.6579515592330485,3188,1988,1200,0.10685303254998114,0.01035226488869226,1.1096301025428223e-9,0.094209635302737,0.013191022771517326,4.829390668936381e-7,46031.661009450574,FALSE,
1.6630239581490929,3188,1988,1200,0.10685303254998114,0.01035226488869226,1.1096301025428223e-9,0.094209635302737,0.013191022771517326,4.829390668936381e-7,46031.661009450574,FALSE,
1.6680963570651373,3188,1988,1200,0.10685303254998114,0.01035226488869226,1.1096301025428223e-9,0.094209635302737,0.013191022771517326,4.829390668936381e-7,46031.661009450574,FALSE,
1.6731687559811816,3188,1988,1200,0.10685303254998114,0.01035226488869226,1.1096301025428223e-9,0.094209635302737,0.013191022771517326,4.829390668936381e-7,46031.661009450574,FALSE,
1.678241154897226,3188,1988,1200,0.10685303254998114,0.01035226488869226,1.1096301025428223e-9,0.094209635302737,0.013191022771517326,4.829390668936381e-7,46031.661009450574,FALSE,
1.6833135538132704,3188,1988,1200,0.10685303254998114,0.01035226488869226,1.1096301025428223e-9,0.094209635302737,0.013191022771517326,4.829390668936381e-7,46031.661009450574,FALSE,
1.916643903951314,3188,2808,380,0.10325505682852526,0.01189413308298308,2.1685401764950747e-8,0.10432353815022516,0.0119344325933346,1.932893303307747e-8,46035.64315092171,FALSE,
1.9217163028673583,3188,2808,380,0.10325505682852526,0.01189413308298308,2.1685401764950747e-8,0.10432353815022516,0.0119344325933346,1.932893303307747e-8,46035.64315092171,FALSE,
1.6072275700726042,3188,1940,1248,0.10631739335992334,0.010504451100349187,1.568348464270644e-9,0.09643693820217716,0.01252236496149533,1.5078096983891686e-7,46035.756823413925,FALSE,
1.9064991061192251,3188,2786,402,0.10316350930873056,0.011943987378810169,2.3589519328344583e-8,0.10509458399034718,0.011732421984871465,1.2837331313608525e-8,46036.47011123639,FALSE,
1.9572230952796692,3188,2870,318,0.10322754903648433,0.01189945598044574,2.1944156769694562e-8,0.10464412190501521,0.011773899974569856,1.4641201313991892e-8,46036.78572582179,FALSE,
1.8963543082871364,3188,2737,451,0.10298674943122609,0.01196829221514805,2.5100914995981927e-8,0.10637589678967403,0.011688646533294727,9.822460284241448e-9,46037.307226352175,FALSE,
1.952150696363625,3188,2847,341,0.10322503451562551,0.01188867952214652,2.16250079050493e-8,0.10475162230726906,0.01185890486283874,1.6235197915835666e-8,46038.7807624471,FALSE,
1.0137568968954067,3188,611,2577,0.10289542907922751,0.011772875056065816,1.9378679853421142e-8,0.10355608739335827,0.01202711118397028,2.4848425278624578e-8,46041.13194045114,FALSE,
1.018829295811451,3188,611,2577,0.10289542907922751,0.011772875056065816,1.9378679853421142e-8,0.10355608739335827,0.01202711118397028,2.4848425278624578e-8,46041.13194045114,FALSE,
1.7898339310502034,3188,2532,656,0.10320034395102484,0.012322796310849168,3.922621222768093e-8,0.1043803332412587,0.010074539626944505,1.0377999712587856e-9,46043.85021467884,FALSE,
1.9318611006994473,3188,2841,347,0.10317980257720769,0.011899347617746654,2.2110111860697895e-8,0.10563368024396387,0.011730925222224999,1.1751839740988542e-8,46045.293165927586,FALSE,
1.9369334996154917,3188,2841,347,0.10317980257720769,0.011899347617746654,2.2110111860697895e-8,0.10563368024396387,0.011730925222224999,1.1751839740988542e-8,46045.293165927586,FALSE,
1.942005898531536,3188,2841,347,0.10317980257720769,0.011899347617746654,2.2110111860697895e-8,0.10563368024396387,0.011730925222224999,1.1751839740988542e-8,46045.293165927586,FALSE,
1.9470782974475807,3188,2841,347,0.10317980257720769,0.011899347617746654,2.2110111860697895e-8,0.10563368024396387,0.011730925222224999,1.1751839740988542e-8,46045.293165927586,FALSE,
1.7999787288822922,3188,2545,643,0.10316877819205203,0.012295840021757438,3.803464191854817e-8,0.10464732141479498,0.0101165310672824,1.0677136730929642e-9,46045.56578301195,FALSE,
1.3028836351099389,3188,1396,1792,0.10269805004951839,0.0114559992890746,1.2670964780233762e-8,0.10435946577779252,0.014493035062774834,4.2654014383473874e-7,46050.00235556261,FALSE,
1.6376619635688707,3188,1963,1225,0.10696359979626081,0.010308566918120547,1.010882413772088e-9,0.09473505890349097,0.01286005207058616,3.010249630279594e-7,46053.82544509276,FALSE,
1.6427343624849151,3188,1963,1225,0.10696359979626081,0.010308566918120547,1.010882413772088e-9,0.09473505890349097,0.01286005207058616,3.010249630279594e-7,46053.82544509276,FALSE,
1.6224447668207373,3188,1959,1229,0.10688367151826052,0.010339286546507245,1.0797791856058785e-9,0.09504695511969258,0.012707724276496642,2.3801040819539893e-7,46054.5431337821,FALSE,
1.6275171657367817,3188,1959,1229,0.10688367151826052,0.010339286546507245,1.0797791856058785e-9,0.09504695511969258,0.012707724276496642,2.3801040819539893e-7,46054.5431337821,FALSE,
1.6325895646528261,3188,1959,1229,0.10688367151826052,0.010339286546507245,1.0797791856058785e-9,0.09504695511969258,0.012707724276496642,2.3801040819539893e-7,46054.5431337821,FALSE,
1.8862095104550476,3188,2685,503,0.10302413126832177,0.012105155361098135,3.010659662850561e-8,0.10601748143189159,0.011687075889422426,1.0376186154887114e-8,46056.70822532508,FALSE,
1.891281909371092,3188,2685,503,0.10302413126832177,0.012105155361098135,3.010659662850561e-8,0.10601748143189159,0.011687075889422426,1.0376186154887114e-8,46056.70822532508,FALSE,
1.2724492416136721,3188,1232,1956,0.10261830078615178,0.011905746081650627,2.4421922751070593e-8,0.10444512933785598,0.0133758953590962,1.2118436164475586e-7,46060.283754864344,FALSE,
1.8709923137069142,3188,2670,518,0.10297002197309289,0.01207128816945972,2.8997517838650124e-8,0.10673435664802729,0.013294273331070227,7.777034648422152e-8,46068.52202456259,FALSE,
1.7746167343020702,3188,2514,674,0.10308090547622539,0.012083856777299633,2.898048513938e-8,0.1056826154122061,0.011237685000298045,5.616378950715415e-9,46074.055646652174,FALSE,
1.7796891332181146,3188,2514,674,0.10308090547622539,0.012083856777299633,2.898048513938e-8,0.1056826154122061,0.011237685000298045,5.616378950715415e-9,46074.055646652174,FALSE,
1.7949063299662478,3188,2540,648,0.1028744954148812,0.012476780571383489,5.0576380324147556e-8,0.10720538879857575,0.009669184157392971,3.086657536694233e-10,46079.43884595306,FALSE,
1.82026832454647,3188,2633,555,0.1031105630176218,0.012023227209929802,2.6543825193529025e-8,0.1062676556053147,0.011934910432290518,1.4202359802244878e-8,46080.00927497391,FALSE,
1.8253407234625143,3188,2633,555,0.1031105630176218,0.012023227209929802,2.6543825193529025e-8,0.1062676556053147,0.011934910432290518,1.4202359802244878e-8,46080.00927497391,FALSE,
1.8659199147908696,3188,2667,521,0.10287075178424473,0.012087682459232377,3.01291378330053e-8,0.10773795601342948,0.013547897915728012,9.061376475997561e-8,46080.78586390431,FALSE,
1.830413122378559,3188,2643,545,0.10296210921588365,0.012100857592453426,3.022944580301841e-8,0.10718187753615556,0.012486000998140566,2.6126767811101705e-8,46081.470482322955,FALSE,
1.8354855212946033,3188,2643,545,0.10296210921588365,0.012100857592453426,3.022944580301841e-8,0.10718187753615556,0.012486000998140566,2.6126767811101705e-8,46081.470482322955,FALSE,
1.0036120990633177,3188,534,2654,0.10143399153755038,0.011586192589450678,1.884376722679793e-8,0.10445585039674841,0.01262308881877164,4.770218834266209e-8,46089.60350755385,FALSE,
1.2673768426976277,3188,1208,1980,0.10162812616737434,0.012257101092965338,4.6189861210764565e-8,0.10583141767774994,0.013908674139634859,1.8213740052024987e-7,46089.65704832085,FALSE,
1.8557751169587808,3188,2660,528,0.10291694364798007,0.012103389064544456,3.0553903022215235e-8,0.10802570067938058,0.01296469601093044,4.262456951224183e-8,46095.120599766844,FALSE,
1.8608475158748252,3188,2660,528,0.10291694364798007,0.012103389064544456,3.0553903022215235e-8,0.10802570067938058,0.01296469601093044,4.262456951224183e-8,46095.120599766844,FALSE,
1.0086844979793623,3188,550,2638,0.10079834385316146,0.011962180555830803,3.5464928170328046e-8,0.10483964922659593,0.012596907487222794,4.343845419767274e-8,46095.26697210311,FALSE,
1.8151959256304255,3188,2613,575,0.10297085057760924,0.0120661236928756,2.8789692565632915e-8,0.10764764694194659,0.011081938678876474,3.213616600648409e-9,46096.11940482672,FALSE,
1.881137111539003,3188,2682,506,0.10262187002532076,0.01215795632403392,3.449144940435342e-8,0.10974679711060634,0.011920132002008836,8.069102696173595e-9,46097.12810184186,FALSE,
1.8405579202106477,3188,2651,537,0.10273633198924816,0.012165719300954272,3.4222594633161646e-8,0.1098104132440359,0.01446618010308101,1.8908200807327852e-7,46119.11394379669,FALSE,
1.845630319126692,3188,2651,537,0.10273633198924816,0.012165719300954272,3.4222594633161646e-8,0.1098104132440359,0.01446618010308101,1.8908200807327852e-7,46119.11394379669,FALSE,
1.8507027180427364,3188,2651,537,0.10273633198924816,0.012165719300954272,3.4222594633161646e-8,0.1098104132440359,0.01446618010308101,1.8908200807327852e-7,46119.11394379669,FALSE,
1.8760647126229586,3188,2673,515,0.10255108081979546,0.012195465782513988,3.669286647992367e-8,0.11114902515078083,0.012639587731941014,1.7496620655686066e-8,46125.09928536614,FALSE,
1.810123526714381,3188,2587,601,0.10280139431182377,0.012117468846745423,3.1725950212143034e-8,0.10958541058322338,0.01115502909861222,2.6422754454035363e-9,46127.24308889064,FALSE,
