b,gamma_boot,beta_low_boot,beta_high_boot,beta_diff_boot,N_boot,N_low_boot,N_high_boot,warning_flag,failed_flag,warning_note
1,1.0380060250036154,0.12070954725817962,0.07207162312845955,-0.04863792412972007,3713,1465,2248,FALSE,FALSE,
2,1.503995577222697,0.1185037264307875,0.0983165305150338,-0.0201871959157537,3151,1981,1170,FALSE,FALSE,
3,1.0380060250036154,0.12041550966128803,0.09969448936368061,-0.020721020297607418,5136,2721,2415,FALSE,FALSE,
4,1.0380060250036154,0.12082849665012244,0.08367757516160126,-0.03715092148852117,3059,672,2387,TRUE,FALSE,S_cluster unavailable; used robust S
5,1.032312925170068,0.11952793310754989,0.08785467207061501,-0.03167326103693488,4164,1230,2934,FALSE,FALSE,
6,1.0380060250036154,0.11863062901793413,0.09418938268442115,-0.02444124633351298,4182,1498,2684,FALSE,FALSE,
7,1.0380060250036154,0.123657689152846,0.09261558095847833,-0.031042108194367674,2993,881,2112,FALSE,FALSE,
8,1.8392880171046944,0.0808675642782258,0.06414889954084253,-0.016718664737383274,2361,1890,471,FALSE,FALSE,
9,1.8184885514610207,0.10600027145214347,0.055780974913403114,-0.050219296538740354,3360,2959,401,FALSE,FALSE,
10,1.1372159625595029,0.12054894562310453,0.08977076152535612,-0.030778184097748407,3351,928,2423,FALSE,FALSE,
11,1.503995577222697,0.10481135305417262,0.09412557574108318,-0.010685777313089437,2098,574,1524,FALSE,FALSE,
12,1.0380060250036154,0.12322988718032604,0.08620085027759183,-0.03702903690273421,3372,881,2491,FALSE,FALSE,
13,1.0380060250036154,0.1202320083376208,0.09234804511576711,-0.027883963221853686,4684,2049,2635,FALSE,FALSE,
14,1.503995577222697,0.11559014311466592,0.08330328942217521,-0.03228685369249071,3193,2071,1122,FALSE,FALSE,
15,1.0380060250036154,0.1169866506230347,0.09278726785043585,-0.02419938277259885,3272,705,2567,FALSE,FALSE,
16,1.506024096385542,0.12013778244247382,0.07044360080153479,-0.04969418164093903,3117,2005,1112,FALSE,FALSE,
17,1.0380060250036154,0.11926659181782963,0.08246533405585087,-0.03680125776197876,3117,793,2324,FALSE,FALSE,
18,1.7106890804719728,0.06908401617050638,0.07294461680471451,0.0038606006342081223,2456,1110,1346,FALSE,FALSE,
19,1.4844006568144499,0.12933494255044484,0.10317686259037559,-0.026158079960069247,2152,528,1624,FALSE,FALSE,
20,1.032312925170068,0.1215991749471839,0.08105322123246275,-0.04054595371472115,3187,659,2528,FALSE,FALSE,
21,1.506024096385542,0.11161348910499022,0.07427337694420129,-0.03734011216078893,3263,2116,1147,FALSE,FALSE,
22,1.1553645172795055,0.10400729424529448,0.08987570835470586,-0.014131585890588619,2308,277,2031,FALSE,FALSE,
23,1.5482223542238862,0.06877345823599246,0.08389532985202436,0.015121871616031901,2177,754,1423,FALSE,FALSE,
24,1.506024096385542,0.11560311087824152,0.062366031780618135,-0.05323707909762338,4303,2302,2001,FALSE,FALSE,
25,1.0380060250036154,0.11970334204733274,0.061796306117361824,-0.057907035929970915,2942,793,2149,FALSE,FALSE,
26,1.0650428339903726,0.11435869170370158,0.08258544646974933,-0.03177324523395225,3310,814,2496,FALSE,FALSE,
27,1.8612856339084771,0.1251925586667445,0.09093178843682938,-0.034260770229915125,2588,2048,540,FALSE,FALSE,
28,1.714084183586253,0.08390231248797715,0.09311187628624999,0.00920956379827284,2623,1529,1094,FALSE,FALSE,
29,1.020533066128087,0.11485047594791703,0.08505264530294912,-0.02979783064496791,3794,1168,2626,FALSE,FALSE,
30,1.506024096385542,0.11931466338301265,0.08155187435054774,-0.03776278903246491,3300,1232,2068,FALSE,FALSE,
31,1.0380060250036154,0.11237535898936969,0.08121014868000653,-0.03116521030936316,3087,738,2349,FALSE,FALSE,
32,1.503995577222697,0.11187216198975324,0.08520100483953469,-0.026671157150218547,2571,858,1713,FALSE,FALSE,
33,1.0380060250036154,0.12143623671939405,0.07300920929350926,-0.04842702742588478,3325,793,2532,FALSE,FALSE,
34,1.503995577222697,0.10434276324176428,0.08710387081225614,-0.017238892429508143,2569,1020,1549,FALSE,FALSE,
35,1.8079931039396437,0.09762508871420414,0.0814231074509254,-0.016201981263278736,2793,1916,877,FALSE,FALSE,
36,1.0380060250036154,0.12279682462734806,0.08657457838341276,-0.0362222462439353,5243,2864,2379,FALSE,FALSE,
37,1.0380060250036154,0.11595247746592859,0.10090065914981085,-0.015051818316117738,3803,1531,2272,FALSE,FALSE,
38,1.506024096385542,0.11139890740214962,0.07817355665924491,-0.03322535074290471,3311,1732,1579,FALSE,FALSE,
39,1.1372159625595029,0.12154729599689683,0.08729074438870878,-0.03425655160818805,3783,1829,1954,FALSE,FALSE,
40,1.6546977178108841,0.12813641963350095,0.08790332487643307,-0.04023309475706788,3419,2162,1257,FALSE,FALSE,
41,1.503995577222697,0.13431911569674426,0.12092385041902315,-0.013395265277721113,2666,1262,1404,FALSE,FALSE,
42,1.0380060250036154,0.12316764842144823,0.10909254318314754,-0.01407510523830069,3702,1432,2270,FALSE,FALSE,
43,1.8392880171046944,0.1107985390963979,0.09245230444268963,-0.01834623465370827,2381,1858,523,FALSE,FALSE,
44,1.503995577222697,0.12998967243864815,0.09961397194309807,-0.03037570049555008,2390,1482,908,FALSE,FALSE,
45,1.506024096385542,0.11021110635000829,0.0774581705670346,-0.03275293578297368,2407,1243,1164,FALSE,FALSE,
46,1.702127659574468,0.11032869392054366,0.06569338145794922,-0.044635312462594445,3434,2073,1361,FALSE,FALSE,
47,1.1372159625595029,0.12388790390823134,0.10278703998960353,-0.02110086391862781,2981,1016,1965,FALSE,FALSE,
48,1.5240735280602395,0.11608152743256192,0.08328739496355474,-0.032794132469007184,4201,2223,1978,FALSE,FALSE,
49,1.506024096385542,0.12444464723033939,0.05964330883955117,-0.06480133839078822,2439,646,1793,FALSE,FALSE,
50,1.9313481439033608,0.09155472428693939,0.06790319779532822,-0.023651526491611174,2210,1960,250,FALSE,FALSE,
51,1.506024096385542,0.1160847018830913,0.07131863344643694,-0.04476606843665437,3310,1704,1606,FALSE,FALSE,
52,1.475591263726857,0.10462736369167835,0.05800247605844455,-0.0466248876332338,3393,1765,1628,FALSE,FALSE,
53,1.0380060250036154,0.1220501139389395,0.09211992693350929,-0.02993018700543021,3112,672,2440,TRUE,FALSE,S_cluster unavailable; used robust S
54,1.6182262922756814,0.07837963895501023,0.11098411255425567,0.03260447359924544,2045,1239,806,FALSE,FALSE,
55,1.1372159625595029,0.12067685255533228,0.08331810611666562,-0.03735874643866666,3210,928,2282,FALSE,FALSE,
56,1.506024096385542,0.11903595573987168,0.09582224958531985,-0.02321370615455183,2393,1079,1314,FALSE,FALSE,
57,1.0650428339903726,0.11735276797416168,0.08156259304943073,-0.03579017492473095,3256,902,2354,FALSE,FALSE,
58,1.0380060250036154,0.11990607684587473,0.08944212196479251,-0.030463954881082222,4624,2049,2575,FALSE,FALSE,
59,1.0380060250036154,0.12325368381890316,0.07415420253844651,-0.049099481280456644,3710,1432,2278,FALSE,FALSE,
60,1.506024096385542,0.1131548494906874,0.051360417526163625,-0.06179443196452377,3233,2225,1008,FALSE,FALSE,
61,1.0380060250036154,0.1178431300327147,0.08926112200131048,-0.02858200803140422,4150,1619,2531,FALSE,FALSE,
62,1.0380060250036154,0.12637528538725323,0.09029731690656893,-0.0360779684806843,4016,1608,2408,FALSE,FALSE,
63,1.0380060250036154,0.12138549429695597,0.0971106843832415,-0.024274809913714473,4102,1344,2758,TRUE,FALSE,S_cluster unavailable; used robust S
64,1.506024096385542,0.10351414052782698,0.068208730859650707,-0.035305409668176274,2481,1207,1274,FALSE,FALSE,
65,1.0380060250036154,0.12136722639009498,0.07746016797960527,-0.04390705841048971,3017,672,2345,TRUE,FALSE,S_cluster unavailable; used robust S
66,1.506024096385542,0.11604856819435425,0.06147686501283218,-0.05457170318152207,2342,609,1733,FALSE,FALSE,
67,1.0130020360098193,0.11090951786978924,0.07973249112254469,-0.031177026747244554,3361,785,2576,FALSE,FALSE,
68,1.0380060250036154,0.11855764703565473,0.08174712512974215,-0.03681052190591258,3817,1377,2440,FALSE,FALSE,
69,1.506024096385542,0.11891368877367646,0.08471305099479998,-0.03420063777887648,3030,1809,1221,FALSE,FALSE,
70,1.1372159625595029,0.12250587549001361,0.10059270927868588,-0.02191316621132773,3149,1149,2000,FALSE,FALSE,
71,1.0650428339903726,0.11446972444381043,0.09428541512675842,-0.020184309317052007,3468,1066,2402,FALSE,FALSE,
72,1.1372159625595029,0.1225679116779632,0.09577431508553415,-0.026793596592429053,4928,2579,2349,FALSE,FALSE,
73,1.1372159625595029,0.1221815546168394,0.09266775952223534,-0.029513795094604056,3847,1696,2151,FALSE,FALSE,
74,1.503995577222697,0.12324648431120727,0.09464922115723104,-0.028597263153976232,2391,1320,1071,FALSE,FALSE,
75,2.0695101745503472,0.10261767942228824,0.070525384332219,-0.03209229509006924,2698,2449,249,FALSE,FALSE,
76,1.506024096385542,0.11114698071543372,0.0666407072712805,-0.04450627344415321,2524,624,1900,FALSE,FALSE,
77,1.4958916250210248,0.11954661410121226,0.05648032159728833,-0.06306629250392393,3233,1333,1900,FALSE,FALSE,
78,1.8079931039396437,0.1135677853463934,0.07838516940338373,-0.03518261594300967,2601,2011,590,FALSE,FALSE,
79,1.874489589650293,0.09190440761676927,0.056815788322941596,-0.03508861929382767,2494,2008,486,FALSE,FALSE,
80,1.0380060250036154,0.12436527839976541,0.07131811664782871,-0.0530471617519367,3697,1520,2177,FALSE,FALSE,
81,1.1372159625595029,0.12362244784739097,0.08270104955793224,-0.04092139828945873,3274,1237,2037,FALSE,FALSE,
82,1.5095785440613028,0.11307977427044076,0.08132377650189805,-0.03175599776854271,2310,1000,1310,FALSE,FALSE,
83,1.7042314486291816,0.09872316347017779,0.09102123937159338,-0.007701924098584403,2413,1151,1262,FALSE,FALSE,
84,1.1372159625595029,0.1203898301816026,0.11701663164573638,-0.0033731985358662203,2724,275,2449,FALSE,FALSE,
85,1.506024096385542,0.1231658037517359,0.06837949254015602,-0.05478631121157988,2443,1076,1367,FALSE,FALSE,
86,1.711715043945561,0.07966664600623091,0.11249881707477556,0.03283217106854465,2288,1391,897,FALSE,FALSE,
87,1.1372159625595029,0.12830959339095113,0.10965178054050377,-0.01865781285044736,3289,1192,2097,FALSE,FALSE,
88,1.4958916250210248,0.08525057746958122,0.06724124547642915,-0.018009331993152064,2583,948,1635,FALSE,FALSE,
89,1.494026438253195,0.11040986575539552,0.06830719917250544,-0.04210266658289008,2229,1170,1059,FALSE,FALSE,
90,1.1372159625595029,0.11591196932783703,0.08823248735500601,-0.027679481972831016,3613,1053,2560,FALSE,FALSE,
91,1.506024096385542,0.11232653604942239,0.055661139739297316,-0.05666539631012507,3428,2000,1428,FALSE,FALSE,
92,1.506024096385542,0.10933289159277865,0.08656065859308391,-0.022772232999694733,3237,1847,1390,FALSE,FALSE,
93,1.7046872135963096,0.09854921512578863,0.08197165003152387,-0.01657756509426475,2800,1103,1697,FALSE,FALSE,
94,1.0380060250036154,0.12064419407975784,0.10051859555303239,-0.02012559852672545,4661,2137,2524,FALSE,FALSE,
95,1.0380060250036154,0.11595051503914126,0.07895327156875445,-0.03699724347038681,3984,1410,2574,FALSE,FALSE,
96,1.506024096385542,0.11454036644199869,0.060166396825336414,-0.05437396961666228,2451,844,1607,FALSE,FALSE,
97,1.2021857923497268,0.11967153563025106,0.1013925941139743,-0.01827894151627675,3961,1826,2135,FALSE,FALSE,
98,1.0650428339903726,0.11666589645173295,0.08197278927774698,-0.034693107173985965,4638,2492,2146,FALSE,FALSE,
99,1.506024096385542,0.12056768262338578,0.08244269237250568,-0.038124990250880106,3085,1603,1482,FALSE,FALSE,
100,1.503995577222697,0.1130214194237315,0.08306409193768227,-0.029957327486049234,3124,1781,1343,FALSE,FALSE,
101,1.0380060250036154,0.12024667473706951,0.09655466958820821,-0.0236920051488613,3200,793,2407,FALSE,FALSE,
102,1.8079931039396437,0.08850537290200347,0.07817475067137657,-0.010330622230626904,2596,2115,481,FALSE,FALSE,
103,1.0380060250036154,0.11803079866074366,0.09711472254491246,-0.020916076115831198,3644,1498,2146,FALSE,FALSE,
104,1.702127659574468,0.1200708765385751,0.10089126434768023,-0.019179612190894868,2196,714,1482,FALSE,FALSE,
105,1.8184885514610207,0.09069739574302971,0.06675901872612598,-0.023938377016903725,2502,2000,502,FALSE,FALSE,
106,1.0380060250036154,0.12064848384063497,0.0780254445298385,-0.04262303931079646,4432,2137,2295,FALSE,FALSE,
107,1.7236671891437996,0.09667339767577407,0.09150987679527453,-0.005163520880499539,2686,1549,1137,FALSE,FALSE,
108,1.1372159625595029,0.1302622719436411,0.09321098780548723,-0.03705128413815387,2418,248,2170,FALSE,FALSE,
109,1.7042314486291816,0.07912884293158882,0.07524721624163444,-0.0038816266899543844,2532,1395,1137,FALSE,FALSE,
110,1.0650428339903726,0.11256902234644363,0.08478152815745893,-0.0277874941889847,3240,978,2262,FALSE,FALSE,
111,1.7236671891437996,0.09438644991028837,0.08303896187775794,-0.011347488032530426,2455,1581,874,FALSE,FALSE,
112,1.0380060250036154,0.1196267882730479,0.10839564743354536,-0.011231140839502537,4601,2291,2310,FALSE,FALSE,
113,1.506024096385542,0.12514531687452968,0.0775608071184475,-0.04758450975608218,3343,1973,1370,FALSE,FALSE,
114,1.8079931039396437,0.11801817285087571,0.09764709372986366,-0.020371079121012048,4725,3697,1028,FALSE,FALSE,
115,1.506024096385542,0.1196147232586327,0.060610134740546995,-0.05900458851808571,3040,2024,1016,FALSE,FALSE,
116,1.0380060250036154,0.12056346272481756,0.08031419182242214,-0.040249270902395426,4850,2137,2713,FALSE,FALSE,
117,1.0380060250036154,0.11950682215573445,0.09979926948350742,-0.019707552672227027,3134,793,2341,FALSE,FALSE,
118,1.6374269005847952,0.08407636592125149,0.10178256748732037,0.017706201566068877,2418,1282,1136,FALSE,FALSE,
119,1.7835271012483687,0.07930748639122043,0.06756463037794314,-0.011742856013277292,2785,2492,293,FALSE,FALSE,
120,1.0650428339903726,0.1150796238561556,0.08220400178867493,-0.03287562206748067,3032,814,2218,FALSE,FALSE,
121,1.506024096385542,0.1122833622806538,0.062409103014164836,-0.04987425926648897,3211,1852,1359,FALSE,FALSE,
122,1.739781018058746,0.06186006394947624,0.07139624539520018,0.009536181445723935,2464,1746,718,FALSE,FALSE,
123,1.7042314486291816,0.10141571246878581,0.07211570436079891,-0.0293000081079869,2365,1057,1308,FALSE,FALSE,
124,1.702127659574468,0.12250095758215702,0.09174781075056697,-0.030753146831590056,3086,1897,1189,FALSE,FALSE,
125,1.020533066128087,0.11258725298695656,0.07612455871887255,-0.036462694268084,4083,1194,2889,FALSE,FALSE,
126,1.0380060250036154,0.12193468691265175,0.09575404199093354,-0.026180644921718205,3202,881,2321,FALSE,FALSE,
127,1.506024096385542,0.1064791390649169,0.053790706407759376,-0.05268843265715753,3002,896,2106,FALSE,FALSE,
128,1.0380060250036154,0.12062573198383386,0.08344608100427885,-0.037179650979555015,2893,672,2221,TRUE,FALSE,S_cluster unavailable; used robust S
129,1.7971876974931535,0.08901650504442978,0.10338370374591288,0.014367198701483105,2543,2158,385,FALSE,FALSE,
130,1.0380060250036154,0.12099115920273958,0.09933002742394276,-0.02166113177879682,2990,793,2197,FALSE,FALSE,
131,1.503995577222697,0.10766812641447515,0.08486869727217483,-0.02279942914230032,2574,1538,1036,FALSE,FALSE,
132,1.506024096385542,0.1226639642579454,0.08401279230177311,-0.03865117195617229,2338,1043,1295,FALSE,FALSE,
133,1.7081995467002802,0.09855189182868411,0.07196317456181171,-0.026588717266872397,2913,1895,1018,FALSE,FALSE,
134,1.4545454545454546,0.11861182445135773,0.12419535439477117,0.0055835299434134344,2411,526,1885,FALSE,FALSE,
135,1.0650428339903726,0.11693002843637355,0.08062532714291473,-0.03630470129345882,3145,1028,2117,FALSE,FALSE,
136,1.0380060250036154,0.12063289583903443,0.09133220217415985,-0.029300693664874575,3997,1465,2532,FALSE,FALSE,
137,1.8079931039396437,0.0790886183064689,0.08244801190466933,0.003359393598200422,2784,2294,490,FALSE,FALSE,
138,1.8079931039396437,0.1093257238880265,0.08965941376595507,-0.01966631012207143,2429,1515,914,FALSE,FALSE,
139,1.503995577222697,0.11296893060158723,0.08920920133187094,-0.023759729269716298,2866,1705,1161,FALSE,FALSE,
140,1.0380060250036154,0.12191444864636278,0.08667610652587326,-0.03523834212048951,3257,672,2585,TRUE,FALSE,S_cluster unavailable; used robust S
141,1.0380060250036154,0.12512864694519177,0.1028540389116203,-0.022274608033571466,3017,969,2048,FALSE,FALSE,
142,1.5238181228837382,0.11772080764187828,0.09286965550508242,-0.024851152136795868,3059,1908,1151,FALSE,FALSE,
143,1.0650428339903726,0.11294894804685436,0.08551011348531115,-0.02743883456154321,4018,1792,2226,FALSE,FALSE,
144,1.0380060250036154,0.11339036958462843,0.09825773847819637,-0.015132631106432065,4041,1476,2565,FALSE,FALSE,
145,1.1372159625595029,0.12212482661807937,0.10907939960866579,-0.01304542700941358,4043,1696,2347,FALSE,FALSE,
146,1.0380060250036154,0.122417214486934,0.09635244280604485,-0.02606477168088915,4206,1553,2653,FALSE,FALSE,
147,1.5095785440613028,0.11994596646005687,0.0889208275861667,-0.031025138873890162,2425,687,1738,FALSE,FALSE,
148,1.0380060250036154,0.12225647408889344,0.0862317573943331,-0.03602471669456034,4394,2016,2378,TRUE,FALSE,S_cluster unavailable; used robust S
149,1.0380060250036154,0.1215387254403375,0.09203243621893398,-0.029506289221403526,3935,1344,2591,TRUE,FALSE,S_cluster unavailable; used robust S
150,1.0380060250036154,0.11458560132543485,0.10039907917065011,-0.014186522154784748,3701,1443,2258,FALSE,FALSE,
151,1.0650428339903726,0.11225026875618313,0.07127756174877654,-0.040972707007406586,4010,1792,2218,FALSE,FALSE,
152,1.506024096385542,0.12448662453352151,0.08052998219992927,-0.04395664233359224,3074,1420,1654,FALSE,FALSE,
153,1.1372159625595029,0.12803749520119578,0.11920779068437395,-0.008829704516821829,3183,918,2265,FALSE,FALSE,
154,1.020533066128087,0.11124929883855925,0.07496810369030993,-0.03628119514824932,3817,1307,2510,FALSE,FALSE,
155,1.7042314486291816,0.09953916940550869,0.062294953537506345,-0.03724421586800235,2717,1036,1681,FALSE,FALSE,
156,1.0650428339903726,0.12179137861327988,0.08388110795279789,-0.037910270660481984,3148,864,2284,FALSE,FALSE,
157,1.874489589650293,0.10974383730221336,0.07160512997912011,-0.038138707323093254,2618,1577,1041,FALSE,FALSE,
158,1.0380060250036154,0.12355716118998927,0.09668939890652734,-0.026867762283461938,3992,1432,2560,FALSE,FALSE,
159,1.0650428339903726,0.11299089506427823,0.08517231425283038,-0.02781858081144785,3863,1666,2197,FALSE,FALSE,
160,1.503995577222697,0.11688665536474663,0.09162558927695358,-0.02526106608779305,3203,1695,1508,FALSE,FALSE,
161,1.1372159625595029,0.12029422927119857,0.10290396112825928,-0.017390268142939286,2661,1061,1600,FALSE,FALSE,
162,1.1372159625595029,0.12017227182054627,0.08143787367915649,-0.03873439814138978,3085,928,2157,FALSE,FALSE,
163,1.0380060250036154,0.11625907532348767,0.07971851489366875,-0.036540560429818916,4200,1410,2790,FALSE,FALSE,
164,1.2021857923497268,0.12050048322029766,0.114240261677429,-0.006260221542868663,4672,2927,1745,FALSE,FALSE,
165,1.7185857418044381,0.08240156175994451,0.06693151345014037,-0.01547004830980414,2868,1826,1042,FALSE,FALSE,
166,1.7062866341828098,0.11718437677793035,0.09337853552009395,-0.0238058412578364,4001,2825,1176,FALSE,FALSE,
167,1.0380060250036154,0.11538901232859795,0.09626273164886202,-0.01912628067973593,4005,1443,2562,FALSE,FALSE,
168,1.0380060250036154,0.12375717852434072,0.10772775035904453,-0.016029428165296192,3937,1432,2505,FALSE,FALSE,
169,1.8612856339084771,0.10218398418598924,0.06911678534655008,-0.03306719883943916,3408,2718,690,FALSE,FALSE,
170,1.0380060250036154,0.1226903947486404,0.0931107062659533,-0.02957968848268709,4597,2104,2493,FALSE,FALSE,
171,1.503995577222697,0.11565698142525718,0.07712649043348319,-0.038530490991774,3145,1707,1438,FALSE,FALSE,
172,1.1372159625595029,0.12329046875522481,0.08637189897351615,-0.03691856978170867,3034,963,2071,FALSE,FALSE,
173,1.0380060250036154,0.12288939723591526,0.10036670212131324,-0.022522695114602018,3117,881,2236,FALSE,FALSE,
174,1.0380060250036154,0.11906274700419667,0.06889325200843206,-0.050169494995764605,3593,1377,2216,FALSE,FALSE,
175,1.8007171885319138,0.09898264423044972,0.06748937521730905,-0.03149326901314067,2703,2239,464,FALSE,FALSE,
176,1.8548387096774193,0.06332709903850875,0.05791531519736415,-0.005411783841144602,2170,1590,580,FALSE,FALSE,
177,1.0380060250036154,0.11733330248910788,0.08166607187373205,-0.03566723061537583,3402,705,2697,FALSE,FALSE,
178,1.1372159625595029,0.12711769167349982,0.09762637810947493,-0.029491313564024887,3294,1086,2208,FALSE,FALSE,
179,1.0380060250036154,0.1211926864110985,0.08975261242147066,-0.03144007398962784,3984,1344,2640,TRUE,FALSE,S_cluster unavailable; used robust S
180,1.506024096385542,0.12106556133461643,0.09691761301160193,-0.024147948323014506,3419,1660,1759,FALSE,FALSE,
181,1.503995577222697,0.11763371956698354,0.08235559820160457,-0.03527812136537897,4355,3215,1140,FALSE,FALSE,
182,1.506024096385542,0.0814243055840398,0.05944761298127386,-0.021976692602765947,2433,790,1643,FALSE,FALSE,
183,1.0650428339903726,0.11718457470869677,0.07485904429285886,-0.042325530415837906,3255,1028,2227,FALSE,FALSE,
184,1.506024096385542,0.13041958388609382,0.07910325632480396,-0.05131632756128986,2634,1487,1147,FALSE,FALSE,
185,1.0650428339903726,0.11135458555642844,0.09043904003343281,-0.020915545522995627,2939,852,2087,FALSE,FALSE,
186,1.0380060250036154,0.11688112655882953,0.08401968431481285,-0.03286144224401667,3588,705,2883,FALSE,FALSE,
187,1.350837020064906,0.10626165791063158,0.08816199374753814,-0.018099664163093443,2258,286,1972,FALSE,FALSE,
188,1.1372159625595029,0.15339327556012244,0.0884919042373703,-0.06490137132275214,2530,291,2239,FALSE,FALSE,
189,1.5240735280602395,0.12372342633962297,0.09964842885315063,-0.024074997486472335,3853,2385,1468,FALSE,FALSE,
190,1.0650428339903726,0.11919616635208356,0.0745171914575434,-0.04467897489454016,4005,1766,2239,FALSE,FALSE,
191,1.7106890804719728,0.07154298734544251,0.0798279034758739,0.008284916130431391,2729,1335,1394,FALSE,FALSE,
192,1.0380060250036154,0.12102232092795927,0.0892212186968322,-0.031801102231127074,4607,2137,2470,FALSE,FALSE,
193,1.261268414785817,0.09806588444525934,0.11598402398332312,0.017918139538063788,2874,611,2263,FALSE,FALSE,
194,1.7062866341828098,0.06604088354021466,0.060155982575567805,-0.005884900964646854,2778,1041,1737,FALSE,FALSE,
195,1.506024096385542,0.11750613114343283,0.08376636997383499,-0.03373976116959784,2947,1535,1412,FALSE,FALSE,
196,1.5214777755665652,0.06691810538337176,0.07937471444860357,0.012456609065231813,2578,708,1870,FALSE,FALSE,
197,1.0380060250036154,0.11748944743377412,0.0972720974702043,-0.02021734996356983,3241,705,2536,FALSE,FALSE,
198,1.7236671891437996,0.09016758301943635,0.06371996680304315,-0.026447616216393202,3511,2310,1201,FALSE,FALSE,
199,1.8079931039396437,0.10174517301289537,0.07505440874212882,-0.026690764270766554,2615,1874,741,FALSE,FALSE,
200,1.7236671891437996,0.08909235309941524,0.10960564177988294,0.0205132886804677,2674,1797,877,FALSE,FALSE,
201,1.506024096385542,0.11626831797110453,0.05800227692584061,-0.058266041045263915,3155,1908,1247,FALSE,FALSE,
202,1.0380060250036154,0.11707190279861295,0.09929699604826898,-0.01777490675034396,2886,705,2181,FALSE,FALSE,
203,1.0380060250036154,0.12300217441519118,0.11160482366707307,-0.01139735074811811,3845,1553,2292,FALSE,FALSE,
204,1.506024096385542,0.10612347636787553,0.0769312245073911,-0.029192251860484436,2443,857,1586,FALSE,FALSE,
205,1.0380060250036154,0.1254047373447404,0.09648414537626558,-0.02892059196847481,2942,760,2182,FALSE,FALSE,
206,1.0380060250036154,0.12347179279851994,0.11134614904796081,-0.012125643750559134,3609,1641,1968,FALSE,FALSE,
207,1.0380060250036154,0.11882190685808781,0.08400614889143829,-0.03481575796664953,4031,1377,2654,FALSE,FALSE,
208,1.506024096385542,0.12332715693914051,0.06548116503811033,-0.05784599190103018,2849,1403,1446,FALSE,FALSE,
209,1.0380060250036154,0.12171918964290931,0.10523544247277776,-0.016483747170131555,3801,1344,2457,TRUE,FALSE,S_cluster unavailable; used robust S
210,1.032312925170068,0.1212513722674332,0.07257392077568593,-0.048677451491747264,3135,659,2476,FALSE,FALSE,
211,1.1372159625595029,0.11846247724941054,0.08666282222632693,-0.031799655023083614,2471,275,2196,FALSE,FALSE,
212,1.2392535858488927,0.09058597931869783,0.07406890972838193,-0.016517069590315903,2297,244,2053,FALSE,FALSE,
213,1.7185857418044381,0.09158137889385873,0.06304545329647675,-0.02853592559738198,3696,2277,1419,FALSE,FALSE,
214,1.0380060250036154,0.1181116611502798,0.09646859986163925,-0.021643061288640547,4383,2082,2301,FALSE,FALSE,
215,1.506024096385542,0.11211345550870291,0.07869798805763255,-0.033415467451070366,3348,2250,1098,FALSE,FALSE,
216,1.0650428339903726,0.11331738435940758,0.07690124558422404,-0.03641613877518354,3117,814,2303,FALSE,FALSE,
217,1.0380060250036154,0.125218931965363,0.09465559166614265,-0.030563340299220337,3207,760,2447,FALSE,FALSE,
218,1.0380060250036154,0.12029741430342343,0.10719145613223383,-0.013105958171189605,4501,2049,2452,FALSE,FALSE,
219,1.0380060250036154,0.1204889443506081,0.08225883669226347,-0.03823010765834463,3146,793,2353,FALSE,FALSE,
220,1.7106890804719728,0.07426475358979016,0.08156772474622398,0.007302971156433816,2491,1203,1288,FALSE,FALSE,
221,1.0650428339903726,0.11640446625863701,0.07132609949595872,-0.04507836676267829,3588,1716,1872,FALSE,FALSE,
222,1.2763711348688822,0.0970770882641161,0.08539743211543832,-0.011679656148677775,2373,559,1814,FALSE,FALSE,
223,1.1372159625595029,0.14552887424915872,0.08614451691609584,-0.05938435733306288,2495,256,2239,FALSE,FALSE,
224,1.032312925170068,0.12044194185419749,0.08163417927966626,-0.038807762574531224,3097,659,2438,FALSE,FALSE,
225,1.472147286223582,0.11439684281971342,0.08773985755068303,-0.02665698526903039,2316,420,1896,FALSE,FALSE,
226,1.0380060250036154,0.1224277779781948,0.10225252067842135,-0.020175257299773458,3083,881,2202,FALSE,FALSE,
227,1.503995577222697,0.10913891065093968,0.09175402193543014,-0.01738488871550954,3274,1833,1441,FALSE,FALSE,
228,1.1372159625595029,0.13256111738805257,0.08688036156410975,-0.04568075582394282,2417,389,2028,FALSE,FALSE,
229,1.715246341156099,0.0999580955416473,0.12299010692755503,0.02303201138590774,1860,1163,697,FALSE,FALSE,
230,1.0380060250036154,0.12258937837693548,0.09889161067000275,-0.02369776770693273,3913,1344,2569,TRUE,FALSE,S_cluster unavailable; used robust S
231,1.506024096385542,0.12682584755781515,0.08399746879273386,-0.04282837876508129,2408,1419,989,FALSE,FALSE,
232,1.032312925170068,0.12054959305016436,0.09451609087340285,-0.026033502176761508,3883,1230,2653,FALSE,FALSE,
233,1.0380060250036154,0.11800574548462642,0.07282086346273148,-0.04518488202189494,5169,2082,3087,FALSE,FALSE,
234,1.506024096385542,0.12382718139732775,0.0878408407207718,-0.03598634067655594,2395,1036,1359,FALSE,FALSE,
235,1.0380060250036154,0.12049254924382292,0.09150175034124305,-0.02899079890257987,3376,793,2583,FALSE,FALSE,
236,1.0380060250036154,0.12216020077957195,0.09738825627192571,-0.024771944507646235,5450,2985,2465,FALSE,FALSE,
237,1.0650428339903726,0.11167260129819807,0.07571285861362212,-0.035959742684575954,3118,852,2266,FALSE,FALSE,
238,1.506024096385542,0.13728980320230888,0.08412648847734039,-0.05316331472496849,2239,745,1494,FALSE,FALSE,
239,1.0380060250036154,0.12376588252597757,0.10331724572140341,-0.020448636804574163,3109,881,2228,FALSE,FALSE,
240,1.503995577222697,0.11186230466897491,0.1038488346799905,-0.008013469988984417,2986,1763,1223,FALSE,FALSE,
241,1.0380060250036154,0.11902016531881507,0.09754138419361563,-0.021478781125199436,5235,2754,2481,FALSE,FALSE,
242,1.506024096385542,0.11465281154630805,0.08034995260425108,-0.034302858942056966,3648,2688,960,FALSE,FALSE,
243,1.506024096385542,0.10810892467024813,0.081649589087165,-0.026459335583083124,2424,1259,1165,FALSE,FALSE,
244,1.020533066128087,0.11210410055553904,0.07811389888314997,-0.03399020167238907,3621,710,2911,FALSE,FALSE,
245,1.506024096385542,0.1141618947951372,0.07981428730626176,-0.03434760748887544,2528,1397,1131,FALSE,FALSE,
246,1.0650428339903726,0.11609533677338375,0.07854617186800719,-0.03754916490537656,3782,1842,1940,FALSE,FALSE,
247,1.0380060250036154,0.12577196000468632,0.10761157472169637,-0.018160385282989952,3597,1608,1989,FALSE,FALSE,
248,1.1372159625595029,0.12878114060946486,0.09350730690366088,-0.035273833705803975,3148,1006,2142,FALSE,FALSE,
249,1.2848431215772613,0.0797463923981451,0.061688606938670544,-0.018057785459474555,2406,455,1951,FALSE,FALSE,
250,1.7054078539555662,0.08040398206292726,0.07191432923403399,-0.008489652828893274,2600,1364,1236,FALSE,FALSE,
251,1.1734744577724436,0.10624085213803322,0.10336697672316714,-0.002873875414866084,2518,380,2138,FALSE,FALSE,
252,1.0650428339903726,0.1202382696876414,0.08651340386783066,-0.03372486581981074,2744,1116,1628,FALSE,FALSE,
253,1.0380060250036154,0.11671096194093507,0.0966348609076893,-0.020076101033245766,3457,705,2752,FALSE,FALSE,
254,1.6546977178108841,0.12923331638980146,0.09685169659358916,-0.03238161979621229,2996,2147,849,FALSE,FALSE,
255,1.0380060250036154,0.11885612326942428,0.08316740507154163,-0.03568871819788265,3671,1377,2294,FALSE,FALSE,
256,1.5240735280602395,0.1315084591628013,0.0890965099714216,-0.042411949191379694,2858,1389,1469,FALSE,FALSE,
257,1.0380060250036154,0.11888434743961629,0.09583718228060938,-0.023047165159006913,4256,1377,2879,FALSE,FALSE,
258,1.506024096385542,0.11981025485847703,0.09984361632747124,-0.01996663853100579,3306,1672,1634,FALSE,FALSE,
259,1.020533066128087,0.1229496194527641,0.08049629742332129,-0.04245332202944281,2798,858,1940,FALSE,FALSE,
260,1.506024096385542,0.12408785621945198,0.07590118826445998,-0.048186667954992005,3166,1666,1500,FALSE,FALSE,
261,1.0380060250036154,0.11717995826716748,0.08576737075610988,-0.031412587511057605,3363,705,2658,FALSE,FALSE,
262,1.0650428339903726,0.11166184076409179,0.08721996860679174,-0.02444187215730005,3407,978,2429,FALSE,FALSE,
263,1.0380060250036154,0.11954394367319843,0.09787731677873233,-0.021666626894466093,3597,1377,2220,FALSE,FALSE,
264,1.0380060250036154,0.11674195365969602,0.10478964221051297,-0.011952311449183045,4132,1531,2601,FALSE,FALSE,
265,1.7236671891437996,0.10978812413442735,0.06482958295426056,-0.04495854118016679,3416,2620,796,FALSE,FALSE,
266,1.0380060250036154,0.12225902906256181,0.09979232751888269,-0.02246670154367912,3045,672,2373,TRUE,FALSE,S_cluster unavailable; used robust S
267,1.0650428339903726,0.11144625927511195,0.0892343752791476,-0.022211883995964354,3154,852,2302,FALSE,FALSE,
268,1.0380060250036154,0.12111979309519794,0.10114603230561912,-0.019973760789578812,3836,1344,2492,TRUE,FALSE,S_cluster unavailable; used robust S
269,1.0650428339903726,0.11906143416528271,0.08640152798822978,-0.03265990617705293,3091,990,2101,FALSE,FALSE,
270,1.503995577222697,0.12350277283159905,0.0882988821533287,-0.035203890678270344,2362,852,1510,FALSE,FALSE,
271,1.0380060250036154,0.12503557913076502,0.09329107248485452,-0.0317445066459105,3933,1520,2413,FALSE,FALSE,
272,1.506024096385542,0.11761394547322865,0.05971693164696827,-0.05789701382626038,4601,3423,1178,FALSE,FALSE,
273,1.506024096385542,0.12069613071284689,0.05805787875846134,-0.06263825195438555,3446,1734,1712,FALSE,FALSE,
274,1.0380060250036154,0.12437811429272466,0.09686866729585236,-0.0275094469968723,3267,760,2507,FALSE,FALSE,
275,1.0380060250036154,0.11730360333809542,0.09345382759650672,-0.023849775741588697,2995,826,2169,FALSE,FALSE,
276,1.0380060250036154,0.12185727657229109,0.10780090951876492,-0.01405636705352617,3667,1344,2323,TRUE,FALSE,S_cluster unavailable; used robust S
277,1.506024096385542,0.14389074462303708,0.09965850637859794,-0.04423223824443914,2238,921,1317,FALSE,FALSE,
278,1.874489589650293,0.09131786113182236,0.07037264375166852,-0.02094521738015384,2437,1440,997,FALSE,FALSE,
279,1.0380060250036154,0.12175168284488896,0.0939227782701265,-0.02782890457476246,3923,1344,2579,TRUE,FALSE,S_cluster unavailable; used robust S
280,1.503995577222697,0.09494383618295318,0.07232498372482843,-0.022618852458124755,2253,862,1391,FALSE,FALSE,
281,1.506024096385542,0.11514232606298049,0.06527302670853255,-0.049869299354447935,3146,1880,1266,FALSE,FALSE,
282,1.506024096385542,0.11642620006892311,0.05381938592701602,-0.0626068141419071,3469,1727,1742,FALSE,FALSE,
283,1.715246341156099,0.09750526111520474,0.10954623691836235,0.012040975803157605,2546,1446,1100,FALSE,FALSE,
284,1.506024096385542,0.12312168947288865,0.06544827238090967,-0.057673417091978985,2547,797,1750,FALSE,FALSE,
285,1.503995577222697,0.12287489000849951,0.11660914404120529,-0.00626574596729422,2207,976,1231,FALSE,FALSE,
286,1.0650428339903726,0.1180828897778172,0.080464232123878,-0.037618657653939194,3034,1028,2006,FALSE,FALSE,
287,1.032312925170068,0.12115410328027527,0.08157288746385154,-0.03958121581642374,3371,659,2712,FALSE,FALSE,
288,1.2021857923497268,0.1253989728566489,0.08899863493680697,-0.036400337919841916,4295,2983,1312,FALSE,FALSE,
289,1.0650428339903726,0.11782169625990849,0.09384747680561761,-0.023974219454290874,3235,1028,2207,FALSE,FALSE,
290,1.0380060250036154,0.11676386425880278,0.10191211235094463,-0.014851751907858146,3220,705,2515,FALSE,FALSE,
291,1.032312925170068,0.12228840562892469,0.07477793118280114,-0.04751047444612355,3569,659,2910,FALSE,FALSE,
292,1.506024096385542,0.11830032136011952,0.06252781168330213,-0.05577250967681739,3847,2160,1687,FALSE,FALSE,
293,1.506024096385542,0.10602785027369996,0.07686820742535216,-0.029159642848347794,2605,1646,959,FALSE,FALSE,
294,1.7042314486291816,0.10069945823303693,0.07424931057457189,-0.02645014765846504,2666,1713,953,FALSE,FALSE,
295,1.0380060250036154,0.11874579627061083,0.10454383049270682,-0.014201965777904002,5285,2875,2410,FALSE,FALSE,
296,1.8016932241399584,0.06761172870090768,0.08863258696512197,0.021020858264214293,2539,1960,579,FALSE,FALSE,
297,1.475591263726857,0.12166623535228976,0.10810259864022542,-0.013563636712064342,2556,766,1790,FALSE,FALSE,
298,1.0380060250036154,0.12234033819846496,0.097202234334304,-0.02513810386416096,3166,672,2494,TRUE,FALSE,S_cluster unavailable; used robust S
299,1.7180766922953854,0.08983479367366201,0.09779642341603628,0.007961629742374271,2190,1408,782,FALSE,FALSE,
300,1.0380060250036154,0.12252341967119584,0.10917678708540915,-0.013346632585786694,4866,2776,2090,FALSE,FALSE,
301,1.0650428339903726,0.11432727085788515,0.06810899332228988,-0.046218277535595265,3844,1628,2216,FALSE,FALSE,
302,1.6182262922756814,0.049041748704897054,0.06521394161353058,0.01617219290863353,2446,1211,1235,FALSE,FALSE,
303,1.8079931039396437,0.10482605765479582,0.08266174014171399,-0.02216431751308183,2521,1596,925,FALSE,FALSE,
304,1.7042314486291816,0.0899645725360747,0.0741537984544529,-0.015810774081621806,2526,1255,1271,FALSE,FALSE,
305,1.020533066128087,0.11580354440890114,0.0762487841518077,-0.03955476025709344,3368,684,2684,FALSE,FALSE,
306,1.0650428339903726,0.11475942746367478,0.09234144406807879,-0.02241798339559599,3217,940,2277,FALSE,FALSE,
307,1.506024096385542,0.11789678082361875,0.08030380377435338,-0.03759297704926537,3445,1570,1875,FALSE,FALSE,
308,1.0380060250036154,0.12289411267504108,0.098495832874621575,-0.024398279800419503,4272,2313,1959,FALSE,FALSE,
309,1.7046872135963096,0.11884543811555916,0.10224494298106868,-0.01660049513449048,2630,1852,778,FALSE,FALSE,
310,1.7097834887258332,0.08762051421710296,0.07038334044915903,-0.017237173767943925,2948,1627,1321,FALSE,FALSE,
311,2.0620017766556797,0.10266914118303314,0.126576862155885,0.023907720972851876,2765,2333,432,FALSE,FALSE,
312,1.0380060250036154,0.1276536388168403,0.09119092421918508,-0.036462714597655224,2980,848,2132,FALSE,FALSE,
313,1.2021857923497268,0.12470375839314074,0.10185137563524133,-0.022852382757899414,3311,1301,2010,FALSE,FALSE,
314,1.3134457390166694,0.09039022009656222,0.07721161126941879,-0.013178608827143432,2324,756,1568,FALSE,FALSE,
315,1.503995577222697,0.1233122880825177,0.09733986295864823,-0.025972425123869464,2456,724,1732,FALSE,FALSE,
316,1.506024096385542,0.09920091850605804,0.06795481918942642,-0.031246099316631623,2353,983,1370,FALSE,FALSE,
317,1.702127659574468,0.11398740727609573,0.07593122694303935,-0.03805618033305638,3917,2777,1140,FALSE,FALSE,
318,1.0380060250036154,0.12955028627104986,0.09404733986255076,-0.0355029464084991,3016,936,2080,FALSE,FALSE,
319,1.020533066128087,0.11804107307222433,0.07589248884565837,-0.04214858422656596,4236,1142,3094,TRUE,FALSE,S_cluster unavailable; used robust S
320,1.020533066128087,0.11822346582655165,0.060428961810220186,-0.05779450401633146,3131,771,2360,FALSE,FALSE,
321,1.1372159625595029,0.12039114149866774,0.09153577231043454,-0.0288553691882332,2895,928,1967,FALSE,FALSE,
322,1.702127659574468,0.1124176602268794,0.07920282086669703,-0.03321483936018238,4071,3153,918,FALSE,FALSE,
323,1.5095785440613028,0.12556994469083244,0.09026310909373991,-0.03530683559709252,2327,839,1488,FALSE,FALSE,
324,1.1372159625595029,0.12544251093916017,0.08668861266152322,-0.03875389827763695,3134,1051,2083,FALSE,FALSE,
325,1.3320196249918492,0.0926568752167096,0.08633251886276927,-0.006324356353940325,2519,523,1996,FALSE,FALSE,
326,1.0380060250036154,0.11722482841522985,0.08150276625777925,-0.03572206215745061,3757,705,3052,FALSE,FALSE,
327,1.0380060250036154,0.12111433470094055,0.09451246251168124,-0.0266018721892593,3804,1465,2339,FALSE,FALSE,
328,1.6182262922756814,0.05224876242370067,0.06802892986514342,0.015780167441442748,2611,1304,1307,FALSE,FALSE,
329,1.7180766922953854,0.09600075477134128,0.09791661633946326,0.0019158615681219848,2442,1338,1104,FALSE,FALSE,
330,1.1372159625595029,0.12294664046737332,0.09226188277006582,-0.030684757697307496,3250,1149,2101,FALSE,FALSE,
331,1.0380060250036154,0.12208221045374014,0.10365371572080995,-0.018428494732930192,4501,2016,2485,TRUE,FALSE,S_cluster unavailable; used robust S
332,1.506024096385542,0.12267740408279709,0.08017773329450681,-0.042499670788290284,2658,1193,1465,FALSE,FALSE,
333,1.503995577222697,0.12869745588935877,0.10858501971024835,-0.02011243617911042,2381,1046,1335,FALSE,FALSE,
334,1.503995577222697,0.0912677613321335,0.0785077560252398,-0.01276000530689371,2278,886,1392,FALSE,FALSE,
335,1.503995577222697,0.11665012067747346,0.09102467997798018,-0.025625440699493282,3146,1523,1623,FALSE,FALSE,
336,1.0380060250036154,0.12638242700256733,0.09248616825542491,-0.033896258747142416,2789,848,1941,FALSE,FALSE,
337,1.704061101366828,0.10775738699939166,0.07921213273854011,-0.028545254260851555,2738,1332,1406,FALSE,FALSE,
338,1.506024096385542,0.11764689862574847,0.06883990957469611,-0.04880698905105235,3516,2080,1436,FALSE,FALSE,
339,1.6207221305566084,0.08805122802142526,0.09770195732609968,0.009650729304674421,2546,1174,1372,FALSE,FALSE,
340,1.6182262922756814,0.05858849267488798,0.0838536785892788,0.025265185914390816,2326,797,1529,FALSE,FALSE,
341,0.8560938471253072,0.2582573476388574,0.11696058534073633,-0.14129676229812105,2980,310,2670,TRUE,FALSE,S_cluster unavailable; used robust S
342,1.032312925170068,0.12029752893868396,0.0697316510852371,-0.050565877853446864,3547,659,2888,FALSE,FALSE,
343,1.5096648049947532,0.10612099814372844,0.09844149900140114,-0.007679499142327295,2410,1319,1091,FALSE,FALSE,
344,1.4284097997095433,0.09673869083357262,0.10267129129546151,0.005932600461888898,2313,578,1735,FALSE,FALSE,
345,1.8079931039396437,0.10981054103202964,0.09760621839810447,-0.012204322633925166,2376,1845,531,FALSE,FALSE,
346,1.4958916250210248,0.10713981633478693,0.0519278004912579,-0.055212015843529035,2784,1010,1774,FALSE,FALSE,
347,1.0380060250036154,0.11931178325658287,0.09830530499548423,-0.021006478261098638,3837,1377,2460,FALSE,FALSE,
348,1.0130020360098193,0.1061718329653108,0.07258934886734415,-0.033582484097966644,3604,811,2793,FALSE,FALSE,
349,1.0380060250036154,0.1204438986923156,0.07429599508917384,-0.04614790360314176,3824,1465,2359,FALSE,FALSE,
350,1.8079931039396437,0.10808521720983633,0.09645762728055789,-0.01162758992927844,2347,1970,377,FALSE,FALSE,
351,1.8612856339084771,0.07763886662723432,0.06751432735436541,-0.01012453927286891,2397,2074,323,FALSE,FALSE,
352,1.7046872135963096,0.10594250648938006,0.06724333138859019,-0.038699175100789865,3563,2207,1356,FALSE,FALSE,
353,1.503995577222697,0.11631003790189928,0.09835957525266824,-0.017950462649231044,2661,748,1913,FALSE,FALSE,
354,1.21594138576767,0.12976350908604678,0.08993792449895445,-0.03982558458709233,3214,1646,1568,FALSE,FALSE,
355,1.503995577222697,0.09485565968772991,0.06459097170410688,-0.03026468798362303,2727,1242,1485,FALSE,FALSE,
356,1.1372159625595029,0.1231298811079496,0.08604819048879349,-0.037081690619156116,3363,963,2400,FALSE,FALSE,
357,1.020533066128087,0.1192678591174159,0.09321539461006029,-0.026052464507355613,3214,571,2643,TRUE,FALSE,S_cluster unavailable; used robust S
358,1.0380060250036154,0.12062168211635395,0.0963371952622892,-0.024284486854064743,4047,1465,2582,FALSE,FALSE,
359,1.0380060250036154,0.11533319964987442,0.06695713740547947,-0.048376062244394946,3338,705,2633,FALSE,FALSE,
360,1.0380060250036154,0.12115169581124,0.08312370410409975,-0.038027991707140246,3140,672,2468,TRUE,FALSE,S_cluster unavailable; used robust S
361,1.4844006568144499,0.11756817431792278,0.0913682617649562,-0.02619991255296658,3359,2425,934,FALSE,FALSE,
362,1.503995577222697,0.11927321349958393,0.08958128867226148,-0.029691924827322455,3203,1709,1494,FALSE,FALSE,
363,1.3320196249918492,0.09615501646894142,0.07796297487928369,-0.01819204158965773,2948,617,2331,FALSE,FALSE,
364,1.506024096385542,0.09549852986273484,0.057249032386338126,-0.038249497476396714,2439,968,1471,FALSE,FALSE,
365,1.506024096385542,0.13203983957540955,0.08653311098181647,-0.045506728593593074,3225,2051,1174,FALSE,FALSE,
366,1.7555854036122587,0.09920509601222993,0.12609090237164416,0.026885806359414233,2372,1735,637,FALSE,FALSE,
367,1.711715043945561,0.08254031278314564,0.08735895258617457,0.004818639803028935,2538,1391,1147,FALSE,FALSE,
368,1.0380060250036154,0.1256137716935628,0.08416089041515822,-0.04145288127840459,3356,969,2387,FALSE,FALSE,
369,1.506024096385542,0.114345581829707,0.07675400875515204,-0.03759157307455496,2753,1449,1304,FALSE,FALSE,
370,1.1372159625595029,0.12009251434317535,0.09464367532831287,-0.025448839014862473,3272,981,2291,FALSE,FALSE,
371,1.0380060250036154,0.12216288272263064,0.09673626135826313,-0.025426621364367505,3731,1553,2178,FALSE,FALSE,
372,1.702127659574468,0.1137754714139531,0.0884590467970332,-0.025316424616919894,3431,1917,1514,FALSE,FALSE,
373,1.506024096385542,0.10879724886822419,0.06634515344878403,-0.04245209541944016,2379,827,1552,FALSE,FALSE,
374,1.0650428339903726,0.11456700885887855,0.08125974241829187,-0.03330726644058668,2976,814,2162,FALSE,FALSE,
375,1.0380060250036154,0.1266888580961068,0.08318951951477394,-0.04349933858133287,2875,848,2027,FALSE,FALSE,
376,1.1372159625595029,0.14450136966005264,0.0908488067121246,-0.05365256294792804,2503,371,2132,FALSE,FALSE,
377,1.1372159625595029,0.12544269840282626,0.10494273103131,-0.02049996737151627,3215,883,2332,FALSE,FALSE,
378,1.020533066128087,0.11975373122177348,0.0848236786578543,-0.03493005256391918,3154,771,2383,FALSE,FALSE,
379,1.0380060250036154,0.12011597430393418,0.09068427727961145,-0.02943169702432273,4626,2049,2577,FALSE,FALSE,
380,1.506024096385542,0.11508521339303984,0.08353955995350353,-0.03154565343953632,2916,1624,1292,FALSE,FALSE,
381,1.020533066128087,0.11675806549694981,0.07228187681463497,-0.04447618868231484,3595,684,2911,FALSE,FALSE,
382,1.0650428339903726,0.11821583202671125,0.09035205059388023,-0.027863781432831025,3550,1804,1746,FALSE,FALSE,
383,1.6873780397575937,0.11587589642319276,0.08586293843803258,-0.030012957985160182,3136,2308,828,FALSE,FALSE,
384,1.0380060250036154,0.12272898598009604,0.09093152826765402,-0.03179745771244202,3069,793,2276,FALSE,FALSE,
385,1.7042314486291816,0.08858720111694707,0.08602631180640727,-0.002560889310539799,2487,1036,1451,FALSE,FALSE,
386,1.0380060250036154,0.11895503155387704,0.08612254465569882,-0.03283248689817822,4065,1377,2688,FALSE,FALSE,
387,1.506024096385542,0.09787937994382065,0.08144446443157011,-0.016434915512250542,2443,468,1975,FALSE,FALSE,
388,1.0380060250036154,0.11843705672084565,0.08967555777663112,-0.028761498944214522,3250,705,2545,FALSE,FALSE,
389,1.472147286223582,0.11546887974810965,0.08708461271473059,-0.028384267033379068,3368,1736,1632,FALSE,FALSE,
390,1.773770293326423,0.09848967724414591,0.05907902666013243,-0.03941065058401348,2409,1831,578,FALSE,FALSE,
391,1.506024096385542,0.13341021143168522,0.07996769272498146,-0.05344251870670376,2507,787,1720,FALSE,FALSE,
392,1.506024096385542,0.12310520133283649,0.06869437125056306,-0.05441083008227343,2254,822,1432,FALSE,FALSE,
393,1.032312925170068,0.12775003766981963,0.08062773439959373,-0.0471223032702259,3316,923,2393,FALSE,FALSE,
394,1.503995577222697,0.1188403728983574,0.08509693042125616,-0.033743442477101246,3476,1447,2029,FALSE,FALSE,
395,1.0650428339903726,0.11393845475058197,0.08720082438917345,-0.026737630361408513,3593,1754,1839,FALSE,FALSE,
396,1.2896689629890072,0.07755926539486713,0.07396251673370167,-0.0035967486611654526,2635,686,1949,FALSE,FALSE,
397,1.0380060250036154,0.112337366243913,0.09366098364251292,-0.018676382601400074,3583,738,2845,FALSE,FALSE,
398,1.3320196249918492,0.1126175040385469,0.10080275999929565,-0.011814744039251243,2234,527,1707,FALSE,FALSE,
399,1.0380060250036154,0.11869525458896887,0.08507885258772813,-0.03361640200124075,4146,1498,2648,FALSE,FALSE,
