var_name,label_mn,label_en,type,waves_present,source_types,source_files,n_obs,n_missing,n_unique,category
q0107,1.07 Эхнэр нөхрийн хувийн дугаар,1.07 Эхнэр нөхрийн хувийн дугаар,numeric,"2020,2021,2022,2023,2024",indiv,02_indiv (12).dta | 02_indiv (13).dta | 02_indiv (14).dta | 02_indiv (15).dta | 02_indiv.dta,264974,156849,13,childhood
q0108,1.08 НЭР]-ын/ийн аав хамт амьдардаг уу? Хэрэв амьдардаг бол хэн гэдэг вэ?,1.08 НЭР]-ын/ийн аав хамт амьдардаг уу? Хэрэв амьдардаг бол хэн гэдэг вэ?,numeric,2024,indiv,02_indiv.dta,53898,807,10,childhood
q0109,1.09 [НЭР]-ын/ийн аав хаана амьдардаг вэ?,1.09 [НЭР]-ын/ийн аав хаана амьдардаг вэ?,haven_labelled/vctrs_vctr/double,"2020,2021,2022,2023,2024",indiv,02_indiv (12).dta | 02_indiv (13).dta | 02_indiv (14).dta | 02_indiv (15).dta | 02_indiv.dta,264974,807,4,childhood
q0110,1.10 [НЭР]-ын/ийн ээж хамт амьдардаг уу? Хэрэв амьдардаг бол хэн гэдэг вэ?,1.10 [НЭР]-ын/ийн ээж хамт амьдардаг уу? Хэрэв амьдардаг бол хэн гэдэг вэ?,haven_labelled/vctrs_vctr/double | numeric,"2020,2021,2022,2024",indiv,02_indiv (12).dta | 02_indiv (13).dta | 02_indiv (14).dta | 02_indiv.dta,234690,5848,11,childhood
q0113,1.13 Асуултанд хамрагдах эсэх,1.13 Асуултанд хамрагдах эсэх,haven_labelled/vctrs_vctr/double,"2020,2021,2022,2024",indiv,02_indiv (12).dta | 02_indiv (13).dta | 02_indiv (14).dta | 02_indiv.dta,234690,5041,2,childhood
q0118,1.18 [НЭР] хаана төрсөн бэ? Монгол/Гадаад,1.18 [НЭР] хаана birth/born бэ? Монгол/Гадаад,haven_labelled/vctrs_vctr/double,2024,indiv,02_indiv.dta,53898,39795,2,childhood
q0307,3.07 [НЭР] сүүлийн 30 хоногт ер нь (өвдсөн эсвэл  урьдчилан сэргийлэх зорилгоор),3.07 [НЭР] сүүлийн 30 хоногт ер нь (өвдсөн эсвэл  урьдчилан сэргийлэх зорилгоор),haven_labelled/vctrs_vctr/double,"2020,2021,2022,2024",indiv,02_indiv (12).dta | 02_indiv (13).dta | 02_indiv (14).dta | 02_indiv.dta,234690,7468,2,childhood
q0308,3.08 [НЭР] ӨВДСӨН ХЭДИЙ Ч ЭМНЭЛЭГТ ХАНДААГҮЙ ЭСЭХИЙГ ШАЛГА.,3.08 [НЭР] ӨВДСӨН ХЭДИЙ Ч ЭМНЭЛЭГТ ХАНДААГҮЙ ЭСЭХИЙГ ШАЛГА.,haven_labelled/vctrs_vctr/double,"2020,2021,2022,2024",indiv,02_indiv (12).dta | 02_indiv (13).dta | 02_indiv (14).dta | 02_indiv.dta,234690,26133,2,childhood
q0312a,3.12 АМБУЛАТОРИОР ҮЙЛЧЛҮҮЛСЭН ЗАРДАЛ Сүүлийн 30 хоногт эмнэлгээр үйлчлүүлэхэд хэ,3.12 АМБУЛАТОРИОР ҮЙЛЧЛҮҮЛСЭН ЗАРДАЛ Сүүлийн 30 хоногт эмнэлгээр үйлчлүүлэхэд хэ,numeric,"2020,2021,2022,2024",indiv,02_indiv (12).dta | 02_indiv (13).dta | 02_indiv (14).dta | 02_indiv.dta,234690,216025,356,childhood
q0320,3.20 [НЭР] сүүлийн 12 сард эмнэлэгт хэвтэж эмчлүүлэхэд хэдэн төгрөг бэлэн болон,3.20 [НЭР] сүүлийн 12 сард эмнэлэгт хэвтэж эмчлүүлэхэд хэдэн төгрөг бэлэн болон,numeric,"2020,2021,2022,2024",indiv,02_indiv (12).dta | 02_indiv (13).dta | 02_indiv (14).dta | 02_indiv.dta,234690,209514,398,childhood
q0326_4,"3.26 4. [НЭР]-д хоолоо идэх, хувцсаа өмсөх зэргээр өөрийгөө арчлахад хүндрэлтэй","3.26 4. [НЭР]-д хоолоо идэх, хувцсаа өмсөх зэргээр өөрийгөө арчлахад хүндрэлтэй",haven_labelled/vctrs_vctr/double,"2020,2021,2022,2024",indiv,02_indiv (12).dta | 02_indiv (13).dta | 02_indiv (14).dta | 02_indiv.dta,234690,173034,6,childhood
q0326_8,3.26 8. [НЭР] дуртай зүйлээ хийхдээ анхаарлаа төвлөрүүлэхэд хүндрэлтэй байдаг уу,3.26 8. [НЭР] дуртай зүйлээ хийхдээ анхаарлаа төвлөрүүлэхэд хүндрэлтэй байдаг уу,haven_labelled/vctrs_vctr/double,"2020,2021,2022,2024",indiv,02_indiv (12).dta | 02_indiv (13).dta | 02_indiv (14).dta | 02_indiv.dta,234690,173034,6,childhood
q0328_4,"3.28 4. [НЭР]-ын/ийн хувьд аливаа зүйлийг санах, анхаарлаа төвлөрүүлэхэд хүндрэл","3.28 4. [НЭР]-ын/ийн хувьд аливаа зүйлийг санах, анхаарлаа төвлөрүүлэхэд хүндрэл",haven_labelled/vctrs_vctr/double,"2020,2021,2022,2024",indiv,02_indiv (12).dta | 02_indiv (13).dta | 02_indiv (14).dta | 02_indiv.dta,234690,93496,6,childhood
q0328_5,"3.28 5. [НЭР]-ын/ийн хувьд хоолоо идэх, хувцсаа өмсөх, нүүр, гар, биеэ угаах зэр","3.28 5. [НЭР]-ын/ийн хувьд хоолоо идэх, хувцсаа өмсөх, move/migrateр, гар, биеэ угаах зэр",haven_labelled/vctrs_vctr/double,"2020,2021,2022,2024",indiv,02_indiv (12).dta | 02_indiv (13).dta | 02_indiv (14).dta | 02_indiv.dta,234690,93496,6,childhood
q0708,7.08 Хэрвээ та сууцаа хүнд түрээслүүлбэл сарын хэдэн төгрөгөөр түрээслүүлэх вэ?,7.08 Хэрвээ та сууцаа хүнд түрээслүүлбэл сарын хэдэн төгрөгөөр түрээслүүлэх вэ?,numeric,2023,hhold,01_hhold (14).dta,8550,213,53,childhood
q0709,7.09 Танай ундны усны эх үүсвэр юу вэ?,7.09 Танай ундны усны эх үүсвэр юу вэ?,haven_labelled/vctrs_vctr/double,2023,hhold,01_hhold (14).dta,8550,0,15,childhood
q0926,9.26 Танай гэрийн халаалтын үндсэн эх үүсвэр юу вэ?,9.26 Танай гэрийн халаалтын үндсэн эх үүсвэр юу вэ?,haven_labelled/vctrs_vctr/double,"2020,2021,2022,2024",hhold,01_hhold (11).dta | 01_hhold (12).dta | 01_hhold (13).dta | 01_hhold.dta,66167,0,8,childhood
q0928,9.28 Танай сууцны гэрэлтүүлгийн үндсэн эх үүсвэр юу вэ?,9.28 Танай сууцны гэрэлтүүлгийн үндсэн эх үүсвэр юу вэ?,haven_labelled/vctrs_vctr/double,"2020,2021,2022,2024",hhold,01_hhold (11).dta | 01_hhold (12).dta | 01_hhold (13).dta | 01_hhold.dta,66167,0,8,childhood
q0929,9.29 Танайх ундны усаа ихэвчлэн ямар эх үүсвэрээс авдаг вэ?,9.29 Танайх ундны усаа ихэвчлэн ямар эх үүсвэрээс авдаг вэ?,haven_labelled/vctrs_vctr/double,"2020,2021,2022,2024",hhold,01_hhold (11).dta | 01_hhold (12).dta | 01_hhold (13).dta | 01_hhold.dta,66167,3435,15,childhood
q0930,9.30 Танай усны эх үүсвэр хаана байдаг вэ?,9.30 Танай усны эх үүсвэр хаана байдаг вэ?,haven_labelled/vctrs_vctr/double | numeric,"2020,2021,2022,2024",hhold,01_hhold (11).dta | 01_hhold (12).dta | 01_hhold (13).dta | 01_hhold.dta,66167,5858,89,childhood
q0940,9.40 ГАР УГААХ ГАЗАРТ УС БАЙГАА ЭСЭХИЙГ АЖИГЛАНА.,9.40 ГАР УГААХ ГАЗАРТ УС БАЙГАА ЭСЭХИЙГ АЖИГЛАНА.,haven_labelled/vctrs_vctr/double,"2022,2024",hhold,01_hhold (13).dta | 01_hhold.dta,38508,369,3,childhood
q0941,"9.41 ГАР УГААХ ГАЗАРТ САВАН, УГААЛГЫН БОДИС БАЙГАА ЭСЭХИЙГ АЖИГЛАНА.","9.41 ГАР УГААХ ГАЗАРТ САВАН, УГААЛГЫН БОДИС БАЙГАА ЭСЭХИЙГ АЖИГЛАНА.",haven_labelled/vctrs_vctr/double,"2022,2024",hhold,01_hhold (13).dta | 01_hhold.dta,38508,13633,2,childhood
q1007a,"A Яаралтай тусламж, үйлчилгээ авах боломжтой эсэх","A Яаралтай тусламж, үйлчилгээ авах боломжтой эсэх",numeric,"2020,2021,2022,2024",hhold,01_hhold (11).dta | 01_hhold (12).dta | 01_hhold (13).dta | 01_hhold.dta,66167,0,2,childhood
q1007b,Б Амбулаторийн үйлчилгээ авах боломжтой эсэх,Б Амбулаторийн үйлчилгээ авах боломжтой эсэх,numeric,"2020,2021,2022,2024",hhold,01_hhold (11).dta | 01_hhold (12).dta | 01_hhold (13).dta | 01_hhold.dta,66167,0,2,childhood
q1007c,В Эмнэлэгт хэвтэн эмчлүүлэх боломжтой эсэх,В Эмнэлэгт хэвтэн эмчлүүлэх боломжтой эсэх,numeric,"2020,2021,2022,2024",hhold,01_hhold (11).dta | 01_hhold (12).dta | 01_hhold (13).dta | 01_hhold.dta,66167,0,2,childhood
q1007d,Г Эмчид үзүүлэх боломжтой эсэх,Г Эмчид үзүүлэх боломжтой эсэх,numeric,"2020,2021,2022,2024",hhold,01_hhold (11).dta | 01_hhold (12).dta | 01_hhold (13).dta | 01_hhold.dta,66167,0,3,childhood
q1007e,Д Шинжилгээний лаборатори байгаа эсэх,Д Шинжилгээний лаборатори байгаа эсэх,numeric,"2020,2021,2022,2024",hhold,01_hhold (11).dta | 01_hhold (12).dta | 01_hhold (13).dta | 01_hhold.dta,66167,0,2,childhood
q1007f,Е Рентген шинжилгээний үйлчилгээ байгаа эсэх,Е Рентген шинжилгээний үйлчилгээ байгаа эсэх,numeric,"2020,2021,2022,2024",hhold,01_hhold (11).dta | 01_hhold (12).dta | 01_hhold (13).dta | 01_hhold.dta,66167,0,2,childhood
q1007g,Ё Эрүүл мэндийн урьдчилан сэргийлэх үйлчилгээгээр хангагдах боломжтой эсэх,Ё health мэндийн урьдчилан сэргийлэх үйлчилгээгээр хангагдах боломжтой эсэх,numeric,"2020,2021,2022,2024",hhold,01_hhold (11).dta | 01_hhold (12).dta | 01_hhold (13).dta | 01_hhold.dta,66167,0,2,childhood
q0103,1.03 Хүйс,1.03 sex,haven_labelled/vctrs_vctr/double,"2020,2021,2022,2023,2024",indiv,02_indiv (12).dta | 02_indiv (13).dta | 02_indiv (14).dta | 02_indiv (15).dta | 02_indiv.dta,264974,0,2,demographics
q0105m,1.05 Нас /сар/,1.05 age /сар/,numeric,"2020,2021,2022,2023,2024",indiv,02_indiv (12).dta | 02_indiv (13).dta | 02_indiv (14).dta | 02_indiv (15).dta | 02_indiv.dta,264974,260244,11,demographics
q0105y,1.05 Нас /жил/,1.05 age /жил/,numeric,"2020,2021,2022,2023,2024",indiv,02_indiv (12).dta | 02_indiv (13).dta | 02_indiv (14).dta | 02_indiv (15).dta | 02_indiv.dta,264974,0,102,demographics
q0106,1.06 Гэрлэлтийн байдал,1.06 maritalийн байдал,haven_labelled/vctrs_vctr/double,"2020,2021,2022,2023,2024",indiv,02_indiv (12).dta | 02_indiv (13).dta | 02_indiv (14).dta | 02_indiv (15).dta | 02_indiv.dta,264974,85760,6,demographics
q0201,2.01 15 болон түүнээс дээш настай эсэхийг шалга,2.01 15 болон түүнээс дээш ageтай эсэхийг шалга,haven_labelled/vctrs_vctr/double,"2020,2021,2022,2023,2024",indiv,02_indiv (12).dta | 02_indiv (13).dta | 02_indiv (14).dta | 02_indiv (15).dta | 02_indiv.dta,264974,8309,2,demographics
q0207,2.07 5 БА ТҮҮНЭЭС ДЭЭШ НАСТАЙ ЭСЭХИЙГ ШАЛГА.,2.07 5 БА ТҮҮНЭЭС ДЭЭШ ageТАЙ ЭСЭХИЙГ ШАЛГА.,haven_labelled/vctrs_vctr/double,"2020,2021,2022,2023,2024",indiv,02_indiv (12).dta | 02_indiv (13).dta | 02_indiv (14).dta | 02_indiv (15).dta | 02_indiv.dta,264974,27029,88,demographics
q0323,3.23 2-4 НАСТАЙ ЭСЭХИЙГ ШАЛГАНА УУ.,3.23 2-4 ageТАЙ ЭСЭХИЙГ ШАЛГАНА УУ.,haven_labelled/vctrs_vctr/double,"2020,2021,2022,2024",indiv,02_indiv (12).dta | 02_indiv (13).dta | 02_indiv (14).dta | 02_indiv.dta,234690,7468,2,demographics
q0325,3.25 5-17 НАСТАЙ ЭСЭХИЙГ ШАЛГАНА УУ.,3.25 5-17 ageТАЙ ЭСЭХИЙГ ШАЛГАНА УУ.,haven_labelled/vctrs_vctr/double,"2020,2021,2022,2024",indiv,02_indiv (12).dta | 02_indiv (13).dta | 02_indiv (14).dta | 02_indiv.dta,234690,7468,2,demographics
q0327,3.27 18 БА ТҮҮНЭЭС ДЭЭШ НАСТАЙ ЭСЭХИЙГ ШАЛГАНА УУ.,3.27 18 БА ТҮҮНЭЭС ДЭЭШ ageТАЙ ЭСЭХИЙГ ШАЛГАНА УУ.,haven_labelled/vctrs_vctr/double,"2020,2021,2022,2024",indiv,02_indiv (12).dta | 02_indiv (13).dta | 02_indiv (14).dta | 02_indiv.dta,234690,7468,2,demographics
q0953,Does the household use a sewage/drainage system?,Does the household use a sewage/drainage system?,haven_labelled/vctrs_vctr/double,2024,hhold,01_hhold.dta,15513,0,5,demographics
q0316,"3.16 Танайх сүүлийн 12 сард үр тариа, хүнсний ногоо, жимс тариалсан уу? Малын тэ","3.16 Танайх сүүлийн 12 сард үр тариа, хүнсний ногоо, жимс тариалсан уу? Малын тэ",haven_labelled/vctrs_vctr/double,"2020,2021,2022,2023,2024","hhold,indiv",01_hhold (14).dta | 02_indiv (12).dta | 02_indiv (13).dta | 02_indiv (14).dta | 02_indiv.dta,243240,15660,2,economic
q0944a,"A. Шахмал, шингэн саван","A. Шахмал, шингэн саван",character,2022,hhold,01_hhold (13).dta,22995,0,3,economic
q0944b,B. Ариутгагч/Угаалгын нунтаг (нунтаг/шингэн/шахмал),B. Ариутгагч/Угаалгын нунтаг (нунтаг/шингэн/шахмал),character,2022,hhold,01_hhold (13).dta,22995,0,2,economic
q0202,2.02 ХАРИУЛЖ БАЙГАА ХҮНИЙ ХУВИЙН ДУГААРЫГ  БИЧНЭ ҮҮ,2.02 ХАРИУЛЖ БАЙГАА ХҮНИЙ ХУВИЙН ДУГААРЫГ  БИЧНЭ ҮҮ,haven_labelled/vctrs_vctr/double | numeric,"2020,2021,2022,2023,2024",indiv,02_indiv (12).dta | 02_indiv (13).dta | 02_indiv (14).dta | 02_indiv (15).dta | 02_indiv.dta,264974,218553,9,education
q0203,2.03 Хариулж байгаа хүний хувийн дугаар бичнэ үү.,2.03 Хариулж байгаа хүний хувийн дугаар бичнэ үү.,haven_labelled/vctrs_vctr/double | numeric,"2020,2021,2022,2023,2024",indiv,02_indiv (12).dta | 02_indiv (13).dta | 02_indiv (14).dta | 02_indiv (15).dta | 02_indiv.dta,264974,230182,8,education
q0204,2.04 Та сүүлийн 12 сард наад зах нь 1 цаг орлого олох зорилгоор ямар нэг цалин х,2.04 Та сүүлийн 12 сард наад зах нь 1 цаг income олох зорилгоор ямар нэг wage х,haven_labelled/vctrs_vctr/double,"2020,2021,2022,2023,2024",indiv,02_indiv (12).dta | 02_indiv (13).dta | 02_indiv (14).dta | 02_indiv (15).dta | 02_indiv.dta,264974,233284,10,education
q0205,2.05 [НЭР]-ын/ийн сүүлийн 12 сард эрхэлсэн үндсэн ажил юу вэ?,2.05 [НЭР]-ын/ийн сүүлийн 12 сард эрхэлсэн үндсэн work юу вэ?,haven_labelled/vctrs_vctr/double,"2020,2021,2022,2023,2024",indiv,02_indiv (12).dta | 02_indiv (13).dta | 02_indiv (14).dta | 02_indiv (15).dta | 02_indiv.dta,264974,239520,13,education
q0206,2.06 Та ямар ажил эрхэлсэн бэ?,2.06 Та ямар work эрхэлсэн бэ?,haven_labelled/vctrs_vctr/double,2023,indiv,02_indiv (15).dta,30284,19561,43,education
q0206_1,2.06 Өрхөөс төлсөн цэцэрлэгийн төлбөр,2.06 householdөөс төлсөн цэцэрлэгийн төлбөр,numeric,"2020,2021,2022,2024",indiv,02_indiv (12).dta | 02_indiv (13).dta | 02_indiv (14).dta | 02_indiv.dta,234690,219959,108,education
q0206_2,"2.06 Бичгийн хэрэгсэл, сургалтын материал","2.06 Бичгийн хэрэгсэл, сургалтын материал",numeric,"2020,2021,2022,2024",indiv,02_indiv (12).dta | 02_indiv (13).dta | 02_indiv (14).dta | 02_indiv.dta,234690,219959,115,education
q0206_3,"2.06 Цэцэрлэг, яслийн хоолны мөнгө","2.06 Цэцэрлэг, ethnicityлийн хоолны мөнгө",numeric,"2020,2021,2022,2024",indiv,02_indiv (12).dta | 02_indiv (13).dta | 02_indiv (14).dta | 02_indiv.dta,234690,219959,48,education
q0206_4,2.06 Бусад,2.06 Бусад,numeric,"2020,2021,2022,2024",indiv,02_indiv (12).dta | 02_indiv (13).dta | 02_indiv (14).dta | 02_indiv.dta,234690,219959,90,education
q0206_5,2.06 Нийт,2.06 Нийт,numeric,"2020,2021,2022,2024",indiv,02_indiv (12).dta | 02_indiv (13).dta | 02_indiv (14).dta | 02_indiv.dta,234690,219959,275,education
q0208,2.08 [НЭР] сүүлийн 12 сард ажилласан үндсэн ажлаасаа мөнгөн ба мөнгөн бус хэлбэр,2.08 [НЭР] сүүлийн 12 сард workласан үндсэн ажлаасаа мөнгөн ба мөнгөн бус хэлбэр,haven_labelled/vctrs_vctr/double,"2020,2021,2022,2023,2024",indiv,02_indiv (12).dta | 02_indiv (13).dta | 02_indiv (14).dta | 02_indiv (15).dta | 02_indiv.dta,264974,51745,2,education
q0209,2.09 ХАРИУЛЖ БАЙГАА ХҮНИЙ ХУВИЙН ДУГААРЫГ БИЧНЭ ҮҮ.,2.09 ХАРИУЛЖ БАЙГАА ХҮНИЙ ХУВИЙН ДУГААРЫГ БИЧНЭ ҮҮ.,numeric,"2020,2021,2022,2024",indiv,02_indiv (12).dta | 02_indiv (13).dta | 02_indiv (14).dta | 02_indiv.dta,234690,130530,10,education
q0209a,2.09 А. Сүүлийн сард,2.09 А. Сүүлийн сард,numeric,2023,indiv,02_indiv (15).dta,30284,23002,384,education
q0209b,2.09 Б. Сүүлийн 12 сард,2.09 Б. Сүүлийн 12 сард,numeric,2023,indiv,02_indiv (15).dta,30284,23002,817,education
q0209c,"2.09 В. Сүүлийн 12 сарын нэмэгдэл хөлс, шагнал, урамшуулал","2.09 В. Сүүлийн 12 сарын нэмэгдэл хөлс, шагнал, урамшуулал",numeric,2023,indiv,02_indiv (15).dta,30284,23002,174,education
q0210,2.10 [НЭР] сүүлийн 12 сард үндсэн ажлаасаа гадна нэмэлт/давхар цалинтай ажил/орл,2.10 [НЭР] сүүлийн 12 сард үндсэн ажлаасаа гадна нэмэлт/давхар wageтай work/орл,haven_labelled/vctrs_vctr/double,"2020,2021,2022,2023,2024",indiv,02_indiv (12).dta | 02_indiv (13).dta | 02_indiv (14).dta | 02_indiv (15).dta | 02_indiv.dta,264974,51753,10,education
q0211,"2.11 [НЭР] Монгол хэл эсвэл бусад хэл дээр энгийн өгүүлбэр уншиж, бичиж чадах уу","2.11 [НЭР] Монгол хэл эсвэл бусад хэл дээр энгийн өгүүлбэр уншиж, бичиж чадах уу",haven_labelled/vctrs_vctr/double,"2020,2021,2022,2023,2024",indiv,02_indiv (12).dta | 02_indiv (13).dta | 02_indiv (14).dta | 02_indiv (15).dta | 02_indiv.dta,264974,197119,2,education
q0212,"2.12 [НЭР] энгийн нэмэх, хасах тооцооллыг хийж чадах уу?","2.12 [НЭР] энгийн нэмэх, хасах тооцооллыг хийж чадах уу?",haven_labelled/vctrs_vctr/double,"2020,2021,2022,2024",indiv,02_indiv (12).dta | 02_indiv (13).dta | 02_indiv (14).dta | 02_indiv.dta,234690,167241,2,education
q0212a,2.12 А. Сүүлийн сард,2.12 А. Сүүлийн сард,numeric,2023,indiv,02_indiv (15).dta,30284,29974,38,education
q0212b,2.12 Б. Сүүлийн 12 сард,2.12 Б. Сүүлийн 12 сард,numeric,2023,indiv,02_indiv (15).dta,30284,29974,103,education
q0212c,"2.12 В. Сүүлийн 12 сарын нэмэгдэл хөлс, шагнал, урамшуулал","2.12 В. Сүүлийн 12 сарын нэмэгдэл хөлс, шагнал, урамшуулал",numeric,2023,indiv,02_indiv (15).dta,30284,29974,5,education
q0213,2.13 [НЭР] нийт хэдэн жил сургуульд  суралцсан бэ?,2.13 [НЭР] нийт хэдэн жил schoolд  суралцсан бэ?,numeric,"2020,2021,2022,2024",indiv,02_indiv (12).dta | 02_indiv (13).dta | 02_indiv (14).dta | 02_indiv.dta,234690,32192,28,education
q0214,2.14 [НЭР] одоо сургуульд сурдаг уу?,2.14 [НЭР] одоо schoolд сурдаг уу?,haven_labelled/vctrs_vctr/double,"2020,2021,2022,2024",indiv,02_indiv (12).dta | 02_indiv (13).dta | 02_indiv (14).dta | 02_indiv.dta,234690,32192,4,education
q0215,2.15 [НЭР] ерөнхий боловсролын сургуулиас завсардсан уу?,2.15 [НЭР] ерөнхий educationын сургуулиас завсардсан уу?,haven_labelled/vctrs_vctr/double,"2020,2021,2022,2024",indiv,02_indiv (12).dta | 02_indiv (13).dta | 02_indiv (14).dta | 02_indiv.dta,234690,221837,2,education
q0216,2.16 [НЭР] сургуулийн хэддүгээр ангиас гарсан бэ?,2.16 [НЭР] сургуулийн хэддүгээр gradeас гарсан бэ?,numeric,"2020,2021,2022,2024",indiv,02_indiv (12).dta | 02_indiv (13).dta | 02_indiv (14).dta | 02_indiv.dta,234690,222257,12,education
q0217,2.17 [НЭР] яагаад сургуулиас гарсан бэ?,2.17 [НЭР] яагаад сургуулиас гарсан бэ?,haven_labelled/vctrs_vctr/double,"2020,2021,2022,2024",indiv,02_indiv (12).dta | 02_indiv (13).dta | 02_indiv (14).dta | 02_indiv.dta,234690,222257,13,education
q0218,2.18 [НЭР] яагаад сургуульд суралцаагүй вэ?,2.18 [НЭР] яагаад schoolд суралцаагүй вэ?,haven_labelled/vctrs_vctr/double,"2020,2021,2022,2024",indiv,02_indiv (12).dta | 02_indiv (13).dta | 02_indiv (14).dta | 02_indiv.dta,234690,225611,13,education
q0219a,2.19 [НЭР] одоо ямар сургуульд сурч байна вэ?,2.19 [НЭР] одоо ямар schoolд сурч байна вэ?,haven_labelled/vctrs_vctr/double,"2020,2021,2022,2024",indiv,02_indiv (12).dta | 02_indiv (13).dta | 02_indiv (14).dta | 02_indiv.dta,234690,172539,6,education
q0219b,"2.19 [НЭР] одоо хэддүгээр анги, курсэд сурч байна вэ?","2.19 [НЭР] одоо хэддүгээр grade, курсэд сурч байна вэ?",numeric,"2020,2021,2022,2024",indiv,02_indiv (12).dta | 02_indiv (13).dta | 02_indiv (14).dta | 02_indiv.dta,234690,172539,13,education
q0220,2.20 [НЭР]-ын/ийн сурдаг сургуулийн өмчийн хэлбэр ямар вэ?,2.20 [НЭР]-ын/ийн сурдаг сургуулийн өмчийн хэлбэр ямар вэ?,haven_labelled/vctrs_vctr/double,"2020,2021,2022,2024",indiv,02_indiv (12).dta | 02_indiv (13).dta | 02_indiv (14).dta | 02_indiv.dta,234690,172539,3,education
q0221,2.21 [НЭР]-ын/ийн суралцдаг сургууль хаана байдаг вэ?,2.21 [НЭР]-ын/ийн суралцдаг school хаана байдаг вэ?,haven_labelled/vctrs_vctr/double,"2020,2021,2022,2024",indiv,02_indiv (12).dta | 02_indiv (13).dta | 02_indiv (14).dta | 02_indiv.dta,234690,172539,4,education
q0222,2.22 [НЭР] суралцах хугацаандаа хаана амьдардаг вэ?,2.22 [НЭР] суралцах хугацаандаа хаана амьдардаг вэ?,haven_labelled/vctrs_vctr/double,"2020,2021,2022,2024",indiv,02_indiv (12).dta | 02_indiv (13).dta | 02_indiv (14).dta | 02_indiv.dta,234690,172540,5,education
q0223,2.23 [НЭР] сургууль руу явахдаа ямар тээврийн хэрэгслээр явдаг вэ?,2.23 [НЭР] school руу явахдаа ямар тээврийн хэрэгслээр явдаг вэ?,haven_labelled/vctrs_vctr/double,"2020,2021,2022,2024",indiv,02_indiv (12).dta | 02_indiv (13).dta | 02_indiv (14).dta | 02_indiv.dta,234690,172539,8,education
q0224,2.24 [НЭР] сургалтын төлбөр төлдөг үү?,2.24 [НЭР] сургалтын төлбөр төлдөг үү?,haven_labelled/vctrs_vctr/double,"2020,2021,2022,2024",indiv,02_indiv (12).dta | 02_indiv (13).dta | 02_indiv (14).dta | 02_indiv.dta,234690,172539,2,education
q0225,2.25 [НЭР] сүүлийн 12 сард сургалтын төлбөрөө төлөхийн тулд зээл авсан уу?,2.25 [НЭР] сүүлийн 12 сард сургалтын төлбөрөө төлөхийн тулд зээл авсан уу?,haven_labelled/vctrs_vctr/double,"2020,2021,2022,2024",indiv,02_indiv (12).dta | 02_indiv (13).dta | 02_indiv (14).dta | 02_indiv.dta,234690,224991,2,education
q0226,2.26 [НЭР] хаанаас зээл авсан бэ?,2.26 [НЭР] хаанаас зээл авсан бэ?,haven_labelled/vctrs_vctr/double,"2020,2021,2022,2024",indiv,02_indiv (12).dta | 02_indiv (13).dta | 02_indiv (14).dta | 02_indiv.dta,234690,234144,7,education
q0227,2.27 [НЭР] сүүлийн 12 сард сургалтын төлбөрт зориулан нийт хэдэн төгрөгийн зээл,2.27 [НЭР] сүүлийн 12 сард сургалтын төлбөрт зориулан нийт хэдэн төгрөгийн зээл,numeric,"2020,2021,2022,2024",indiv,02_indiv (12).dta | 02_indiv (13).dta | 02_indiv (14).dta | 02_indiv.dta,234690,234144,58,education
q0228,"2.28 [НЭР] сүүлийн 12 сард сургалтын төлбөртөө ямар нэг тусламж, хандив, хөнгөлө","2.28 [НЭР] сүүлийн 12 сард сургалтын төлбөртөө ямар нэг тусламж, хандив, хөнгөлө",haven_labelled/vctrs_vctr/double,"2020,2021,2022,2024",indiv,02_indiv (12).dta | 02_indiv (13).dta | 02_indiv (14).dta | 02_indiv.dta,234690,224990,2,education
q0229,"2.29 [НЭР] хэнээс тусламж, хандив, хөнгөлөлт авсан бэ?","2.29 [НЭР] хэнээс тусламж, хандив, хөнгөлөлт авсан бэ?",haven_labelled/vctrs_vctr/double,"2020,2021,2022,2024",indiv,02_indiv (12).dta | 02_indiv (13).dta | 02_indiv (14).dta | 02_indiv.dta,234690,233964,7,education
q0230,"2.30 [НЭР] сүүлийн 12 сард сургалтын төлбөрт зориулан хичнээн төгрөгийн тусламж,","2.30 [НЭР] сүүлийн 12 сард сургалтын төлбөрт зориулан хичнээн төгрөгийн тусламж,",numeric,"2020,2021,2022,2024",indiv,02_indiv (12).dta | 02_indiv (13).dta | 02_indiv (14).dta | 02_indiv.dta,234690,233965,75,education
q0231,2.31 [НЭР] сүүлийн 12 сард дор хаяж нэг долоо хоног ямар нэгэн сургалтад хамрагд,2.31 [НЭР] сүүлийн 12 сард дор хаяж нэг долоо хоног ямар нэгэн сургалтад хамрагд,haven_labelled/vctrs_vctr/double,"2020,2021,2022,2024",indiv,02_indiv (12).dta | 02_indiv (13).dta | 02_indiv (14).dta | 02_indiv.dta,234690,32192,2,education
q0232_1,2.32.1  Сууцны түрээс болон оюутны байрны хөлс,2.32.1  Сууцны түрээс болон оюутны байрны хөлс,numeric,"2020,2021,2022,2024",indiv,02_indiv (12).dta | 02_indiv (13).dta | 02_indiv (14).dta | 02_indiv.dta,234690,32192,149,education
q0232_2,2.32.2 Өрхөөс төлсөн сургалтын төлбөр,2.32.2 householdөөс төлсөн сургалтын төлбөр,numeric,"2020,2021,2022,2024",indiv,02_indiv (12).dta | 02_indiv (13).dta | 02_indiv (14).dta | 02_indiv.dta,234690,32191,393,education
q0232_3,"2.32.3 Сурах бичиг, бичгийн хэрэгсэл","2.32.3 Сурах бичиг, бичгийн хэрэгсэл",numeric,"2020,2021,2022,2024",indiv,02_indiv (12).dta | 02_indiv (13).dta | 02_indiv (14).dta | 02_indiv.dta,234690,32192,245,education
q0232_4,2.32.4 Дүрэмт хувцас,2.32.4 Дүрэмт хувцас,numeric,"2020,2021,2022,2024",indiv,02_indiv (12).dta | 02_indiv (13).dta | 02_indiv (14).dta | 02_indiv.dta,234690,32192,239,education
q0232_5,2.32.5 Тээвэр,2.32.5 Тээвэр,numeric,"2020,2021,2022,2024",indiv,02_indiv (12).dta | 02_indiv (13).dta | 02_indiv (14).dta | 02_indiv.dta,234690,32192,218,education
q0232_6,2.32.6 Бусад,2.32.6 Бусад,numeric,"2020,2021,2022,2024",indiv,02_indiv (12).dta | 02_indiv (13).dta | 02_indiv (14).dta | 02_indiv.dta,234690,32192,164,education
q0232_7,2.32.7 Нийт,2.32.7 Нийт,numeric,"2020,2021,2022,2024",indiv,02_indiv (12).dta | 02_indiv (13).dta | 02_indiv (14).dta | 02_indiv.dta,234690,32192,1693,education
q0328_6,3.28 6. [НЭР]-ын/ийн хувьд төрөлх хэлээрээ бусадтай ярихад ямар нэгэн бэрхшээл г,3.28 6. [НЭР]-ын/ийн хувьд төрөлх хэлээрээ бусадтай ярихад ямар нэгэн бэрхшээл г,haven_labelled/vctrs_vctr/double,"2020,2021,2022,2024",indiv,02_indiv (12).dta | 02_indiv (13).dta | 02_indiv (14).dta | 02_indiv.dta,234690,93496,6,ethnic_cultural
q0701,"7.01 Сүүлийн 12 сард ХАА-н бус үйлдвэрлэл, худалдаа, үйлчилгээ эрхэлсэн үү?","7.01 Сүүлийн 12 сард ХАА-н бус үйлдвэрлэл, худалдаа, үйлчилгээ эрхэлсэн үү?",haven_labelled/vctrs_vctr/double,"2020,2021,2022,2023,2024",hhold,01_hhold (11).dta | 01_hhold (12).dta | 01_hhold (13).dta | 01_hhold (14).dta | 01_hhold.dta,74717,0,7,ethnic_cultural
q0702,"7.02 Хэдэн төрлийн үйлдвэрлэл, худалдаа, үйлчилгээ эрхэлсэн бэ?","7.02 Хэдэн төрлийн үйлдвэрлэл, худалдаа, үйлчилгээ эрхэлсэн бэ?",numeric,"2020,2021,2022,2023,2024",hhold,01_hhold (11).dta | 01_hhold (12).dta | 01_hhold (13).dta | 01_hhold (14).dta | 01_hhold.dta,74717,62431,8,ethnic_cultural
q0921,9.21 Та энэ сууцныхаа өмчийн хэлбэрийг хэлнэ үү?,9.21 Та энэ сууцныхаа өмчийн хэлбэрийг хэлнэ үү?,haven_labelled/vctrs_vctr/double,"2020,2021,2022,2024",hhold,01_hhold (11).dta | 01_hhold (12).dta | 01_hhold (13).dta | 01_hhold.dta,66167,0,8,ethnic_cultural
aimagsoum,Combinations of aimags and soums,Combinations of aimags and soums,numeric,"2022,2023,2024",basicvars,basicvars (13).dta | basicvars (14).dta | basicvars.dta,47058,0,338,geography
location,Strata 4 locations,Strata 4 locations,haven_labelled/vctrs_vctr/double,"2020,2021,2022,2023,2024",basicvars,basicvars (11).dta | basicvars (12).dta | basicvars (13).dta | basicvars (14).dta | basicvars.dta,74717,0,4,geography
newaimag,New code of aimag,New code of aimag,haven_labelled/vctrs_vctr/double,"2020,2021,2022,2023,2024",basicvars,basicvars (11).dta | basicvars (12).dta | basicvars (13).dta | basicvars (14).dta | basicvars.dta,74717,0,22,geography
q0111a,1.11 Одоо [НЭР] хаана амьдарч байна вэ? Аймаг/ Нийслэл,1.11 Одоо [НЭР] хаана амьдарч байна вэ? aimag/ Нийслэл,haven_labelled/vctrs_vctr/double,"2020,2021,2022",indiv,02_indiv (12).dta | 02_indiv (13).dta | 02_indiv (14).dta,180792,179138,36,geography
q0111b,1.11 Одоо [НЭР] хаана амьдарч байна вэ? Сум/ дүүрэг,1.11 Одоо [НЭР] хаана амьдарч байна вэ? soum/ дүүрэг,numeric,"2020,2021,2022",indiv,02_indiv (12).dta | 02_indiv (13).dta | 02_indiv (14).dta,180792,179261,21,geography
q0114a,1.14 [НЭР] хаана төрсөн бэ? Аймаг/ Нийслэл,1.14 [НЭР] хаана birth/born бэ? aimag/ Нийслэл,haven_labelled/vctrs_vctr/double,"2020,2021,2022",indiv,02_indiv (12).dta | 02_indiv (13).dta | 02_indiv (14).dta,180792,130697,44,geography
q0114b,1.14 [НЭР] хаана төрсөн бэ? Сум/ дүүрэг,1.14 [НЭР] хаана birth/born бэ? soum/ дүүрэг,numeric,"2020,2021,2022",indiv,02_indiv (12).dta | 02_indiv (13).dta | 02_indiv (14).dta,180792,131011,27,geography
q0115a,1.15 Одоо [НЭР] хаана амьдарч байна вэ? Аймаг/ Нийслэл,1.15 Одоо [НЭР] хаана амьдарч байна вэ? aimag/ Нийслэл,haven_labelled/vctrs_vctr/double,2024,indiv,02_indiv.dta,53898,53542,30,geography
q0115b,1.15 Одоо [НЭР] хаана амьдарч байна вэ? Сум/ дүүрэг,1.15 Одоо [НЭР] хаана амьдарч байна вэ? soum/ дүүрэг,haven_labelled/vctrs_vctr/double,2024,indiv,02_indiv.dta,53898,53600,70,geography
q0117,1.17 [НЭР] энэ нутаг буюу [АЙМАГ]-ын/ийн [СУМ]-нд төрсөн үү?,1.17 [НЭР] энэ place/area буюу [aimag]-ын/ийн [soum]-нд birth/born үү?,haven_labelled/vctrs_vctr/double,"2020,2021,2022,2024",indiv,02_indiv (12).dta | 02_indiv (13).dta | 02_indiv (14).dta | 02_indiv.dta,234690,141775,5,geography
q0118a,"1.18 [НЭР] хамгийн сүүлд аль аймаг, сумаас шилжиж ирсэн бэ? Аймаг/ Нийслэл","1.18 [НЭР] хамгийн сүүлд аль aimag, soumаас move/migrateиж ирсэн бэ? aimag/ Нийслэл",haven_labelled/vctrs_vctr/double,"2020,2021,2022,2024",indiv,02_indiv (12).dta | 02_indiv (13).dta | 02_indiv (14).dta | 02_indiv.dta,234690,179143,41,geography
q0118b,"1.18 [НЭР] хамгийн сүүлд аль аймаг, сумаас шилжиж ирсэн бэ? Сум/ дүүрэг","1.18 [НЭР] хамгийн сүүлд аль aimag, soumаас move/migrateиж ирсэн бэ? soum/ дүүрэг",haven_labelled/vctrs_vctr/double | numeric,"2020,2021,2022,2024",indiv,02_indiv (12).dta | 02_indiv (13).dta | 02_indiv (14).dta | 02_indiv.dta,234690,179707,339,geography
q0121,1.21 [НЭР] 5-н жилийн өмнө хаана амьдарч байсан бэ? Аймаг/ Нийслэл,1.21 [НЭР] 5-н жилийн өмнө хаана амьдарч байсан бэ? aimag/ Нийслэл,haven_labelled/vctrs_vctr/double,"2020,2021,2022,2024",indiv,02_indiv (12).dta | 02_indiv (13).dta | 02_indiv (14).dta | 02_indiv.dta,234690,183527,5,geography
q0121a,1.21 [НЭР] 5-н жилийн өмнө хаана амьдарч байсан бэ? Аймаг/ Нийслэл,1.21 [НЭР] 5-н жилийн өмнө хаана амьдарч байсан бэ? aimag/ Нийслэл,haven_labelled/vctrs_vctr/double,"2020,2021,2022",indiv,02_indiv (12).dta | 02_indiv (13).dta | 02_indiv (14).dta,180792,139822,35,geography
q0121b,1.21 [НЭР] 5-н жилийн өмнө хаана амьдарч байсан бэ? Сум/ дүүрэг,1.21 [НЭР] 5-н жилийн өмнө хаана амьдарч байсан бэ? soum/ дүүрэг,numeric,"2020,2021,2022",indiv,02_indiv (12).dta | 02_indiv (13).dta | 02_indiv (14).dta,180792,139998,27,geography
q0122a,"1.22 [НЭР] хамгийн сүүлд аль аймаг, сумаас шилжиж ирсэн бэ? Аймаг/ Нийслэл","1.22 [НЭР] хамгийн сүүлд аль aimag, soumаас move/migrateиж ирсэн бэ? aimag/ Нийслэл",haven_labelled/vctrs_vctr/double,2024,indiv,02_indiv.dta,53898,43705,37,geography
q0122b,"1.22 [НЭР] хамгийн сүүлд аль аймаг, сумаас шилжиж ирсэн бэ? Сум/ дүүрэг","1.22 [НЭР] хамгийн сүүлд аль aimag, soumаас move/migrateиж ирсэн бэ? soum/ дүүрэг",haven_labelled/vctrs_vctr/double,2024,indiv,02_indiv.dta,53898,43783,338,geography
q0125,1.25 [НЭР] 5-н жилийн өмнө хаана амьдарч байсан бэ? Аймаг/ Нийслэл,1.25 [НЭР] 5-н жилийн өмнө хаана амьдарч байсан бэ? aimag/ Нийслэл,haven_labelled/vctrs_vctr/double,2024,indiv,02_indiv.dta,53898,43826,2,geography
q0125a,1.25 [НЭР] 5-н жилийн өмнө хаана амьдарч байсан бэ? Аймаг/ Нийслэл,1.25 [НЭР] 5-н жилийн өмнө хаана амьдарч байсан бэ? aimag/ Нийслэл,haven_labelled/vctrs_vctr/double,2024,indiv,02_indiv.dta,53898,43826,32,geography
q0125b,1.25 [НЭР] 5-н жилийн өмнө хаана амьдарч байсан бэ? Сум/ дүүрэг,1.25 [НЭР] 5-н жилийн өмнө хаана амьдарч байсан бэ? soum/ дүүрэг,haven_labelled/vctrs_vctr/double,2024,indiv,02_indiv.dta,53898,43867,296,geography
urban,Urban/rural,Urban/rural,haven_labelled/vctrs_vctr/double,"2020,2021,2022,2023,2024",basicvars,basicvars (11).dta | basicvars (12).dta | basicvars (13).dta | basicvars (14).dta | basicvars.dta,74717,0,2,geography
q0303,3.03 [НЭР] эрүүл мэндийн даатгал (ЭМД)-д хамрагдаж байгаа юу?,3.03 [НЭР] health мэндийн даатгал (ЭМД)-д хамрагдаж байгаа юу?,haven_labelled/vctrs_vctr/double,"2020,2021,2022,2024",indiv,02_indiv (12).dta | 02_indiv (13).dta | 02_indiv (14).dta | 02_indiv.dta,234690,7468,2,health
q0305,3.05 [НЭР] эрүүл мэндийн даатгалаа хаанаас төлдөг вэ?,3.05 [НЭР] health мэндийн даатгалаа хаанаас төлдөг вэ?,haven_labelled/vctrs_vctr/double,"2020,2021,2022,2024",indiv,02_indiv (12).dta | 02_indiv (13).dta | 02_indiv (14).dta | 02_indiv.dta,234690,33382,4,health
q0309,3.09 [НЭР] яагаад эмнэлэгт хандаагүй вэ?,3.09 [НЭР] яагаад эмнэлэгт хандаагүй вэ?,haven_labelled/vctrs_vctr/double,"2020,2021,2022,2024",indiv,02_indiv (12).dta | 02_indiv (13).dta | 02_indiv (14).dta | 02_indiv.dta,234690,232313,13,health
q0310a,3.10 Сүүлийн 30 хоногт [НЭР] эмнэлэгт хандсан шалтгаан/ өвчин юу вэ? Анхны,3.10 Сүүлийн 30 хоногт [НЭР] эмнэлэгт хандсан reason/ illness юу вэ? Анхны,haven_labelled/vctrs_vctr/double,"2020,2021,2022,2024",indiv,02_indiv (12).dta | 02_indiv (13).dta | 02_indiv (14).dta | 02_indiv.dta,234690,216025,11,health
q0310b,3.10 Сүүлийн 30 хоногт [НЭР] эмнэлэгт хандсан шалтгаан/ өвчин юу вэ? Хоёрдахь,3.10 Сүүлийн 30 хоногт [НЭР] эмнэлэгт хандсан reason/ illness юу вэ? Хоёрдахь,haven_labelled/vctrs_vctr/double,"2020,2021,2022,2024",indiv,02_indiv (12).dta | 02_indiv (13).dta | 02_indiv (14).dta | 02_indiv.dta,234690,232496,11,health
q0311,3.11 [НЭР] ямар эмнэлэгт хандсан бэ?,3.11 [НЭР] ямар эмнэлэгт хандсан бэ?,haven_labelled/vctrs_vctr/double,"2020,2021,2022,2024",indiv,02_indiv (12).dta | 02_indiv (13).dta | 02_indiv (14).dta | 02_indiv.dta,234690,216025,6,health
q0317,"3.17 [НЭР] сүүлийн 12 сарын хугацаанд эмнэлэгт хэд хоног хэвтэж, эмчлүүлсэн бэ?","3.17 [НЭР] сүүлийн 12 сарын хугацаанд эмнэлэгт хэд хоног хэвтэж, эмчлүүлсэн бэ?",numeric,"2020,2021,2022,2023,2024","hhold,indiv",01_hhold (14).dta | 02_indiv (12).dta | 02_indiv (13).dta | 02_indiv (14).dta | 02_indiv.dta,243240,217789,69,health
q0318a,"3.18 Сүүлийн 12 сарын хугацаанд [НЭР] ямар өвчнөөр эмнэлэгт хэвтэн, эмчлүүлсэн в","3.18 Сүүлийн 12 сарын хугацаанд [НЭР] ямар өвчнөөр эмнэлэгт хэвтэн, эмчлүүлсэн в",haven_labelled/vctrs_vctr/double,"2020,2021,2022,2024",indiv,02_indiv (12).dta | 02_indiv (13).dta | 02_indiv (14).dta | 02_indiv.dta,234690,209514,10,health
q0318b,"3.18 Сүүлийн 12 сарын хугацаанд [НЭР] ямар өвчнөөр эмнэлэгт хэвтэн, эмчлүүлсэн в","3.18 Сүүлийн 12 сарын хугацаанд [НЭР] ямар өвчнөөр эмнэлэгт хэвтэн, эмчлүүлсэн в",haven_labelled/vctrs_vctr/double,"2020,2021,2022,2024",indiv,02_indiv (12).dta | 02_indiv (13).dta | 02_indiv (14).dta | 02_indiv.dta,234690,231980,10,health
q0319,3.19 [НЭР] ямар эмнэлэгт хэвтэн эмчлүүлсэн бэ?,3.19 [НЭР] ямар эмнэлэгт хэвтэн эмчлүүлсэн бэ?,haven_labelled/vctrs_vctr/double,"2020,2021,2022,2024",indiv,02_indiv (12).dta | 02_indiv (13).dta | 02_indiv (14).dta | 02_indiv.dta,234690,209514,6,health
q1013i,З Гоц халдварт өвчин (хүний),З Гоц халдварт illness (хүний),haven_labelled/vctrs_vctr/double | numeric,"2020,2021,2022,2024",hhold,01_hhold (11).dta | 01_hhold (12).dta | 01_hhold (13).dta | 01_hhold.dta,66167,0,3,health
q1013j,Л Гоц халдварт өвчин (малын),Л Гоц халдварт illness (малын),haven_labelled/vctrs_vctr/double | numeric,"2020,2021,2022,2024",hhold,01_hhold (11).dta | 01_hhold (12).dta | 01_hhold (13).dta | 01_hhold.dta,66167,0,3,health
h12,Household sample selection,Household sample selection,haven_labelled/vctrs_vctr/double,2024,hhold,01_hhold.dta,15513,0,5,household
h15,15. Өрхийн түүврийн сонголт,15. householdийн түүврийн сонголт,haven_labelled/vctrs_vctr/double,"2020,2021,2022,2023",hhold,01_hhold (11).dta | 01_hhold (12).dta | 01_hhold (13).dta | 01_hhold (14).dta,59204,0,4,household
hh_no,12. Өрхийн дугаар,12. householdийн дугаар,numeric,"2020,2021,2022,2023,2024",hhold,01_hhold (11).dta | 01_hhold (12).dta | 01_hhold (13).dta | 01_hhold (14).dta | 01_hhold.dta,74717,0,12,household
hhsize,Household size,Household size,numeric,"2020,2021,2022,2023,2024",basicvars,basicvars (11).dta | basicvars (12).dta | basicvars (13).dta | basicvars (14).dta | basicvars.dta,74717,0,15,household
hhsize_cover,9. Өрхийн ам бүлийн тоо,9. householdийн household sizeийн тоо,numeric,"2020,2021",hhold,01_hhold (11).dta | 01_hhold (12).dta,27659,0,15,household
panel_household_with_2022,NA,NA,numeric,2024,basicvars,basicvars.dta,15513,13004,1,household
q0102,1.02 Өрхийн тэргүүлэгчтэй ямар хамааралтай вэ?,1.02 householdийн headтэй ямар хамааралтай вэ?,haven_labelled/vctrs_vctr/double,"2020,2021,2022,2023,2024",indiv,02_indiv (12).dta | 02_indiv (13).dta | 02_indiv (14).dta | 02_indiv (15).dta | 02_indiv.dta,264974,0,11,household
q0114,1.14 [НЭР] одоо энэ өрхөд хамт амьдарч байна уу?,1.14 [НЭР] одоо энэ householdөд хамт амьдарч байна уу?,haven_labelled/vctrs_vctr/double,"2020,2021,2022,2024",indiv,02_indiv (12).dta | 02_indiv (13).dta | 02_indiv (14).dta | 02_indiv.dta,234690,133124,2,household
q0301,3.01 Сүүлийн 12 сард танайх мал аж ахуй эрхэлсэн үү?/ Танай өрх малтай юу?,3.01 Сүүлийн 12 сард танайх мал аж ахуй эрхэлсэн үү?/ Танай household малтай юу?,haven_labelled/vctrs_vctr/double,"2020,2021,2022,2023,2024","hhold,indiv",01_hhold (14).dta | 02_indiv (12).dta | 02_indiv (13).dta | 02_indiv (14).dta | 02_indiv.dta,243240,7468,2,household
q0306,"3.06 Сүүлийн 12 сард танай өрх ноос, ноолуур, арьс, шир, сүү болон бусад бүтээгд","3.06 Сүүлийн 12 сард танай household ноос, ноолуур, арьс, шир, сүү болон бусад бүтээгд",haven_labelled/vctrs_vctr/double,"2020,2021,2022,2023,2024","hhold,indiv",01_hhold (14).dta | 02_indiv (12).dta | 02_indiv (13).dta | 02_indiv (14).dta | 02_indiv.dta,243240,7468,2,household
q0314,3.14 Та болон танай өрхийн гишүүдээс хэн нэг нь сүүлийн 12 сард тариалан эрхлэх,3.14 Та болон танай householdийн гишүүдээс хэн нэг нь сүүлийн 12 сард тариалан эрхлэх,haven_labelled/vctrs_vctr/double,"2020,2021,2022,2023,2024","hhold,indiv",01_hhold (14).dta | 02_indiv (12).dta | 02_indiv (13).dta | 02_indiv (14).dta | 02_indiv.dta,243240,7468,2,household
q0315,3.15 Одоогийн байдлаар таны болон танай өрхийн тариалан эрхлэх газрын талбайн хэ,3.15 Одоогийн байдлаар таны болон танай householdийн тариалан эрхлэх газрын талбайн хэ,numeric,"2020,2021,2022,2023,2024","hhold,indiv",01_hhold (14).dta | 02_indiv (12).dta | 02_indiv (13).dta | 02_indiv (14).dta | 02_indiv.dta,243240,211791,349,household
q0324_4,3.24 4. [НЭР]-д та болон танай өрхийн гишүүдийн хэлснийг ойлгоход хүндрэлтэй бай,3.24 4. [НЭР]-д та болон танай householdийн гишүүдийн хэлснийг ойлгоход хүндрэлтэй бай,haven_labelled/vctrs_vctr/double,"2020,2021,2022,2024",indiv,02_indiv (12).dta | 02_indiv (13).dta | 02_indiv (14).dta | 02_indiv.dta,234690,219407,5,household
q0324_5,3.24 5. [НЭР]-ын/ийн хэл яриаг ойлгоход танд болон танай өрхийн гишүүдэд хүндрэл,3.24 5. [НЭР]-ын/ийн хэл яриаг ойлгоход танд болон танай householdийн гишүүдэд хүндрэл,haven_labelled/vctrs_vctr/double,"2020,2021,2022,2024",indiv,02_indiv (12).dta | 02_indiv (13).dta | 02_indiv (14).dta | 02_indiv.dta,234690,219407,5,household
q0547,"5.47 Сүүлийн 12 сард танай өрхийн гишүүд хувь хүн, хамаатан, найз нөхөд болон ту","5.47 Сүүлийн 12 сард танай householdийн гишүүд хувь хүн, хамаатан, найз нөхөд болон ту",haven_labelled/vctrs_vctr/double,"2020,2021,2022,2024",hhold,01_hhold (11).dta | 01_hhold (12).dta | 01_hhold (13).dta | 01_hhold.dta,66167,0,2,household
q0601,6.01 Сүүлийн 12 сард танайх мал аж ахуй эрхэлсэн үү?/ Танай өрх малтай юу?,6.01 Сүүлийн 12 сард танайх мал аж ахуй эрхэлсэн үү?/ Танай household малтай юу?,haven_labelled/vctrs_vctr/double,"2020,2021,2022,2023,2024",hhold,01_hhold (11).dta | 01_hhold (12).dta | 01_hhold (13).dta | 01_hhold (14).dta | 01_hhold.dta,74717,0,2,household
q0603,6.03 Сүүлийн 12 сард танай өрх болон өрхийн гишүүдээс хэн нэг нь ямар нэг төрлий,6.03 Сүүлийн 12 сард танай household болон householdийн гишүүдээс хэн нэг нь ямар нэг төрлий,haven_labelled/vctrs_vctr/double,2023,hhold,01_hhold (14).dta,8550,0,2,household
q0604,6.04 Танай өрх сүүлийн 12 сард нийт хэдэн зээл төлсөн бэ?,6.04 Танай household сүүлийн 12 сард нийт хэдэн зээл төлсөн бэ?,numeric,2023,hhold,01_hhold (14).dta,8550,3227,5,household
q0607,"6.07 Сүүлийн 12 сард танай өрх ноос, ноолуур, арьс, шир, сүү болон бусад бүтээгд","6.07 Сүүлийн 12 сард танай household ноос, ноолуур, арьс, шир, сүү болон бусад бүтээгд",haven_labelled/vctrs_vctr/double,"2020,2021,2022,2024",hhold,01_hhold (11).dta | 01_hhold (12).dta | 01_hhold (13).dta | 01_hhold.dta,66167,0,2,household
q0615,6.15 Та болон танай өрхийн гишүүдээс хэн нэг нь сүүлийн 12 сард тариалан эрхлэх,6.15 Та болон танай householdийн гишүүдээс хэн нэг нь сүүлийн 12 сард тариалан эрхлэх,haven_labelled/vctrs_vctr/double,"2020,2021,2022,2024",hhold,01_hhold (11).dta | 01_hhold (12).dta | 01_hhold (13).dta | 01_hhold.dta,66167,0,2,household
q0616,6.16 Таны болон танай өрхийн тариалан эрхлэх газрын талбайн хэмжээ,6.16 Таны болон танай householdийн тариалан эрхлэх газрын талбайн хэмжээ,numeric,"2020,2021,2022,2024",hhold,01_hhold (11).dta | 01_hhold (12).dta | 01_hhold (13).dta | 01_hhold.dta,66167,63103,127,household
q0618,6.18 Сүүлийн 12 сард танай өрхийн гишүүдийн тариалсан газрын нийт хэмжээ,6.18 Сүүлийн 12 сард танай householdийн гишүүдийн тариалсан газрын нийт хэмжээ,numeric,"2020,2021,2022,2024",hhold,01_hhold (11).dta | 01_hhold (12).dta | 01_hhold (13).dta | 01_hhold.dta,66167,63595,116,household
q0704,7.04 Танай өрхийн амьдарч байгаа сууцны талбайн хэмжээ хэд вэ?,7.04 Танай householdийн амьдарч байгаа сууцны талбайн хэмжээ хэд вэ?,numeric,2023,hhold,01_hhold (14).dta,8550,8523,12,household
q0716,7.16 Өрхийн хэдэн гишүүд интернэт ашигладаг вэ?,7.16 householdийн хэдэн гишүүд интернэт ашигладаг вэ?,numeric,2023,hhold,01_hhold (14).dta,8550,4552,9,household
q0717,7.17 Танай өрхийн хэдэн гишүүн гар утсаараа интернэт ашигладаг вэ?,7.17 Танай householdийн хэдэн гишүүн гар утсаараа интернэт ашигладаг вэ?,numeric,2023,hhold,01_hhold (14).dta,8550,4552,10,household
q0801,8.01 Та болон танай өрхийн гишүүд хадгаламжтай юу?,8.01 Та болон танай householdийн гишүүд хадгаламжтай юу?,haven_labelled/vctrs_vctr/double,"2020,2021,2022,2024",hhold,01_hhold (11).dta | 01_hhold (12).dta | 01_hhold (13).dta | 01_hhold.dta,66167,0,2,household
q0803,8.03 Сүүлийн 12 сарын хугацаанд та болон танай өрхийн аль нэг гишүүн зээл авах з,8.03 Сүүлийн 12 сарын хугацаанд та болон танай householdийн аль нэг гишүүн зээл авах з,haven_labelled/vctrs_vctr/double,"2020,2021,2022,2024",hhold,01_hhold (11).dta | 01_hhold (12).dta | 01_hhold (13).dta | 01_hhold.dta,66167,0,2,household
q0806,8.06 Сүүлийн 12 сард танай өрх болон өрхийн гишүүдээс ямар нэг төрлийн зээл авса,8.06 Сүүлийн 12 сард танай household болон householdийн гишүүдээс ямар нэг төрлийн зээл авса,haven_labelled/vctrs_vctr/double,"2020,2021,2022,2024",hhold,01_hhold (11).dta | 01_hhold (12).dta | 01_hhold (13).dta | 01_hhold.dta,66167,0,2,household
q0807,8.07 Танай өрх сүүлийн 12 сард нийт хэдэн зээл төлсөн бэ?,8.07 Танай household сүүлийн 12 сард нийт хэдэн зээл төлсөн бэ?,numeric,"2020,2021,2022,2024",hhold,01_hhold (11).dta | 01_hhold (12).dta | 01_hhold (13).dta | 01_hhold.dta,66167,26835,3,household
q0904,9.04 ТУХАЙН ӨРХИЙН СУУЦНЫ ТӨРӨЛ.,9.04 ТУХАЙН householdИЙН СУУЦНЫ ТӨРӨЛ.,haven_labelled/vctrs_vctr/double,"2020,2021,2022,2024",hhold,01_hhold (11).dta | 01_hhold (12).dta | 01_hhold (13).dta | 01_hhold.dta,66167,0,7,household
q0906,9.06 Танай өрхийн сууцны ханын гаднах материал юу вэ?,9.06 Танай householdийн сууцны ханын гаднах материал юу вэ?,haven_labelled/vctrs_vctr/double,"2020,2021,2024",hhold,01_hhold (11).dta | 01_hhold (12).dta | 01_hhold.dta,43172,18502,10,household
q0906a,9.06a Танай өрхийн сууцны ханын үндсэн материал юу вэ?,9.06a Танай householdийн сууцны ханын үндсэн материал юу вэ?,haven_labelled/vctrs_vctr/double,2022,hhold,01_hhold (13).dta,22995,9890,6,household
q0906b,"9.06б Танай өрхийн сууцны ханын гадна өнгөлгөө, фасадны материал юу вэ?","9.06б Танай householdийн сууцны ханын гадна өнгөлгөө, фасадны материал юу вэ?",haven_labelled/vctrs_vctr/double,2022,hhold,01_hhold (13).dta,22995,9890,10,household
q0907,9.07 Танай өрхийн сууцны дээврийн хучилтын материал юу вэ?,9.07 Танай householdийн сууцны дээврийн хучилтын материал юу вэ?,haven_labelled/vctrs_vctr/double,"2020,2021,2022,2024",hhold,01_hhold (11).dta | 01_hhold (12).dta | 01_hhold (13).dta | 01_hhold.dta,66167,28392,10,household
q0908,9.08 Танай өрхийн сууцны шалны материал юу вэ?,9.08 Танай householdийн сууцны шалны материал юу вэ?,haven_labelled/vctrs_vctr/double,"2020,2021,2024",hhold,01_hhold (11).dta | 01_hhold (12).dta | 01_hhold.dta,43172,18502,9,household
q0908a,9.08a Танай өрхийн сууцны шалны үндсэн материал юу вэ?,9.08a Танай householdийн сууцны шалны үндсэн материал юу вэ?,haven_labelled/vctrs_vctr/double,2022,hhold,01_hhold (13).dta,22995,9890,6,household
q0908b,9.08б Танай өрхийн сууцны шалны хучилтын материал юу вэ?,9.08б Танай householdийн сууцны шалны хучилтын материал юу вэ?,haven_labelled/vctrs_vctr/double,2022,hhold,01_hhold (13).dta,22995,10218,5,household
q0911,9.11 Танай өрхийн амьдарч байгаа сууцны талбайн хэмжээ хэд вэ?,9.11 Танай householdийн амьдарч байгаа сууцны талбайн хэмжээ хэд вэ?,numeric,"2020,2021,2022,2024",hhold,01_hhold (11).dta | 01_hhold (12).dta | 01_hhold (13).dta | 01_hhold.dta,66167,59417,40,household
q0922,9.22 Танай өрх яаж сууцтай болсон бэ?,9.22 Танай household яаж сууцтай болсон бэ?,haven_labelled/vctrs_vctr/double | numeric,"2020,2021,2022,2024",hhold,01_hhold (11).dta | 01_hhold (12).dta | 01_hhold (13).dta | 01_hhold.dta,66167,6799,138,household
q0924,9.24 Хэрэв танай өрх энэ сууцыг хэн нэгнээс түрээсэлж байна гэж бодвол сард хэдэ,9.24 Хэрэв танай household энэ сууцыг хэн нэгнээс түрээсэлж байна гэж бодвол сард хэдэ,numeric,"2020,2021,2022,2024",hhold,01_hhold (11).dta | 01_hhold (12).dta | 01_hhold (13).dta | 01_hhold.dta,66167,1558,85,household
q0927,9.27 Танай өрхийн халаалтандаа ихэвчлэн хэрэглэдэг түлш болон эрчим хүчний эх үү,9.27 Танай householdийн халаалтандаа ихэвчлэн хэрэглэдэг түлш болон эрчим хүчний эх үү,haven_labelled/vctrs_vctr/double,"2020,2021,2022,2024",hhold,01_hhold (11).dta | 01_hhold (12).dta | 01_hhold (13).dta | 01_hhold.dta,66167,15977,10,household
q0939,"9.39 Танай өрхийн гишүүдийн гар, нүүрээ байнга угаадаг газрыг үзэж болох уу?","9.39 Танай householdийн гишүүдийн гар, move/migrateрээ байнга угаадаг газрыг үзэж болох уу?",haven_labelled/vctrs_vctr/double,"2022,2024",hhold,01_hhold (13).dta | 01_hhold.dta,38508,0,6,household
q0945,What is the main source of drinking water for members of your household?,What is the main source of drinking water for members of your household?,haven_labelled/vctrs_vctr/double,2024,hhold,01_hhold.dta,15513,0,15,household
q0947,"How long does it take for members of your household to go there, get water, and","How long does it take for members of your household to go there, get water, and",haven_labelled/vctrs_vctr/double,2024,hhold,01_hhold.dta,15513,4843,55,household
q0949,How many liters of water per day do you use for drinking and household use?,How many liters of water per day do you use for drinking and household use?,numeric,2024,hhold,01_hhold.dta,15513,3756,55,household
q0950,What kind of toilet facility do members of your household usually use?,What kind of toilet facility do members of your household usually use?,haven_labelled/vctrs_vctr/double,2024,hhold,01_hhold.dta,15513,0,10,household
q0954,How does your household dispose of waste?,How does your household dispose of waste?,haven_labelled/vctrs_vctr/double,2024,hhold,01_hhold.dta,15513,0,4,household
q0955,Can you please show me where members of your household most often wash their han,Can you please show me where members of your household most often wash their han,haven_labelled/vctrs_vctr/double,2024,hhold,01_hhold.dta,15513,0,6,household
q1003,10.03 Танай өрхийн хэдэн гишүүд интернет ашигладаг вэ?,10.03 Танай householdийн хэдэн гишүүд интернет ашигладаг вэ?,numeric,"2020,2021,2022,2024",hhold,01_hhold (11).dta | 01_hhold (12).dta | 01_hhold (13).dta | 01_hhold.dta,66167,0,12,household
q1004,10.04 Танай өрхийн хэдэн гишүүн гар утсаараа интернет ашигладаг вэ?,10.04 Танай householdийн хэдэн гишүүн гар утсаараа интернет ашигладаг вэ?,numeric,"2020,2021,2022,2024",hhold,01_hhold (11).dta | 01_hhold (12).dta | 01_hhold (13).dta | 01_hhold.dta,66167,0,11,household
q1005,"10.05 Танай өрх болон өрхийн хэн нэг гишүүн газар өмчилдөг үү, эзэмшдэг үү?","10.05 Танай household болон householdийн хэн нэг гишүүн газар өмчилдөг үү, эзэмшдэг үү?",haven_labelled/vctrs_vctr/double,"2020,2021,2022,2024",hhold,01_hhold (11).dta | 01_hhold (12).dta | 01_hhold (13).dta | 01_hhold.dta,66167,0,2,household
q1008,"10.08 Та болон танай өрхийн гишүүдэд архи, согтууруулах ундаа ууж үзсэн хүн байд","10.08 Та болон танай householdийн гишүүдэд архи, согтууруулах ундаа ууж үзсэн хүн байд",haven_labelled/vctrs_vctr/double,"2020,2021,2022,2024",hhold,01_hhold (11).dta | 01_hhold (12).dta | 01_hhold (13).dta | 01_hhold.dta,66167,0,2,household
q1009,10.09 Та болон танай өрхийн хэн нэгэн гишүүн сүүлийн 30 хоногийн согтууруулах ун,10.09 Та болон танай householdийн хэн нэгэн гишүүн сүүлийн 30 хоногийн согтууруулах ун,haven_labelled/vctrs_vctr/double,"2020,2021,2022,2024",hhold,01_hhold (11).dta | 01_hhold (12).dta | 01_hhold (13).dta | 01_hhold.dta,66167,17886,6,household
q0401,"4.01 Сүүлийн 12 сард ХАА-н бус үйлдвэрлэл, худалдаа, үйлчилгээ эрхэлсэн үү?","4.01 Сүүлийн 12 сард ХАА-н бус үйлдвэрлэл, худалдаа, үйлчилгээ эрхэлсэн үү?",haven_labelled/vctrs_vctr/double,"2020,2021,2022,2023,2024","hhold,indiv",01_hhold (14).dta | 02_indiv (12).dta | 02_indiv (13).dta | 02_indiv (14).dta | 02_indiv.dta,243240,7468,2,labor
q0402,"4.02 Хэдэн төрлийн үйлдвэрлэл, худалдаа, үйлчилгээ эрхэлсэн бэ?","4.02 Хэдэн төрлийн үйлдвэрлэл, худалдаа, үйлчилгээ эрхэлсэн бэ?",haven_labelled/vctrs_vctr/double | numeric,"2020,2021,2022,2023,2024","hhold,indiv",01_hhold (14).dta | 02_indiv (12).dta | 02_indiv (13).dta | 02_indiv (14).dta | 02_indiv.dta,243240,39514,3,labor
q0403,4.03 ХАРИУЛЖ БАЙГАА ХҮНИЙ ХУВИЙН ДУГААРЫГ БИЧНЭ ҮҮ.,4.03 ХАРИУЛЖ БАЙГАА ХҮНИЙ ХУВИЙН ДУГААРЫГ БИЧНЭ ҮҮ.,numeric,"2020,2021,2022,2024",indiv,02_indiv (12).dta | 02_indiv (13).dta | 02_indiv (14).dta | 02_indiv.dta,234690,126149,9,labor
q0404,"4.04 [НЭР] сүүлийн 7 хоногт наад зах нь 1 цаг ямар нэг цалин хөлс, төлбөртэй ажи","4.04 [НЭР] сүүлийн 7 хоногт наад зах нь 1 цаг ямар нэг wage хөлс, төлбөртэй ажи",haven_labelled/vctrs_vctr/double,"2020,2021,2022,2024",indiv,02_indiv (12).dta | 02_indiv (13).dta | 02_indiv (14).dta | 02_indiv.dta,234690,31840,2,labor
q0405,4.05 [НЭР] сүүлийн 7 хоногт наад зах нь 1 цаг орлого олох зорилгоор ямар нэг төр,4.05 [НЭР] сүүлийн 7 хоногт наад зах нь 1 цаг income олох зорилгоор ямар нэг төр,haven_labelled/vctrs_vctr/double,"2020,2021,2022,2024",indiv,02_indiv (12).dta | 02_indiv (13).dta | 02_indiv (14).dta | 02_indiv.dta,234690,79368,2,labor
q0406,4.06 [НЭР] сүүлийн 7 хоногт өрхийн гишүүний бизнес эсвэл цалин хөлстэй ажилд нь,4.06 [НЭР] сүүлийн 7 хоногт householdийн гишүүний бизнес эсвэл wage хөлстэй workд нь,haven_labelled/vctrs_vctr/double,"2020,2021,2022,2024",indiv,02_indiv (12).dta | 02_indiv (13).dta | 02_indiv (14).dta | 02_indiv.dta,234690,79368,2,labor
q0407,"4.07 4.05, 4.06 АСУУЛТУУДЫН ДОР ХАЯЖ НЭГЭНД НЬ 'ТИЙМ' ГЭЖ ХАРИУЛСАН ЭСЭХИЙГ ШАЛГ","4.07 4.05, 4.06 АСУУЛТУУДЫН ДОР ХАЯЖ НЭГЭНД НЬ 'ТИЙМ' ГЭЖ ХАРИУЛСАН ЭСЭХИЙГ ШАЛГ",haven_labelled/vctrs_vctr/double,"2020,2021,2022,2024",indiv,02_indiv (12).dta | 02_indiv (13).dta | 02_indiv (14).dta | 02_indiv.dta,234690,79368,2,labor
q0408,4.08 [НЭР] сүүлийн 7 хоногт ажил эрхлээгүй ч [НЭР]-д буцаж хийхээр хүлээгдэж бай,4.08 [НЭР] сүүлийн 7 хоногт work эрхлээгүй ч [НЭР]-д буцаж хийхээр хүлээгдэж бай,haven_labelled/vctrs_vctr/double,"2020,2021,2022,2024",indiv,02_indiv (12).dta | 02_indiv (13).dta | 02_indiv (14).dta | 02_indiv.dta,234690,112244,2,labor
q0409,4.09 [НЭР] яагаад сүүлийн 7 хоногт ажилгүй байсан бэ?,4.09 [НЭР] яагаад сүүлийн 7 хоногт workгүй байсан бэ?,haven_labelled/vctrs_vctr/double,"2020,2021,2022,2024",indiv,02_indiv (12).dta | 02_indiv (13).dta | 02_indiv (14).dta | 02_indiv.dta,234690,230790,11,labor
q0410,4.10 Ажиллаагүй хугацаагаа оруулаад [НЭР] 3 сарын дотор өмнө нь хийж байсан ажил,4.10 workлаагүй хугацаагаа оруулаад [НЭР] 3 сарын дотор өмнө нь хийж байсан work,haven_labelled/vctrs_vctr/double,"2020,2021,2022,2024",indiv,02_indiv (12).dta | 02_indiv (13).dta | 02_indiv (14).dta | 02_indiv.dta,234690,232895,2,labor
q0411,4.11 [НЭР] ажлаа хийгээгүй хугацаандаа ажлаасаа ямар нэг төрлийн орлого авч байс,4.11 [НЭР] ажлаа хийгээгүй хугацаандаа ажлаасаа ямар нэг төрлийн income авч байс,haven_labelled/vctrs_vctr/double,"2020,2021,2022,2024",indiv,02_indiv (12).dta | 02_indiv (13).dta | 02_indiv (14).dta | 02_indiv.dta,234690,233936,2,labor
q0412,"4.12 [НЭР]-ын/ийн сүүлийн 7 хоногийн үндсэн ажил нь мал тэжээвэр амьтан, газар т","4.12 [НЭР]-ын/ийн сүүлийн 7 хоногийн үндсэн work нь мал тэжээвэр амьтан, газар т",haven_labelled/vctrs_vctr/double,"2020,2021,2022,2024",indiv,02_indiv (12).dta | 02_indiv (13).dta | 02_indiv (14).dta | 02_indiv.dta,234690,201814,5,labor
q0413,4.13 [НЭР]-ын/ийн сүүлийн 7 хоногт эрхэлж буй үйл ажиллагааны бүтээгдэхүүнийг за,4.13 [НЭР]-ын/ийн сүүлийн 7 хоногт эрхэлж буй үйл workлагааны бүтээгдэхүүнийг за,haven_labelled/vctrs_vctr/double,"2020,2021,2022,2024",indiv,02_indiv (12).dta | 02_indiv (13).dta | 02_indiv (14).dta | 02_indiv.dta,234690,208597,4,labor
q0414,4.14 Сүүлийн 12 сард энэ үйл ажиллагаанаас олсон орлого нь тухайн хугацаанд тана,4.14 Сүүлийн 12 сард энэ үйл workлагаанаас олсон income нь тухайн хугацаанд тана,haven_labelled/vctrs_vctr/double,"2020,2021,2022,2024",indiv,02_indiv (12).dta | 02_indiv (13).dta | 02_indiv (14).dta | 02_indiv.dta,234690,222368,3,labor
q0415,4.15 [НЭР] сүүлийн 30 хоногт цалин хөлстэй ажил хайх/ бизнес эрхлэх оролдлого хи,4.15 [НЭР] сүүлийн 30 хоногт wage хөлстэй work хайх/ бизнес эрхлэх оролдлого хи,haven_labelled/vctrs_vctr/double,"2020,2021,2022,2024",indiv,02_indiv (12).dta | 02_indiv (13).dta | 02_indiv (14).dta | 02_indiv.dta,234690,112857,2,labor
q0416,4.16 [НЭР] сүүлийн 30 хоногт ямар аргаар ажил хайсан/ бизнес эрхлэх оролдлого хи,4.16 [НЭР] сүүлийн 30 хоногт ямар аргаар work хайсан/ бизнес эрхлэх оролдлого хи,haven_labelled/vctrs_vctr/double,"2020,2021,2022,2024",indiv,02_indiv (12).dta | 02_indiv (13).dta | 02_indiv (14).dta | 02_indiv.dta,234690,232493,9,labor
q0417,4.17 [НЭР] сүүлийн 30 хоногт яагаад ажил хайгаагүй/ бизнес эрхлэх гэж оролдоогүй,4.17 [НЭР] сүүлийн 30 хоногт яагаад work хайгаагүй/ бизнес эрхлэх гэж оролдоогүй,haven_labelled/vctrs_vctr/double,"2020,2021,2022,2024",indiv,02_indiv (12).dta | 02_indiv (13).dta | 02_indiv (14).dta | 02_indiv.dta,234690,115054,12,labor
q0418,4.18 Хэрэв [НЭР]-д ямар нэгэн  цалинтай ажил/ бизнес эрхлэх боломж гарвал хийхий,4.18 Хэрэв [НЭР]-д ямар нэгэн  wageтай work/ бизнес эрхлэх боломж гарвал хийхий,haven_labelled/vctrs_vctr/double,"2020,2021,2022,2024",indiv,02_indiv (12).dta | 02_indiv (13).dta | 02_indiv (14).dta | 02_indiv.dta,234690,115216,2,labor
q0419,4.19 [НЭР] сүүлийн 7 хоногт ямар нэгэн цалинтай ажил/ бизнес эрхлэх боломж гарса,4.19 [НЭР] сүүлийн 7 хоногт ямар нэгэн wageтай work/ бизнес эрхлэх боломж гарса,haven_labelled/vctrs_vctr/double,"2020,2021,2022,2024",indiv,02_indiv (12).dta | 02_indiv (13).dta | 02_indiv (14).dta | 02_indiv.dta,234690,225522,2,labor
q0420,"4.20 [НЭР]-т ирэх 14 хоногт ямар нэгэн ажил, бизнес эрхлэх боломж гарвал ажиллаж","4.20 [НЭР]-т ирэх 14 хоногт ямар нэгэн work, бизнес эрхлэх боломж гарвал workлаж",haven_labelled/vctrs_vctr/double,"2020,2021,2022,2024",indiv,02_indiv (12).dta | 02_indiv (13).dta | 02_indiv (14).dta | 02_indiv.dta,234690,232688,2,labor
q0421,"4.21 [НЭР] Хөдөлмөрийн хэлтэс, хөдөлмөрийн биржд бүртгэлтэй юу?","4.21 [НЭР] Хөдөлмөрийн хэлтэс, хөдөлмөрийн биржд бүртгэлтэй юу?",haven_labelled/vctrs_vctr/double,"2020,2021,2022,2024",indiv,02_indiv (12).dta | 02_indiv (13).dta | 02_indiv (14).dta | 02_indiv.dta,234690,112857,2,labor
q0422,"4.22 [НЭР] нь сүүлийн 7 хоногт ажил эрхлээгүй ч, сүүлийн 12 сард цалин хөлстэй/","4.22 [НЭР] нь сүүлийн 7 хоногт work эрхлээгүй ч, сүүлийн 12 сард wage хөлстэй/",haven_labelled/vctrs_vctr/double,"2020,2021,2022,2024",indiv,02_indiv (12).dta | 02_indiv (13).dta | 02_indiv (14).dta | 02_indiv.dta,234690,112857,2,labor
q0423,4.23 [НЭР] сүүлийн 7 хоногт ямар ажил эрхэлсэн бэ?,4.23 [НЭР] сүүлийн 7 хоногт ямар work эрхэлсэн бэ?,haven_labelled/vctrs_vctr/double,"2020,2021,2022,2024",indiv,02_indiv (12).dta | 02_indiv (13).dta | 02_indiv (14).dta | 02_indiv.dta,234690,153673,44,labor
q0424,4.24 [НЭР] сүүлийн 7 хоногт ямар салбарт ажилласан бэ?,4.24 [НЭР] сүүлийн 7 хоногт ямар салбарт workласан бэ?,haven_labelled/vctrs_vctr/double,"2020,2021,2022,2024",indiv,02_indiv (12).dta | 02_indiv (13).dta | 02_indiv (14).dta | 02_indiv.dta,234690,153307,93,labor
q0425,4.25 [НЭР]-ын/ийн сүүлийн 7 хоногт эрхэлсэн үндсэн ажил юу вэ?,4.25 [НЭР]-ын/ийн сүүлийн 7 хоногт эрхэлсэн үндсэн work юу вэ?,haven_labelled/vctrs_vctr/double,"2020,2021,2022,2024",indiv,02_indiv (12).dta | 02_indiv (13).dta | 02_indiv (14).dta | 02_indiv.dta,234690,153673,13,labor
q0426,4.26 [НЭР]-ын/ийн сүүлийн 7 хоногт ажилласан байгууллагын хариуцлагын хэлбэр юу,4.26 [НЭР]-ын/ийн сүүлийн 7 хоногт workласан байгууллагын хариуцлагын хэлбэр юу,haven_labelled/vctrs_vctr/double,"2020,2021,2022,2024",indiv,02_indiv (12).dta | 02_indiv (13).dta | 02_indiv (14).dta | 02_indiv.dta,234690,185605,9,labor
q0427,4.27 [НЭР] сүүлийн 7 хоногт үндсэн ажилдаа нийтдээ хэдэн цаг зарцуулсан бэ?,4.27 [НЭР] сүүлийн 7 хоногт үндсэн workдаа нийтдээ хэдэн цаг зарцуулсан бэ?,numeric,"2020,2021,2022,2024",indiv,02_indiv (12).dta | 02_indiv (13).dta | 02_indiv (14).dta | 02_indiv.dta,234690,153673,88,labor
q0428,4.28 [НЭР] сүүлийн 7 хоногт үндсэн ажлаасаа гадна давхар цалинтай ажил/ орлого о,4.28 [НЭР] сүүлийн 7 хоногт үндсэн ажлаасаа гадна давхар wageтай work/ income о,haven_labelled/vctrs_vctr/double,"2020,2021,2022,2024",indiv,02_indiv (12).dta | 02_indiv (13).dta | 02_indiv (14).dta | 02_indiv.dta,234690,153673,2,labor
q0429,4.29 [НЭР] сүүлийн 7 хоногт давхар ажилд хэдэн цаг зарцуулсан бэ?,4.29 [НЭР] сүүлийн 7 хоногт давхар workд хэдэн цаг зарцуулсан бэ?,numeric,"2020,2021,2022,2024",indiv,02_indiv (12).dta | 02_indiv (13).dta | 02_indiv (14).dta | 02_indiv.dta,234690,233864,32,labor
q0430,4.30 [НЭР]-ын/ийн сүүлийн 12 сарын үндсэн ажил нь сүүлийн 7 хоногийн үндсэн ажил,4.30 [НЭР]-ын/ийн сүүлийн 12 сарын үндсэн work нь сүүлийн 7 хоногийн үндсэн work,haven_labelled/vctrs_vctr/double,"2020,2021,2022,2024",indiv,02_indiv (12).dta | 02_indiv (13).dta | 02_indiv (14).dta | 02_indiv.dta,234690,148379,2,labor
q0431,4.31  [НЭР] сүүлийн 12 сард ямар ажил эрхэлсэн бэ?,4.31  [НЭР] сүүлийн 12 сард ямар work эрхэлсэн бэ?,haven_labelled/vctrs_vctr/double,"2020,2021,2022,2024",indiv,02_indiv (12).dta | 02_indiv (13).dta | 02_indiv (14).dta | 02_indiv.dta,234690,227793,43,labor
q0432,4.32 [НЭР] сүүлийн 12 сард ямар салбарт ажилласан бэ?,4.32 [НЭР] сүүлийн 12 сард ямар салбарт workласан бэ?,haven_labelled/vctrs_vctr/double,"2020,2021,2022,2024",indiv,02_indiv (12).dta | 02_indiv (13).dta | 02_indiv (14).dta | 02_indiv.dta,234690,227793,82,labor
q0433,4.33 [НЭР]-ын/ийн сүүлийн 12 сард эрхэлсэн үндсэн ажил юу вэ?,4.33 [НЭР]-ын/ийн сүүлийн 12 сард эрхэлсэн үндсэн work юу вэ?,haven_labelled/vctrs_vctr/double,"2020,2021,2022,2024",indiv,02_indiv (12).dta | 02_indiv (13).dta | 02_indiv (14).dta | 02_indiv.dta,234690,227793,13,labor
q0434,4.34 [НЭР]-ын/ийн сүүлийн 12 сард эрхэлсэн үндсэн ажлын байгууллагын хариуцлагын,4.34 [НЭР]-ын/ийн сүүлийн 12 сард эрхэлсэн үндсэн ажлын байгууллагын хариуцлагын,haven_labelled/vctrs_vctr/double,"2020,2021,2022,2024",indiv,02_indiv (12).dta | 02_indiv (13).dta | 02_indiv (14).dta | 02_indiv.dta,234690,228850,32,labor
q0435,4.35 [НЭР] сүүлийн 12 сард ажиллаад мөнгөн ба мөнгөн бус хэлбэрээр цалин хөлс ав,4.35 [НЭР] сүүлийн 12 сард workлаад мөнгөн ба мөнгөн бус хэлбэрээр wage хөлс ав,haven_labelled/vctrs_vctr/double,"2020,2021,2022,2024",indiv,02_indiv (12).dta | 02_indiv (13).dta | 02_indiv (14).dta | 02_indiv.dta,234690,148379,2,labor
q0436a,4.36 [НЭР] нь сүүлийн 12 сард үндсэн ажлаасаа хэдэн төгрөгийн цалин авсан бэ? Сү,4.36 [НЭР] нь сүүлийн 12 сард үндсэн ажлаасаа хэдэн төгрөгийн wage авсан бэ? Сү,numeric,"2020,2021,2022,2024",indiv,02_indiv (12).dta | 02_indiv (13).dta | 02_indiv (14).dta | 02_indiv.dta,234690,180613,735,labor
q0436b,4.36 [НЭР] нь сүүлийн 12 сард үндсэн ажлаасаа хэдэн төгрөгийн цалин авсан бэ? Сү,4.36 [НЭР] нь сүүлийн 12 сард үндсэн ажлаасаа хэдэн төгрөгийн wage авсан бэ? Сү,numeric,"2020,2021,2022,2024",indiv,02_indiv (12).dta | 02_indiv (13).dta | 02_indiv (14).dta | 02_indiv.dta,234690,180614,1488,labor
q0436c,4.36 [НЭР] нь сүүлийн 12 сард үндсэн ажлаасаа хэдэн төгрөгийн цалин авсан бэ? Ур,4.36 [НЭР] нь сүүлийн 12 сард үндсэн ажлаасаа хэдэн төгрөгийн wage авсан бэ? Ур,numeric,"2020,2021,2022,2024",indiv,02_indiv (12).dta | 02_indiv (13).dta | 02_indiv (14).dta | 02_indiv.dta,234690,180613,421,labor
q0437,4.37 [НЭР] энэ ажлыг хэдэн сар хийсэн бэ?,4.37 [НЭР] энэ ажлыг хэдэн сар хийсэн бэ?,numeric,"2020,2021,2022,2024",indiv,02_indiv (12).dta | 02_indiv (13).dta | 02_indiv (14).dta | 02_indiv.dta,234690,148379,12,labor
q0438,4.38 [НЭР] ажилласан сарууддаа энэ ажилд сард  дунджаар  хэдэн өдөр зарцуулсан б,4.38 [НЭР] workласан сарууддаа энэ workд сард  дунджаар  хэдэн өдөр зарцуулсан б,numeric,"2020,2021,2022,2024",indiv,02_indiv (12).dta | 02_indiv (13).dta | 02_indiv (14).dta | 02_indiv.dta,234690,148379,30,labor
q0439,4.39 [НЭР] ажилласан саруудын өдрүүддээ энэ ажилд өдөрт   дунджаар хэдэн цаг зар,4.39 [НЭР] workласан саруудын өдрүүддээ энэ workд өдөрт   дунджаар хэдэн цаг зар,numeric,"2020,2021,2022,2024",indiv,02_indiv (12).dta | 02_indiv (13).dta | 02_indiv (14).dta | 02_indiv.dta,234690,148379,23,labor
q0440,"4.40 [НЭР] сүүлийн 12 сард үндсэн ажил (4.31, 4.32-Т БҮРТГЭСЭН АЖИЛ)-аасаа гадна","4.40 [НЭР] сүүлийн 12 сард үндсэн work (4.31, 4.32-Т БҮРТГЭСЭН work)-аасаа гадна",haven_labelled/vctrs_vctr/double,"2020,2021,2022,2024",indiv,02_indiv (12).dta | 02_indiv (13).dta | 02_indiv (14).dta | 02_indiv.dta,234690,148379,2,labor
q0441,4.41 [НЭР]-ын/ийн сүүлийн 12 сард эрхэлсэн нэмэлт/давхар ажил нь сүүлийн 7 хоног,4.41 [НЭР]-ын/ийн сүүлийн 12 сард эрхэлсэн нэмэлт/давхар work нь сүүлийн 7 хоног,haven_labelled/vctrs_vctr/double,"2020,2021,2022,2024",indiv,02_indiv (12).dta | 02_indiv (13).dta | 02_indiv (14).dta | 02_indiv.dta,234690,232619,2,labor
q0442,4.42 [НЭР]-ын/ийн сүүлийн 12 сарын хугацаанд эрхэлсэн хоёр дахь үндсэн ажил ямар,4.42 [НЭР]-ын/ийн сүүлийн 12 сарын хугацаанд эрхэлсэн хоёр дахь үндсэн work ямар,haven_labelled/vctrs_vctr/double,"2020,2021,2022,2024",indiv,02_indiv (12).dta | 02_indiv (13).dta | 02_indiv (14).dta | 02_indiv.dta,234690,233127,39,labor
q0443,4.43 [НЭР]-ын/ийн сүүлийн 12 сард эрхэлсэн хоёр дахь үндсэн ажил ямар салбар  вэ,4.43 [НЭР]-ын/ийн сүүлийн 12 сард эрхэлсэн хоёр дахь үндсэн work ямар салбар  вэ,haven_labelled/vctrs_vctr/double,"2020,2021,2022,2024",indiv,02_indiv (12).dta | 02_indiv (13).dta | 02_indiv (14).dta | 02_indiv.dta,234690,233132,69,labor
q0444,4.44 [НЭР]-ын/ийн сүүлийн 12 сард эрхэлсэн хоёр дахь үндсэн ажил юу вэ?,4.44 [НЭР]-ын/ийн сүүлийн 12 сард эрхэлсэн хоёр дахь үндсэн work юу вэ?,haven_labelled/vctrs_vctr/double,"2020,2021,2022,2024",indiv,02_indiv (12).dta | 02_indiv (13).dta | 02_indiv (14).dta | 02_indiv.dta,234690,233127,14,labor
q0445,4.45 [НЭР]-ын/ийн сүүлийн 12 сард эрхэлсэн хоёр дахь үндсэн ажлын байгууллагын х,4.45 [НЭР]-ын/ийн сүүлийн 12 сард эрхэлсэн хоёр дахь үндсэн ажлын байгууллагын х,haven_labelled/vctrs_vctr/double,"2020,2021,2022,2024",indiv,02_indiv (12).dta | 02_indiv (13).dta | 02_indiv (14).dta | 02_indiv.dta,234690,233660,8,labor
q0446,4.46 [НЭР] энэ ажлыг хэдэн сар хийсэн бэ?,4.46 [НЭР] энэ ажлыг хэдэн сар хийсэн бэ?,numeric,"2020,2021,2022,2024",indiv,02_indiv (12).dta | 02_indiv (13).dta | 02_indiv (14).dta | 02_indiv.dta,234690,232624,12,labor
q0447,4.47 [НЭР] ажилласан сарууддаа энэ ажилд сард  дунджаар  хэдэн өдөр зарцуулсан б,4.47 [НЭР] workласан сарууддаа энэ workд сард  дунджаар  хэдэн өдөр зарцуулсан б,numeric,"2020,2021,2022,2024",indiv,02_indiv (12).dta | 02_indiv (13).dta | 02_indiv (14).dta | 02_indiv.dta,234690,232624,27,labor
q0448,4.48 [НЭР] ажилласан саруудын өдрүүддээ энэ ажилд өдөрт   дунджаар хэдэн цаг зар,4.48 [НЭР] workласан саруудын өдрүүддээ энэ workд өдөрт   дунджаар хэдэн цаг зар,numeric,"2020,2021,2022,2024",indiv,02_indiv (12).dta | 02_indiv (13).dta | 02_indiv (14).dta | 02_indiv.dta,234690,232624,16,labor
q0449,4.49 [НЭР] түр болон давхар эрхэлсэн бүх ажлаасаа сүүлийн 12 сард ажиллаад мөнгө,4.49 [НЭР] түр болон давхар эрхэлсэн бүх ажлаасаа сүүлийн 12 сард workлаад мөнгө,haven_labelled/vctrs_vctr/double,"2020,2021,2022,2024",indiv,02_indiv (12).dta | 02_indiv (13).dta | 02_indiv (14).dta | 02_indiv.dta,234690,232624,2,labor
q0450a,4.50 Сүүлийн сард түр болон давхар эрхэлсэн бүх ажлаасаа авсан цалин,4.50 Сүүлийн сард түр болон давхар эрхэлсэн бүх ажлаасаа авсан wage,numeric,"2020,2021,2022,2024",indiv,02_indiv (12).dta | 02_indiv (13).dta | 02_indiv (14).dta | 02_indiv.dta,234690,233190,68,labor
q0450b,4.50 Сүүлийн 12 сард түр болон давхар эрхэлсэн бүх ажлаасаа авсан нийт цалин,4.50 Сүүлийн 12 сард түр болон давхар эрхэлсэн бүх ажлаасаа авсан нийт wage,numeric,"2020,2021,2022,2024",indiv,02_indiv (12).dta | 02_indiv (13).dta | 02_indiv (14).dta | 02_indiv.dta,234690,233191,147,labor
q0450c,4.50 Сүүлийн 12 сард түр болон давхар эрхэлсэн бүх ажлаасаа авсан нийт урамшуула,4.50 Сүүлийн 12 сард түр болон давхар эрхэлсэн бүх ажлаасаа авсан нийт урамшуула,numeric,"2020,2021,2022,2024",indiv,02_indiv (12).dta | 02_indiv (13).dta | 02_indiv (14).dta | 02_indiv.dta,234690,233191,15,labor
q1012,"10.12 Сүүлийн 30 хоногт танай гэр бүлийн хэн нэг гишүүн ажиллаж, амьдарч буй орч","10.12 Сүүлийн 30 хоногт танай гэр бүлийн хэн нэг гишүүн workлаж, амьдарч буй орч",haven_labelled/vctrs_vctr/double,"2020,2021,2022,2024",hhold,01_hhold (11).dta | 01_hhold (12).dta | 01_hhold (13).dta | 01_hhold.dta,66167,0,4,labor
q0119,1.19 [НЭР] хамгийн сүүлд хэдэн онд шилжиж ирсэн бэ?,1.19 [НЭР] хамгийн сүүлд хэдэн онд move/migrateиж ирсэн бэ?,numeric,"2020,2021,2022,2024",indiv,02_indiv (12).dta | 02_indiv (13).dta | 02_indiv (14).dta | 02_indiv.dta,234690,141775,82,migration
q0120,1.20 [НЭР]-ын/ийн хамгийн сүүлд шилжиж ирсэн гол шалтгаан юу вэ?,1.20 [НЭР]-ын/ийн хамгийн сүүлд move/migrateиж ирсэн гол reason юу вэ?,haven_labelled/vctrs_vctr/double,"2020,2021,2022,2024",indiv,02_indiv (12).dta | 02_indiv (13).dta | 02_indiv (14).dta | 02_indiv.dta,234690,141775,10,migration
q0123,1.23 [НЭР] хамгийн сүүлд хэдэн онд шилжиж ирсэн бэ?,1.23 [НЭР] хамгийн сүүлд хэдэн онд move/migrateиж ирсэн бэ?,numeric,2024,indiv,02_indiv.dta,53898,43705,76,migration
q0124,1.24 [НЭР]-ын/ийн хамгийн сүүлд шилжиж ирсэн гол шалтгаан юу вэ?,1.24 [НЭР]-ын/ийн хамгийн сүүлд move/migrateиж ирсэн гол reason юу вэ?,haven_labelled/vctrs_vctr/double,2024,indiv,02_indiv.dta,53898,43705,12,migration
cluster,Түүврийн нэгжийн дугаар,Түүврийн нэгжийн дугаар,haven_labelled/vctrs_vctr/double | numeric,"2020,2021,2022,2023",basicvars,basicvars (11).dta | basicvars (12).dta | basicvars (13).dta | basicvars (14).dta,59204,0,2610,other
cover_visit_count,Очсон удаа,Очсон удаа,haven_labelled/vctrs_vctr/double,"2022,2023,2024",hhold,01_hhold (13).dta | 01_hhold (14).dta | 01_hhold.dta,47058,0,3,other
hhweight,Last weight,Last weight,numeric,"2020,2021,2022,2023,2024",basicvars,basicvars (11).dta | basicvars (12).dta | basicvars (13).dta | basicvars (14).dta | basicvars.dta,74717,0,1614,other
hhweight_panel,Raked weights,Raked weights,numeric,2024,basicvars,basicvars.dta,15513,13004,467,other
identif,group(identif),group(identif),numeric,"2020,2021,2022,2023,2024","basicvars,hhold,indiv",01_hhold (11).dta | 01_hhold (12).dta | 01_hhold (13).dta | 01_hhold (14).dta | 01_hhold.dta | 02_indiv (12).dta | 02_indiv (13).dta | 02_indiv (14).dta | 02_indiv (15).dta | 02_indiv.dta | basicvars (11).dta | basicvars (12).dta | basicvars (13).dta | basicvars (14).dta | basicvars.dta,414408,0,22995,other
identif22,group(identif),group(identif),numeric,2024,"basicvars,hhold,indiv",01_hhold.dta | 02_indiv.dta | basicvars.dta,84924,71987,2509,other
ind_id,Хувийн дугаар,Хувийн дугаар,numeric,"2020,2021,2022,2023,2024",indiv,02_indiv (12).dta | 02_indiv (13).dta | 02_indiv (14).dta | 02_indiv (15).dta | 02_indiv.dta,264974,0,17,other
ind_id22,NA,NA,numeric,2024,indiv,02_indiv.dta,53898,45989,10,other
month,Calendar month of the interview,Calendar month of the interview,numeric,"2020,2021,2022,2023,2024",basicvars,basicvars (11).dta | basicvars (12).dta | basicvars (13).dta | basicvars (14).dta | basicvars.dta,74717,0,12,other
ndays,Хоносон өдрийн тоо-хүн/өдөр,Хоносон өдрийн тоо-хүн/өдөр,numeric,"2020,2021,2022,2023,2024",hhold,01_hhold (11).dta | 01_hhold (12).dta | 01_hhold (13).dta | 01_hhold (14).dta | 01_hhold.dta,74717,64656,44,other
panel_ind22_24,NA,NA,numeric,2024,indiv,02_indiv.dta,53898,45989,1,other
q0108a,1.08 Хоног,1.08 Хоног,numeric,"2020,2021,2022,2023",indiv,02_indiv (12).dta | 02_indiv (13).dta | 02_indiv (14).dta | 02_indiv (15).dta,211076,0,32,other
q0108b,1.08 Сар,1.08 Сар,numeric,"2020,2021,2022,2023",indiv,02_indiv (12).dta | 02_indiv (13).dta | 02_indiv (14).dta | 02_indiv (15).dta,211076,0,13,other
q0111,1.11 Одоо [НЭР] хаана амьдарч байна вэ? Монгол/ Гадаад,1.11 Одоо [НЭР] хаана амьдарч байна вэ? Монгол/ Гадаад,haven_labelled/vctrs_vctr/double,"2020,2021,2022,2024",indiv,02_indiv (12).dta | 02_indiv (13).dta | 02_indiv (14).dta | 02_indiv.dta,234690,179945,4,other
q0112,1.12 [НЭР] яагаад хамт амьдрахгүй байгаа вэ?,1.12 [НЭР] яагаад хамт амьдрахгүй байгаа вэ?,haven_labelled/vctrs_vctr/double,"2020,2021,2022",indiv,02_indiv (12).dta | 02_indiv (13).dta | 02_indiv (14).dta,180792,179138,10,other
q0112a,1.12 Хоног,1.12 Хоног,numeric,2024,indiv,02_indiv.dta,53898,0,32,other
q0112b,1.12 Сар,1.12 Сар,numeric,2024,indiv,02_indiv.dta,53898,0,13,other
q0115,1.15 Одоо [НЭР] хаана амьдарч байна вэ? Монгол/ Гадаад,1.15 Одоо [НЭР] хаана амьдарч байна вэ? Монгол/ Гадаад,haven_labelled/vctrs_vctr/double | numeric,"2020,2021,2022,2024",indiv,02_indiv (12).dta | 02_indiv (13).dta | 02_indiv (14).dta | 02_indiv.dta,234690,58583,87,other
q0116,1.16 [НЭР] яагаад хамт амьдрахгүй байгаа вэ?,1.16 [НЭР] яагаад хамт амьдрахгүй байгаа вэ?,haven_labelled/vctrs_vctr/double,"2020,2021,2022,2024",indiv,02_indiv (12).dta | 02_indiv (13).dta | 02_indiv (14).dta | 02_indiv.dta,234690,58583,9,other
q0302,3.02 ХАРИУЛЖ БАЙГАА ХҮНИЙ ХУВИЙН ДУГААРЫГ БИЧНЭ ҮҮ.,3.02 ХАРИУЛЖ БАЙГАА ХҮНИЙ ХУВИЙН ДУГААРЫГ БИЧНЭ ҮҮ.,numeric,"2020,2021,2022,2024",indiv,02_indiv (12).dta | 02_indiv (13).dta | 02_indiv (14).dta | 02_indiv.dta,234690,105084,10,other
q0304,3.04 [НЭР] яагаад ЭМД-д хамрагдаагүй вэ?,3.04 [НЭР] яагаад ЭМД-д хамрагдаагүй вэ?,haven_labelled/vctrs_vctr/double,"2020,2021,2022,2024",indiv,02_indiv (12).dta | 02_indiv (13).dta | 02_indiv (14).dta | 02_indiv.dta,234690,208784,7,other
q0312b,3.12 АМБУЛАТОРИОР ҮЙЛЧЛҮҮЛСЭН ЗАРДАЛ Сүүлийн 30 хоногт тээврийн зардал болон бус,3.12 АМБУЛАТОРИОР ҮЙЛЧЛҮҮЛСЭН ЗАРДАЛ Сүүлийн 30 хоногт тээврийн зардал болон бус,numeric,"2020,2021,2022,2024",indiv,02_indiv (12).dta | 02_indiv (13).dta | 02_indiv (14).dta | 02_indiv.dta,234690,216025,126,other
q0313a,3.13 [НЭР] эмчилгээний зардлыг хэрхэн төлсөн бэ? 1-рт,3.13 [НЭР] эмчилгээний зардлыг хэрхэн төлсөн бэ? 1-рт,haven_labelled/vctrs_vctr/double,"2020,2021,2022,2024",indiv,02_indiv (12).dta | 02_indiv (13).dta | 02_indiv (14).dta | 02_indiv.dta,234690,219364,8,other
q0313b,3.13 [НЭР] эмчилгээний зардлыг хэрхэн төлсөн бэ? 2-рт,3.13 [НЭР] эмчилгээний зардлыг хэрхэн төлсөн бэ? 2-рт,haven_labelled/vctrs_vctr/double,"2020,2021,2022,2024",indiv,02_indiv (12).dta | 02_indiv (13).dta | 02_indiv (14).dta | 02_indiv.dta,234690,234238,8,other
q0321,"3.21 [НЭР] сүүлийн 12 сард тээврийн зардал болон бусад зардал /байр, хоолны зард","3.21 [НЭР] сүүлийн 12 сард тээврийн зардал болон бусад зардал /байр, хоолны зард",numeric,"2020,2021,2022,2024",indiv,02_indiv (12).dta | 02_indiv (13).dta | 02_indiv (14).dta | 02_indiv.dta,234690,209514,171,other
q0322a,3.22 [НЭР] эмчилгээний зардлыг хэрхэн төлсөн бэ? 1-рт,3.22 [НЭР] эмчилгээний зардлыг хэрхэн төлсөн бэ? 1-рт,haven_labelled/vctrs_vctr/double,"2020,2021,2022,2024",indiv,02_indiv (12).dta | 02_indiv (13).dta | 02_indiv (14).dta | 02_indiv.dta,234690,214118,8,other
q0322b,3.22 [НЭР] эмчилгээний зардлыг хэрхэн төлсөн бэ? 2-рт,3.22 [НЭР] эмчилгээний зардлыг хэрхэн төлсөн бэ? 2-рт,haven_labelled/vctrs_vctr/double,"2020,2021,2022,2024",indiv,02_indiv (12).dta | 02_indiv (13).dta | 02_indiv (14).dta | 02_indiv.dta,234690,233895,8,other
q0324_1,3.24 ОДОО БИ ТАНААС [НЭР]-Д ТУЛГАРЧ БАЙЖ БОЛЗОШГҮЙ ХҮНДРЭЛ БЭРХШЭЭЛИЙН ТАЛААР ХЭ,3.24 ОДОО БИ ТАНААС [НЭР]-Д ТУЛГАРЧ БАЙЖ БОЛЗОШГҮЙ ХҮНДРЭЛ БЭРХШЭЭЛИЙН ТАЛААР ХЭ,haven_labelled/vctrs_vctr/double,"2020,2021,2022,2024",indiv,02_indiv (12).dta | 02_indiv (13).dta | 02_indiv (14).dta | 02_indiv.dta,234690,219407,4,other
q0324_2,3.24 2. [НЭР]-ын/ийн хувьд юм сонсоход хүндрэлтэй байдаг уу? ([НЭР]-д сонсголын,3.24 2. [НЭР]-ын/ийн хувьд юм сонсоход хүндрэлтэй байдаг уу? ([НЭР]-д сонсголын,haven_labelled/vctrs_vctr/double,"2020,2021,2022,2024",indiv,02_indiv (12).dta | 02_indiv (13).dta | 02_indiv (14).dta | 02_indiv.dta,234690,219407,5,other
q0324_3,3.24 3. [НЭР]-ын/ийн хувьд дэмжлэг болох туслах хэрэгсэл эсвэл бусдын тусламжгүй,3.24 3. [НЭР]-ын/ийн хувьд дэмжлэг болох туслах хэрэгсэл эсвэл бусдын тусламжгүй,haven_labelled/vctrs_vctr/double,"2020,2021,2022,2024",indiv,02_indiv (12).dta | 02_indiv (13).dta | 02_indiv (14).dta | 02_indiv.dta,234690,219407,4,other
q0324_6,3.24 6. Үеийн хүүхдүүдтэй нь харьцуулахад [НЭР]-д ямар нэг зүйл сурахад хүндрэлт,3.24 6. Үеийн хүүхдүүдтэй нь харьцуулахад [НЭР]-д ямар нэг зүйл сурахад хүндрэлт,haven_labelled/vctrs_vctr/double,"2020,2021,2022,2024",indiv,02_indiv (12).dta | 02_indiv (13).dta | 02_indiv (14).dta | 02_indiv.dta,234690,219407,5,other
q0326_1,3.26 ОДОО БИ ТАНААС [НЭР]-Д ТУЛГАРЧ БАЙЖ БОЛЗОШГҮЙ ХҮНДРЭЛ БЭРХШЭЭЛИЙН ТАЛААР ХЭ,3.26 ОДОО БИ ТАНААС [НЭР]-Д ТУЛГАРЧ БАЙЖ БОЛЗОШГҮЙ ХҮНДРЭЛ БЭРХШЭЭЛИЙН ТАЛААР ХЭ,haven_labelled/vctrs_vctr/double,"2020,2021,2022,2024",indiv,02_indiv (12).dta | 02_indiv (13).dta | 02_indiv (14).dta | 02_indiv.dta,234690,173034,6,other
q0326_2,3.26 2. [НЭР]-ын/ийн хувьд юм сонсоход хүндрэлтэй байдаг уу? ([НЭР]-д сонсголын,3.26 2. [НЭР]-ын/ийн хувьд юм сонсоход хүндрэлтэй байдаг уу? ([НЭР]-д сонсголын,haven_labelled/vctrs_vctr/double,"2020,2021,2022,2024",indiv,02_indiv (12).dta | 02_indiv (13).dta | 02_indiv (14).dta | 02_indiv.dta,234690,173034,6,other
q0326_3,3.26 3. [НЭР]-ын/ийн хувьд алхахад хүндрэлтэй байдаг уу? ([НЭР]-д ямар нэгэн дэм,3.26 3. [НЭР]-ын/ийн хувьд алхахад хүндрэлтэй байдаг уу? ([НЭР]-д ямар нэгэн дэм,haven_labelled/vctrs_vctr/double,"2020,2021,2022,2024",indiv,02_indiv (12).dta | 02_indiv (13).dta | 02_indiv (14).dta | 02_indiv.dta,234690,173034,6,other
q0326_5,3.26 5. [НЭР]-ын/ийн яриаг гэрийнхэн нь ойлгоход хүндрэлтэй байдаг уу?,3.26 5. [НЭР]-ын/ийн яриаг гэрийнхэн нь ойлгоход хүндрэлтэй байдаг уу?,haven_labelled/vctrs_vctr/double,"2020,2021,2022,2024",indiv,02_indiv (12).dta | 02_indiv (13).dta | 02_indiv (14).dta | 02_indiv.dta,234690,173034,6,other
q0326_6,3.26 6. Үеийн хүүхдүүдтэй нь харьцуулахад [НЭР]-д ямар нэг зүйл сурахад хүндрэлт,3.26 6. Үеийн хүүхдүүдтэй нь харьцуулахад [НЭР]-д ямар нэг зүйл сурахад хүндрэлт,haven_labelled/vctrs_vctr/double,"2020,2021,2022,2024",indiv,02_indiv (12).dta | 02_indiv (13).dta | 02_indiv (14).dta | 02_indiv.dta,234690,173034,6,other
q0326_7,3.26 7. Үеийн хүүхдүүдтэй нь харьцуулахад [НЭР]-д ямар нэг зүйл санахад хүндрэлт,3.26 7. Үеийн хүүхдүүдтэй нь харьцуулахад [НЭР]-д ямар нэг зүйл санахад хүндрэлт,haven_labelled/vctrs_vctr/double,"2020,2021,2022,2024",indiv,02_indiv (12).dta | 02_indiv (13).dta | 02_indiv (14).dta | 02_indiv.dta,234690,173034,6,other
q0328_1,3.28 ОДОО БИ ТАНААС [НЭР]-Д ТУЛГАРЧ БАЙЖ БОЛЗОШГҮЙ ХҮНДРЭЛ БЭРХШЭЭЛИЙН ТАЛААР ХЭ,3.28 ОДОО БИ ТАНААС [НЭР]-Д ТУЛГАРЧ БАЙЖ БОЛЗОШГҮЙ ХҮНДРЭЛ БЭРХШЭЭЛИЙН ТАЛААР ХЭ,haven_labelled/vctrs_vctr/double,"2020,2021,2022,2024",indiv,02_indiv (12).dta | 02_indiv (13).dta | 02_indiv (14).dta | 02_indiv.dta,234690,93496,6,other
q0328_2,3.28 2. [НЭР]-ын/ийн хувьд юм сонсоход хүндрэлтэй байдаг уу? ([НЭР]-д сонсголын,3.28 2. [НЭР]-ын/ийн хувьд юм сонсоход хүндрэлтэй байдаг уу? ([НЭР]-д сонсголын,haven_labelled/vctrs_vctr/double,"2020,2021,2022,2024",indiv,02_indiv (12).dta | 02_indiv (13).dta | 02_indiv (14).dta | 02_indiv.dta,234690,93496,6,other
q0328_3,3.28 3. [НЭР]-ын/ийн хувьд алхах болон шатаар явахад хүндрэлтэй байдаг уу?,3.28 3. [НЭР]-ын/ийн хувьд алхах болон шатаар явахад хүндрэлтэй байдаг уу?,haven_labelled/vctrs_vctr/double,"2020,2021,2022,2024",indiv,02_indiv (12).dta | 02_indiv (13).dta | 02_indiv (14).dta | 02_indiv.dta,234690,93496,6,other
q0602,6.02 Сүүлийн 12 сард хадгаламжиндаа хэдэн төгрөг хийсэн бэ?,6.02 Сүүлийн 12 сард хадгаламжиндаа хэдэн төгрөг хийсэн бэ?,numeric,2023,hhold,01_hhold (14).dta,8550,6348,169,other
q0617,"6.17 Танайх сүүлийн 12 сард үр тариа, хүнсний ногоо, жимс тариалсан уу?","6.17 Танайх сүүлийн 12 сард үр тариа, хүнсний ногоо, жимс тариалсан уу?",haven_labelled/vctrs_vctr/double,"2020,2021,2022,2024",hhold,01_hhold (11).dta | 01_hhold (12).dta | 01_hhold (13).dta | 01_hhold.dta,66167,63103,2,other
q0703,7.03 Танай сууцны талбайн хэмжээ хэд вэ?,7.03 Танай сууцны талбайн хэмжээ хэд вэ?,numeric,2023,hhold,01_hhold (14).dta,8550,3105,160,other
q0705,7.05 Гэрийн ханын тоо,7.05 Гэрийн ханын тоо,numeric,2023,hhold,01_hhold (14).dta,8550,5472,6,other
q0706,7.06 Танайх сууцаа түрээсэлдэг үү?,7.06 Танайх сууцаа түрээсэлдэг үү?,haven_labelled/vctrs_vctr/double,2023,hhold,01_hhold (14).dta,8550,0,2,other
q0707,7.07 Та сууцаа сард хэдэн төгрөгөөр түрээсэлдэг вэ?,7.07 Та сууцаа сард хэдэн төгрөгөөр түрээсэлдэг вэ?,numeric,2023,hhold,01_hhold (14).dta,8550,8337,46,other
q0710,7.10 Танайх ундны усаа хэр холоос авдаг вэ?,7.10 Танайх ундны усаа хэр холоос авдаг вэ?,haven_labelled/vctrs_vctr/double,2023,hhold,01_hhold (14).dta,8550,2431,3,other
q0711,7.11 Танайх унд болон ахуйн хэрэглээндээ хоногт хэдэн литр ус хэрэглэдэг вэ?,7.11 Танайх унд болон ахуйн хэрэглээндээ хоногт хэдэн литр ус хэрэглэдэг вэ?,numeric,2023,hhold,01_hhold (14).dta,8550,2431,46,other
q0712,7.12 Танайх ямар төрлийн бие засах газартай вэ?,7.12 Танайх ямар төрлийн бие засах газартай вэ?,haven_labelled/vctrs_vctr/double,2023,hhold,01_hhold (14).dta,8550,0,9,other
q0713,7.13 Танайх ахуйн бохир усаа яаж зайлуулдаг вэ?,7.13 Танайх ахуйн бохир усаа яаж зайлуулдаг вэ?,haven_labelled/vctrs_vctr/double,2023,hhold,01_hhold (14).dta,8550,0,5,other
q0714,7.14 Танайх харилцуур утастай юу?,7.14 Танайх харилцуур утастай юу?,haven_labelled/vctrs_vctr/double,2023,hhold,01_hhold (14).dta,8550,0,4,other
q0715,7.15 Танайх гэртээ интернэттэй юу?,7.15 Танайх гэртээ интернэттэй юу?,haven_labelled/vctrs_vctr/double,2023,hhold,01_hhold (14).dta,8550,0,2,other
q0802,8.02 Сүүлийн 12 сард хадгаламжиндаа хэдэн төгрөг хийсэн бэ?,8.02 Сүүлийн 12 сард хадгаламжиндаа хэдэн төгрөг хийсэн бэ?,numeric,"2020,2021,2022,2024",hhold,01_hhold (11).dta | 01_hhold (12).dta | 01_hhold (13).dta | 01_hhold.dta,66167,44660,503,other
q0804,8.04 Зээл авах шаардлага хангаагүйгээс зээлээ авч чадаагүй тохиолдол гарсан уу?,8.04 Зээл авах шаардлага хангаагүйгээс зээлээ авч чадаагүй тохиолдол гарсан уу?,haven_labelled/vctrs_vctr/double,"2020,2021,2022,2024",hhold,01_hhold (11).dta | 01_hhold (12).dta | 01_hhold (13).dta | 01_hhold.dta,66167,42032,2,other
q0805,8.05 Нийт хэдэн тохиолдол гарсан бэ?,8.05 Нийт хэдэн тохиолдол гарсан бэ?,numeric,"2020,2021,2022,2024",hhold,01_hhold (11).dta | 01_hhold (12).dta | 01_hhold (13).dta | 01_hhold.dta,66167,64766,6,other
q0901,9.01 Танайх өөрийн эзэмшлийн сууцтай юу?,9.01 Танайх өөрийн эзэмшлийн сууцтай юу?,haven_labelled/vctrs_vctr/double,"2020,2021,2022,2024",hhold,01_hhold (11).dta | 01_hhold (12).dta | 01_hhold (13).dta | 01_hhold.dta,66167,0,2,other
q0902,9.02 Танайх өөрийн эзэмшлийн хэдэн сууцтай вэ?,9.02 Танайх өөрийн эзэмшлийн хэдэн сууцтай вэ?,numeric,"2020,2021,2022,2024",hhold,01_hhold (11).dta | 01_hhold (12).dta | 01_hhold (13).dta | 01_hhold.dta,66167,5709,8,other
q0903,9.03 Одоо амьдарч байгаа сууц тань танай үндсэн сууц мөн үү?,9.03 Одоо амьдарч байгаа сууц тань танай үндсэн сууц мөн үү?,haven_labelled/vctrs_vctr/double,"2020,2021,2022,2024",hhold,01_hhold (11).dta | 01_hhold (12).dta | 01_hhold (13).dta | 01_hhold.dta,66167,0,2,other
q0905,9.05 Танай сууц хэдэн өрөөтэй вэ?,9.05 Танай сууц хэдэн өрөөтэй вэ?,numeric,"2020,2021,2022,2024",hhold,01_hhold (11).dta | 01_hhold (12).dta | 01_hhold (13).dta | 01_hhold.dta,66167,28392,11,other
q0906other,Бусад,Бусад,character,2024,hhold,01_hhold.dta,15513,0,15,other
q0907other,Бусад,Бусад,character,2024,hhold,01_hhold.dta,15513,0,59,other
q0908other,бусад,бусад,character,2024,hhold,01_hhold.dta,15513,0,13,other
q0909,9.09 Танай сууцны хүн амьдрах талбайн хэмжээ хэд вэ?,9.09 Танай сууцны хүн амьдрах талбайн хэмжээ хэд вэ?,haven_labelled/vctrs_vctr/double | numeric,"2020,2021,2022,2024",hhold,01_hhold (11).dta | 01_hhold (12).dta | 01_hhold (13).dta | 01_hhold.dta,66167,28392,164,other
q0909aother,Бусад,Бусад,character,2024,hhold,01_hhold.dta,15513,0,14,other
q0910,9.10 Танай сууцны нийт талбайн хэмжээ хэд вэ?,9.10 Танай сууцны нийт талбайн хэмжээ хэд вэ?,haven_labelled/vctrs_vctr/double | numeric,"2020,2021,2022,2024",hhold,01_hhold (11).dta | 01_hhold (12).dta | 01_hhold (13).dta | 01_hhold.dta,66167,28411,188,other
q0910other,Бусад,Бусад,character,2024,hhold,01_hhold.dta,15513,0,67,other
q0912,9.12 Танай гэр хэдэн ханатай вэ?,9.12 Танай гэр хэдэн ханатай вэ?,haven_labelled/vctrs_vctr/double | numeric,"2020,2021,2022,2024",hhold,01_hhold (11).dta | 01_hhold (12).dta | 01_hhold (13).dta | 01_hhold.dta,66167,37994,8,other
q0913,"9.13 Танай гэрийн дээвэр дан уу, давхар уу?","9.13 Танай гэрийн дээвэр дан уу, давхар уу?",haven_labelled/vctrs_vctr/double,"2020,2021,2022,2024",hhold,01_hhold (11).dta | 01_hhold (12).dta | 01_hhold (13).dta | 01_hhold.dta,66167,37994,2,other
q0914,"9.14 Танай гэрийн дээвэр хүйтний улиралд дан байдаг уу, давхар байдаг уу?","9.14 Танай гэрийн дээвэр хүйтний улиралд дан байдаг уу, давхар байдаг уу?",haven_labelled/vctrs_vctr/double,"2020,2021,2022,2024",hhold,01_hhold (11).dta | 01_hhold (12).dta | 01_hhold (13).dta | 01_hhold.dta,66167,37994,2,other
q0915,"9.15 Танай гэрийн туурга дан уу, давхар уу?","9.15 Танай гэрийн туурга дан уу, давхар уу?",haven_labelled/vctrs_vctr/double,"2020,2021,2022,2024",hhold,01_hhold (11).dta | 01_hhold (12).dta | 01_hhold (13).dta | 01_hhold.dta,66167,37994,2,other
q0916,"9.16 Танай гэрийн туурга хүйтний улиралд дан байдаг уу, давхар байдаг уу?","9.16 Танай гэрийн туурга хүйтний улиралд дан байдаг уу, давхар байдаг уу?",haven_labelled/vctrs_vctr/double,"2020,2021,2022,2024",hhold,01_hhold (11).dta | 01_hhold (12).dta | 01_hhold (13).dta | 01_hhold.dta,66167,37994,5,other
q0917,9.17 Танай гэр ямар шалтай вэ?,9.17 Танай гэр ямар шалтай вэ?,haven_labelled/vctrs_vctr/double,"2020,2021,2022,2024",hhold,01_hhold (11).dta | 01_hhold (12).dta | 01_hhold (13).dta | 01_hhold.dta,66167,37994,5,other
q0918,9.18 Танай гэр хүйтний улиралд ямар шалтай вэ?,9.18 Танай гэр хүйтний улиралд ямар шалтай вэ?,haven_labelled/vctrs_vctr/double | numeric,"2020,2021,2022,2024",hhold,01_hhold (11).dta | 01_hhold (12).dta | 01_hhold (13).dta | 01_hhold.dta,66167,29062,84,other
q0919,9.19 Танай энэ сууц тань ашиглалтад ороод хэдэн жил болж байна вэ?,9.19 Танай энэ сууц тань ашиглалтад ороод хэдэн жил болж байна вэ?,numeric,"2020,2021,2022,2024",hhold,01_hhold (11).dta | 01_hhold (12).dta | 01_hhold (13).dta | 01_hhold.dta,66167,0,83,other
q0920,9.20 Танайх энэ сууцанд хэр удаан амьдарч байгаа вэ?,9.20 Танайх энэ сууцанд хэр удаан амьдарч байгаа вэ?,haven_labelled/vctrs_vctr/double | numeric,"2020,2021,2022,2024",hhold,01_hhold (11).dta | 01_hhold (12).dta | 01_hhold (13).dta | 01_hhold.dta,66167,0,77,other
q0923,9.23 Сууцтай болохын тулд зээл авсан уу?,9.23 Сууцтай болохын тулд зээл авсан уу?,haven_labelled/vctrs_vctr/double | numeric,"2020,2021,2022,2024",hhold,01_hhold (11).dta | 01_hhold (12).dta | 01_hhold (13).dta | 01_hhold.dta,66167,24037,397,other
q0925,9.25 Та сууцаа сард хэдэн төгрөгөөр түрээсэлдэг вэ?,9.25 Та сууцаа сард хэдэн төгрөгөөр түрээсэлдэг вэ?,numeric,"2020,2021,2022,2024",hhold,01_hhold (11).dta | 01_hhold (12).dta | 01_hhold (13).dta | 01_hhold.dta,66167,64609,89,other
q0931,9.31 Гэртээ ус авчрахад хэдэн минут зарцуулдаг вэ?,9.31 Гэртээ ус авчрахад хэдэн минут зарцуулдаг вэ?,haven_labelled/vctrs_vctr/double | numeric,"2020,2021,2022,2024",hhold,01_hhold (11).dta | 01_hhold (12).dta | 01_hhold (13).dta | 01_hhold.dta,66167,27844,98,other
q0932,9.32 Танайх усаа хэр холоос авдаг вэ?,9.32 Танайх усаа хэр холоос авдаг вэ?,haven_labelled/vctrs_vctr/double | numeric,"2020,2021,2022,2024",hhold,01_hhold (11).dta | 01_hhold (12).dta | 01_hhold (13).dta | 01_hhold.dta,66167,21386,172,other
q0933,9.33 Танайх унд болон ахуйн хэрэглээндээ хоногт хэдэн литр ус хэрэглэдэг вэ?,9.33 Танайх унд болон ахуйн хэрэглээндээ хоногт хэдэн литр ус хэрэглэдэг вэ?,numeric,"2020,2021,2022,2024",hhold,01_hhold (11).dta | 01_hhold (12).dta | 01_hhold (13).dta | 01_hhold.dta,66167,13228,191,other
q0934,9.34 Танайх ямар бие засах газар ашигладаг вэ?,9.34 Танайх ямар бие засах газар ашигладаг вэ?,haven_labelled/vctrs_vctr/double,"2020,2021,2022,2024",hhold,01_hhold (11).dta | 01_hhold (12).dta | 01_hhold (13).dta | 01_hhold.dta,66167,6581,11,other
q0935,9.35 Танайх бие засах газраа бусадтай хамтарч ашигладаг уу?,9.35 Танайх бие засах газраа бусадтай хамтарч ашигладаг уу?,haven_labelled/vctrs_vctr/double | numeric,"2020,2021,2022,2024",hhold,01_hhold (11).dta | 01_hhold (12).dta | 01_hhold (13).dta | 01_hhold.dta,66167,15450,22,other
q0936,9.36 Бие засах газар чинь хаана байдаг вэ?,9.36 Бие засах газар чинь хаана байдаг вэ?,haven_labelled/vctrs_vctr/double,"2020,2021,2022,2024",hhold,01_hhold (11).dta | 01_hhold (12).dta | 01_hhold (13).dta | 01_hhold.dta,66167,0,7,other
q0937,9.37 Танайх ахуйн бохир усаа яаж зайлуулдаг вэ?,9.37 Танайх ахуйн бохир усаа яаж зайлуулдаг вэ?,haven_labelled/vctrs_vctr/double,"2020,2021,2022,2024",hhold,01_hhold (11).dta | 01_hhold (12).dta | 01_hhold (13).dta | 01_hhold.dta,66167,0,8,other
q0938,"9.38 Танайх хатуу хог, хаягдлаа яаж зайлуулдаг вэ?","9.38 Танайх хатуу хог, хаягдлаа яаж зайлуулдаг вэ?",haven_labelled/vctrs_vctr/double,"2020,2021,2022,2024",hhold,01_hhold (11).dta | 01_hhold (12).dta | 01_hhold (13).dta | 01_hhold.dta,66167,3752,9,other
q0942,"9.42 Танайд гараа угаахдаа хэрэглэдэг саван, угаалгын бодис одоо байна уу?","9.42 Танайд гараа угаахдаа хэрэглэдэг саван, угаалгын бодис одоо байна уу?",haven_labelled/vctrs_vctr/double | numeric,"2022,2024",hhold,01_hhold (13).dta | 01_hhold.dta,38508,22220,353,other
q0943,9.43 Та надад түүнийгээ үзүүлж болох уу?,9.43 Та надад түүнийгээ үзүүлж болох уу?,haven_labelled/vctrs_vctr/double | numeric,"2022,2024",hhold,01_hhold (13).dta | 01_hhold.dta,38508,22506,622,other
q0944,What is the values/price of electricity that you received for free from others i,What is the values/price of electricity that you received for free from others i,numeric,2024,hhold,01_hhold.dta,15513,0,97,other
q0946,Where is the water source located?,Where is the water source located?,haven_labelled/vctrs_vctr/double,2024,hhold,01_hhold.dta,15513,0,3,other
q0948,From how far do you get your drinking water?,From how far do you get your drinking water?,haven_labelled/vctrs_vctr/double,2024,hhold,01_hhold.dta,15513,4843,3,other
q0951,Do you share your toilet with others?,Do you share your toilet with others?,haven_labelled/vctrs_vctr/double,2024,hhold,01_hhold.dta,15513,0,2,other
q0952,Where is this toilet facility located?,Where is this toilet facility located?,haven_labelled/vctrs_vctr/double,2024,hhold,01_hhold.dta,15513,0,3,other
q0956,OBSERVE PRESENCE OF WATER AT THE PLACE FOR HANDWASHING.,OBSERVE PRESENCE OF WATER AT THE PLACE FOR HANDWASHING.,haven_labelled/vctrs_vctr/double,2024,hhold,01_hhold.dta,15513,681,2,other
q0957,IS SOAP OR SANITIZER PRESENT AT THE PLACE FOR HANDWASHING?,IS SOAP OR SANITIZER PRESENT AT THE PLACE FOR HANDWASHING?,haven_labelled/vctrs_vctr/double,2024,hhold,01_hhold.dta,15513,681,2,other
q0958,Do you have any soap or sanitizer in your house for washing hands?,Do you have any soap or sanitizer in your house for washing hands?,haven_labelled/vctrs_vctr/double,2024,hhold,01_hhold.dta,15513,14650,2,other
q0959,Can you please show it to me?,Can you please show it to me?,haven_labelled/vctrs_vctr/double,2024,hhold,01_hhold.dta,15513,14740,2,other
q0960a,RECORD YOUR OBSERVATION: BAR OR LIQUID SOAP,RECORD YOUR OBSERVATION: BAR OR LIQUID SOAP,character,2024,hhold,01_hhold.dta,15513,0,2,other
q0960b,"RECORD YOUR OBSERVATION: DETERGENT (POWDER/LIQUID,PASTE)","RECORD YOUR OBSERVATION: DETERGENT (POWDER/LIQUID,PASTE)",character,2024,hhold,01_hhold.dta,15513,0,2,other
q1001,10.01 Танайх харилцуур утастай юу?,10.01 Танайх харилцуур утастай юу?,haven_labelled/vctrs_vctr/double,"2020,2021,2022,2024",hhold,01_hhold (11).dta | 01_hhold (12).dta | 01_hhold (13).dta | 01_hhold.dta,66167,0,4,other
q1002,10.02 Танайх гэртээ интернеттэй юу?,10.02 Танайх гэртээ интернеттэй юу?,haven_labelled/vctrs_vctr/double,"2020,2021,2022,2024",hhold,01_hhold (11).dta | 01_hhold (12).dta | 01_hhold (13).dta | 01_hhold.dta,66167,0,2,other
q1006a,Өмчилсөн газар м2,Өмчилсөн газар м2,numeric,"2020,2021,2022,2024",hhold,01_hhold (11).dta | 01_hhold (12).dta | 01_hhold (13).dta | 01_hhold.dta,66167,30879,555,other
q1006b,Эзэмшдэг газар м2,Эзэмшдэг газар м2,numeric,"2020,2021,2022,2024",hhold,01_hhold (11).dta | 01_hhold (12).dta | 01_hhold (13).dta | 01_hhold.dta,66167,30879,302,other
q1010a,А Өдрийн цагаар,А Өдрийн цагаар,haven_labelled/vctrs_vctr/double,"2020,2021,2022,2024",hhold,01_hhold (11).dta | 01_hhold (12).dta | 01_hhold (13).dta | 01_hhold.dta,66167,0,3,other
q1010b,Б Оройн цагаар,Б Оройн цагаар,haven_labelled/vctrs_vctr/double,"2020,2021,2022,2024",hhold,01_hhold (11).dta | 01_hhold (12).dta | 01_hhold (13).dta | 01_hhold.dta,66167,0,3,other
q1011,"10.11 Таны амьдарч буй орчинд гэмт хэрэг/ дээрэм эсвэл хүчирхийлэл, халдлага хэр","10.11 Таны амьдарч буй орчинд гэмт хэрэг/ дээрэм эсвэл хүчирхийлэл, халдлага хэр",haven_labelled/vctrs_vctr/double,"2020,2021,2022,2024",hhold,01_hhold (11).dta | 01_hhold (12).dta | 01_hhold (13).dta | 01_hhold.dta,66167,0,6,other
q1013a,A Үер,A Үер,haven_labelled/vctrs_vctr/double | numeric,"2020,2021,2022,2024",hhold,01_hhold (11).dta | 01_hhold (12).dta | 01_hhold (13).dta | 01_hhold.dta,66167,0,3,other
q1013b,Б Ган гачиг,Б Ган гачиг,haven_labelled/vctrs_vctr/double | numeric,"2020,2021,2022,2024",hhold,01_hhold (11).dta | 01_hhold (12).dta | 01_hhold (13).dta | 01_hhold.dta,66167,0,3,other
q1013c,В Зуд,В Зуд,haven_labelled/vctrs_vctr/double | numeric,"2020,2021,2022,2024",hhold,01_hhold (11).dta | 01_hhold (12).dta | 01_hhold (13).dta | 01_hhold.dta,66167,0,3,other
q1013d,Г Газар хөдлөлт,Г Газар хөдлөлт,haven_labelled/vctrs_vctr/double | numeric,"2020,2021,2022,2024",hhold,01_hhold (11).dta | 01_hhold (12).dta | 01_hhold (13).dta | 01_hhold.dta,66167,0,3,other
q1013e,Д Бичил уурхайн осол,Д Бичил уурхайн осол,haven_labelled/vctrs_vctr/double | numeric,"2020,2021,2022,2024",hhold,01_hhold (11).dta | 01_hhold (12).dta | 01_hhold (13).dta | 01_hhold.dta,66167,0,3,other
q1013f,Е Усны осол,Е Усны осол,haven_labelled/vctrs_vctr/double | numeric,"2020,2021,2022,2024",hhold,01_hhold (11).dta | 01_hhold (12).dta | 01_hhold (13).dta | 01_hhold.dta,66167,0,3,other
q1013g,Ё Тээврийн хэрэгслийн осол,Ё Тээврийн хэрэгслийн осол,haven_labelled/vctrs_vctr/double | numeric,"2020,2021,2022,2024",hhold,01_hhold (11).dta | 01_hhold (12).dta | 01_hhold (13).dta | 01_hhold.dta,66167,0,3,other
q1013h,Ж Гал түймэр,Ж Гал түймэр,haven_labelled/vctrs_vctr/double | numeric,"2020,2021,2022,2024",hhold,01_hhold (11).dta | 01_hhold (12).dta | 01_hhold (13).dta | 01_hhold.dta,66167,0,3,other
quarter,Calendar quarter of the interview,Calendar quarter of the interview,numeric,"2020,2021,2022,2023,2024",basicvars,basicvars (11).dta | basicvars (12).dta | basicvars (13).dta | basicvars (14).dta | basicvars.dta,74717,0,4,other
region,Region,Region,haven_labelled/vctrs_vctr/double,"2020,2021,2022,2023,2024",basicvars,basicvars (11).dta | basicvars (12).dta | basicvars (13).dta | basicvars (14).dta | basicvars.dta,74717,0,5,other
strata,Strata 3,Strata 3,numeric,"2020,2021,2022,2023,2024",basicvars,basicvars (11).dta | basicvars (12).dta | basicvars (13).dta | basicvars (14).dta | basicvars.dta,74717,0,3,other
v1_dd,Өдөр,Өдөр,numeric,"2022,2023,2024",hhold,01_hhold (13).dta | 01_hhold (14).dta | 01_hhold.dta,47058,0,31,other
v1_mm,Сар,Сар,numeric,"2022,2023,2024",hhold,01_hhold (13).dta | 01_hhold (14).dta | 01_hhold.dta,47058,0,12,other
v1_res,Үр дүн,Үр дүн,haven_labelled/vctrs_vctr/double,"2022,2023,2024",hhold,01_hhold (13).dta | 01_hhold (14).dta | 01_hhold.dta,47058,0,7,other
v1_yy,Он,Он,numeric,"2022,2023,2024",hhold,01_hhold (13).dta | 01_hhold (14).dta | 01_hhold.dta,47058,0,1,other
v2_dd,Өдөр,Өдөр,numeric,"2022,2023,2024",hhold,01_hhold (13).dta | 01_hhold (14).dta | 01_hhold.dta,47058,22730,31,other
v2_mm,Сар,Сар,numeric,"2022,2023,2024",hhold,01_hhold (13).dta | 01_hhold (14).dta | 01_hhold.dta,47058,22730,12,other
v2_res,Үр дүн,Үр дүн,haven_labelled/vctrs_vctr/double,"2022,2023,2024",hhold,01_hhold (13).dta | 01_hhold (14).dta | 01_hhold.dta,47058,22744,6,other
v2_yy,Он,Он,numeric,"2022,2023,2024",hhold,01_hhold (13).dta | 01_hhold (14).dta | 01_hhold.dta,47058,22729,1,other
v3_dd,Өдөр,Өдөр,numeric,"2022,2023,2024",hhold,01_hhold (13).dta | 01_hhold (14).dta | 01_hhold.dta,47058,26052,31,other
v3_mm,Сар,Сар,numeric,"2022,2023,2024",hhold,01_hhold (13).dta | 01_hhold (14).dta | 01_hhold.dta,47058,26052,12,other
v3_res,Үр дүн,Үр дүн,haven_labelled/vctrs_vctr/double,"2022,2023,2024",hhold,01_hhold (13).dta | 01_hhold (14).dta | 01_hhold.dta,47058,26054,2,other
v3_yy,Он,Он,numeric,"2022,2023,2024",hhold,01_hhold (13).dta | 01_hhold (14).dta | 01_hhold.dta,47058,26052,1,other
visitor,Хоносон зочины тоо,Хоносон зочины тоо,numeric,"2020,2021,2022,2023,2024",hhold,01_hhold (11).dta | 01_hhold (12).dta | 01_hhold (13).dta | 01_hhold (14).dta | 01_hhold.dta,74717,2,18,other
years,Year,Year,numeric,2024,hhold,01_hhold.dta,15513,0,1,other
