sex,age_group,year,population
Бүгд,Бүгд,1956,845481
Бүгд,Бүгд,1963,1017158
Бүгд,Бүгд,1969,1197595
Бүгд,Бүгд,1979,1595006
Бүгд,Бүгд,1989,2043954
Бүгд,Бүгд,1990,2153466
Бүгд,Бүгд,1991,2177217
Бүгд,Бүгд,1992,2158362
Бүгд,Бүгд,1993,2171898
Бүгд,Бүгд,1994,2206892
Бүгд,Бүгд,1995,2242998
Бүгд,Бүгд,1996,2276016
Бүгд,Бүгд,1997,2307484
Бүгд,Бүгд,1998,2340134
Бүгд,Бүгд,1999,2373493
Бүгд,Бүгд,2000,2403105
Бүгд,Бүгд,2001,2432397
Бүгд,Бүгд,2002,2465657
Бүгд,Бүгд,2003,2495091
Бүгд,Бүгд,2004,2521733
Бүгд,Бүгд,2005,2551081
Бүгд,Бүгд,2006,2583254
Бүгд,Бүгд,2007,2620446
Бүгд,Бүгд,2008,2665955
Бүгд,Бүгд,2009,2716275
Бүгд,Бүгд,2010,2760968
Бүгд,Бүгд,2011,2811666
Бүгд,Бүгд,2012,2867744
Бүгд,Бүгд,2013,2930277
Бүгд,Бүгд,2014,2995949
Бүгд,Бүгд,2015,3057778
Бүгд,Бүгд,2016,3119935
Бүгд,Бүгд,2017,3177899
Бүгд,Бүгд,2018,3238479
Бүгд,Бүгд,2019,3296866
Бүгд,Бүгд,2020,3367257
Бүгд,Бүгд,2021,3419654
Бүгд,Бүгд,2022,3467263
Бүгд,Бүгд,2023,3514456
Бүгд,Бүгд,2024,3554550
Бүгд,Бүгд,2025,3591120
Бүгд,0-4,1956,106601
Бүгд,0-4,1963,170389
Бүгд,0-4,1969,199012
Бүгд,0-4,1979,263534
Бүгд,0-4,1989,324856
Бүгд,0-4,1990,340633
Бүгд,0-4,1991,335026
Бүгд,0-4,1992,318770
Бүгд,0-4,1993,293792
Бүгд,0-4,1994,275666
Бүгд,0-4,1995,260200
Бүгд,0-4,1996,245148
Бүгд,0-4,1997,233844
Бүгд,0-4,1998,236701
Бүгд,0-4,1999,246023
Бүгд,0-4,2000,230273
Бүгд,0-4,2001,228703
Бүгд,0-4,2002,227994
Бүгд,0-4,2003,230716
Бүгд,0-4,2004,233180
Бүгд,0-4,2005,235893
Бүгд,0-4,2006,216960
Бүгд,0-4,2007,232963
Бүгд,0-4,2008,247698
Бүгд,0-4,2009,263186
Бүгд,0-4,2010,276321
Бүгд,0-4,2011,288129
Бүгд,0-4,2012,305258
Бүгд,0-4,2013,319422
Бүгд,0-4,2014,345968
Бүгд,0-4,2015,386866
Бүгд,0-4,2016,394514
Бүгд,0-4,2017,393984
Бүгд,0-4,2018,391125
Бүгд,0-4,2019,385681
Бүгд,0-4,2020,383719
Бүгд,0-4,2021,377193
Бүгд,0-4,2022,367484
Бүгд,0-4,2023,354313
Бүгд,0-4,2024,340277
Бүгд,0-4,2025,320061
Бүгд,5-9,1956,88919
Бүгд,5-9,1963,139124
Бүгд,5-9,1969,194303
Бүгд,5-9,1979,234986
Бүгд,5-9,1989,275179
Бүгд,5-9,1990,291335
Бүгд,5-9,1991,298627
Бүгд,5-9,1992,299441
Бүгд,5-9,1993,308809
Бүгд,5-9,1994,314084
Бүгд,5-9,1995,318226
Бүгд,5-9,1996,317828
Бүгд,5-9,1997,311920
Бүгд,5-9,1998,289751
Бүгд,5-9,1999,285664
Бүгд,5-9,2000,267504
Бүгд,5-9,2001,255618
Бүгд,5-9,2002,264648
Бүгд,5-9,2003,267807
Бүгд,5-9,2004,270667
Бүгд,5-9,2005,273818
Бүгд,5-9,2006,243465
Бүгд,5-9,2007,246879
Бүгд,5-9,2008,240358
Бүгд,5-9,2009,233139
Бүгд,5-9,2010,228193
Бүгд,5-9,2011,222256
Бүгд,5-9,2012,231805
Бүгд,5-9,2013,248674
Бүгд,5-9,2014,271346
Бүгд,5-9,2015,298808
Бүгд,5-9,2016,322575
Бүгд,5-9,2017,341311
Бүгд,5-9,2018,358379
Бүгд,5-9,2019,373012
Бүгд,5-9,2020,390116
Бүгд,5-9,2021,397461
Бүгд,5-9,2022,397687
Бүгд,5-9,2023,395617
Бүгд,5-9,2024,386370
Бүгд,5-9,2025,389790
Бүгд,10-14,1956,61387
Бүгд,10-14,1963,87283
Бүгд,10-14,1969,139050
Бүгд,10-14,1979,207713
Бүгд,10-14,1989,255646
Бүгд,10-14,1990,260968
Бүгд,10-14,1991,261280
Бүгд,10-14,1992,258612
Бүгд,10-14,1993,259277
Бүгд,10-14,1994,266867
Бүгд,10-14,1995,275060
Бүгд,10-14,1996,285685
Бүгд,10-14,1997,294987
Бүгд,10-14,1998,306484
Бүгд,10-14,1999,317434
Бүгд,10-14,2000,314253
Бүгд,10-14,2001,311938
Бүгд,10-14,2002,312107
Бүгд,10-14,2003,315837
Бүгд,10-14,2004,319207
Бүгд,10-14,2005,322924
Бүгд,10-14,2006,276262
Бүгд,10-14,2007,269186
Бүгд,10-14,2008,262156
Бүгд,10-14,2009,253856
Бүгд,10-14,2010,248224
Бүгд,10-14,2011,237733
Бүгд,10-14,2012,237751
Бүгд,10-14,2013,234216
Бүгд,10-14,2014,224132
Бүгд,10-14,2015,219332
Бүгд,10-14,2016,220429
Бүгд,10-14,2017,232601
Бүгд,10-14,2018,252548
Бүгд,10-14,2019,279299
Бүгд,10-14,2020,301137
Бүгд,10-14,2021,325134
Бүгд,10-14,2022,343762
Бүгд,10-14,2023,360503
Бүгд,10-14,2024,373609
Бүгд,10-14,2025,388706
Бүгд,15-19,1956,75685
Бүгд,15-19,1963,70888
Бүгд,15-19,1969,91157
Бүгд,15-19,1979,184416
Бүгд,15-19,1989,221580
Бүгд,15-19,1990,237545
Бүгд,15-19,1991,242429
Бүгд,15-19,1992,238775
Бүгд,15-19,1993,241210
Бүгд,15-19,1994,241367
Бүгд,15-19,1995,246021
Бүгд,15-19,1996,249583
Бүгд,15-19,1997,254509
Бүгд,15-19,1998,257144
Бүгд,15-19,1999,263358
Бүгд,15-19,2000,276123
Бүгд,15-19,2001,282865
Бүгд,15-19,2002,288606
Бүгд,15-19,2003,292054
Бүгд,15-19,2004,295168
Бүгд,15-19,2005,298606
Бүгд,15-19,2006,307890
Бүгд,15-19,2007,306703
Бүгд,15-19,2008,297965
Бүгд,15-19,2009,286918
Бүгд,15-19,2010,275828
Бүгд,15-19,2011,260952
Бүгд,15-19,2012,252710
Бүгд,15-19,2013,253439
Бүгд,15-19,2014,244337
Бүгд,15-19,2015,239910
Бүгд,15-19,2016,236400
Бүгд,15-19,2017,233001
Бүгд,15-19,2018,228402
Бүгд,15-19,2019,223078
Бүгд,15-19,2020,221174
Бүгд,15-19,2021,222552
Бүгд,15-19,2022,235243
Бүгд,15-19,2023,255345
Бүгд,15-19,2024,280404
Бүгд,15-19,2025,299213
Бүгд,20-24,1956,68976
Бүгд,20-24,1963,72017
Бүгд,20-24,1969,70079
Бүгд,20-24,1979,130104
Бүгд,20-24,1989,196052
Бүгд,20-24,1990,209207
Бүгд,20-24,1991,208563
Бүгд,20-24,1992,208490
Бүгд,20-24,1993,212493
Бүгд,20-24,1994,222876
Бүгд,20-24,1995,225858
Бүгд,20-24,1996,232535
Бүгд,20-24,1997,234998
Бүгд,20-24,1998,238412
Бүгд,20-24,1999,235751
Бүгд,20-24,2000,248994
Бүгд,20-24,2001,255334
Бүгд,20-24,2002,262002
Бүгд,20-24,2003,265130
Бүгд,20-24,2004,267961
Бүгд,20-24,2005,271080
Бүгд,20-24,2006,257726
Бүгд,20-24,2007,265674
Бүгд,20-24,2008,280924
Бүгд,20-24,2009,296937
Бүгд,20-24,2010,305891
Бүгд,20-24,2011,315540
Бүгд,20-24,2012,309393
Бүгд,20-24,2013,298383
Бүгд,20-24,2014,278214
Бүгд,20-24,2015,267844
Бүгд,20-24,2016,255144
Бүгд,20-24,2017,244980
Бүгд,20-24,2018,244971
Бүгд,20-24,2019,239604
Бүгд,20-24,2020,237479
Бүгд,20-24,2021,234660
Бүгд,20-24,2022,232034
Бүгд,20-24,2023,228318
Бүгд,20-24,2024,223723
Бүгд,20-24,2025,218774
Бүгд,25-29,1956,63947
Бүгд,25-29,1963,70688
Бүгд,25-29,1969,77960
Бүгд,25-29,1979,92611
Бүгд,25-29,1989,179543
Бүгд,25-29,1990,186973
Бүгд,25-29,1991,191321
Бүгд,25-29,1992,186938
Бүгд,25-29,1993,188793
Бүгд,25-29,1994,193488
Бүгд,25-29,1995,200382
Бүгд,25-29,1996,202258
Бүгд,25-29,1997,207981
Бүгд,25-29,1998,213505
Бүгд,25-29,1999,216652
Бүгд,25-29,2000,219423
Бүгд,25-29,2001,224839
Бүгд,25-29,2002,227669
Бүгд,25-29,2003,230389
Бүгд,25-29,2004,232848
Бүгд,25-29,2005,235558
Бүгд,25-29,2006,224551
Бүгд,25-29,2007,231123
Бүгд,25-29,2008,238304
Бүгд,25-29,2009,249737
Бүгд,25-29,2010,260640
Бүгд,25-29,2011,280465
Бүгд,25-29,2012,287776
Бүгд,25-29,2013,298203
Бүгд,25-29,2014,305778
Бүгд,25-29,2015,313709
Бүгд,25-29,2016,314540
Бүгд,25-29,2017,310730
Бүгд,25-29,2018,294550
Бүгд,25-29,2019,277392
Бүгд,25-29,2020,264593
Бүгд,25-29,2021,251879
Бүгд,25-29,2022,242022
Бүгд,25-29,2023,241871
Бүгд,25-29,2024,238764
Бүгд,25-29,2025,235074
Бүгд,30-34,1956,58506
Бүгд,30-34,1963,64371
Бүгд,30-34,1969,64971
Бүгд,30-34,1979,77046
Бүгд,30-34,1989,135284
Бүгд,30-34,1990,153333
Бүгд,30-34,1991,156575
Бүгд,30-34,1992,162570
Бүгд,30-34,1993,168344
Бүгд,30-34,1994,179339
Бүгд,30-34,1995,179067
Бүгд,30-34,1996,185445
Бүгд,30-34,1997,186497
Бүгд,30-34,1998,189718
Бүгд,30-34,1999,187872
Бүгд,30-34,2000,190256
Бүгд,30-34,2001,192949
Бүгд,30-34,2002,195815
Бүгд,30-34,2003,198152
Бүгд,30-34,2004,200269
Бүгд,30-34,2005,202598
Бүгд,30-34,2006,211470
Бүгд,30-34,2007,215578
Бүгд,30-34,2008,220314
Бүгд,30-34,2009,229054
Бүгд,30-34,2010,234435
Бүгд,30-34,2011,248370
Бүгд,30-34,2012,252204
Бүгд,30-34,2013,255161
Бүгд,30-34,2014,257858
Бүгд,30-34,2015,263538
Бүгд,30-34,2016,273997
Бүгд,30-34,2017,283360
Бүгд,30-34,2018,295098
Бүгд,30-34,2019,304728
Бүгд,30-34,2020,310459
Бүгд,30-34,2021,311059
Бүгд,30-34,2022,306476
Бүгд,30-34,2023,290328
Бүгд,30-34,2024,275663
Бүгд,30-34,2025,261909
Бүгд,35-39,1956,56705
Бүгд,35-39,1963,57338
Бүгд,35-39,1969,64200
Бүгд,35-39,1979,76594
Бүгд,35-39,1989,92615
Бүгд,35-39,1990,96370
Бүгд,35-39,1991,107005
Бүгд,35-39,1992,111105
Бүгд,35-39,1993,120960
Бүгд,35-39,1994,130501
Бүгд,35-39,1995,144597
Бүгд,35-39,1996,150237
Бүгд,35-39,1997,161213
Бүгд,35-39,1998,168875
Бүгд,35-39,1999,172606
Бүгд,35-39,2000,172291
Бүгд,35-39,2001,176967
Бүгд,35-39,2002,178905
Бүгд,35-39,2003,181042
Бүгд,35-39,2004,182973
Бүгд,35-39,2005,185103
Бүгд,35-39,2006,190864
Бүгд,35-39,2007,193898
Бүгд,35-39,2008,197863
Бүгд,35-39,2009,206788
Бүгд,35-39,2010,212991
Бүгд,35-39,2011,225425
Бүгд,35-39,2012,228657
Бүгд,35-39,2013,233392
Бүгд,35-39,2014,233392
Бүгд,35-39,2015,232634
Бүгд,35-39,2016,236622
Бүгд,35-39,2017,241307
Бүгд,35-39,2018,244225
Бүгд,35-39,2019,251684
Бүгд,35-39,2020,260722
Бүгд,35-39,2021,271147
Бүгд,35-39,2022,280373
Бүгд,35-39,2023,291823
Бүгд,35-39,2024,301596
Бүгд,35-39,2025,305975
Бүгд,40-44,1956,47421
Бүгд,40-44,1963,47642
Бүгд,40-44,1969,50297
Бүгд,40-44,1979,64798
Бүгд,40-44,1989,70390
Бүгд,40-44,1990,73621
Бүгд,40-44,1991,73655
Бүгд,40-44,1992,76653
Бүгд,40-44,1993,79472
Бүгд,40-44,1994,86318
Бүгд,40-44,1995,88980
Бүгд,40-44,1996,100184
Бүгд,40-44,1997,107081
Бүгд,40-44,1998,117620
Бүгд,40-44,1999,127220
Бүгд,40-44,2000,139129
Бүгд,40-44,2001,145158
Бүгд,40-44,2002,146413
Бүгд,40-44,2003,148161
Бүгд,40-44,2004,149743
Бүгд,40-44,2005,151485
Бүгд,40-44,2006,175113
Бүгд,40-44,2007,175188
Бүгд,40-44,2008,178823
Бүгд,40-44,2009,181803
Бүгд,40-44,2010,188396
Бүгд,40-44,2011,192568
Бүгд,40-44,2012,197184
Бүгд,40-44,2013,201152
Бүгд,40-44,2014,208711
Бүгд,40-44,2015,208439
Бүгд,40-44,2016,214112
Бүгд,40-44,2017,217532
Бүгд,40-44,2018,221914
Бүгд,40-44,2019,224191
Бүгд,40-44,2020,228693
Бүгд,40-44,2021,232520
Бүгд,40-44,2022,237096
Бүгд,40-44,2023,239962
Бүгд,40-44,2024,247505
Бүгд,40-44,2025,255159
Бүгд,45-49,1956,51591
Бүгд,45-49,1963,51947
Бүгд,45-49,1969,50791
Бүгд,45-49,1979,58652
Бүгд,45-49,1989,68296
Бүгд,45-49,1990,64904
Бүгд,45-49,1991,64063
Бүгд,45-49,1992,60247
Бүгд,45-49,1993,62011
Бүгд,45-49,1994,61558
Бүгд,45-49,1995,67051
Бүгд,45-49,1996,67791
Бүгд,45-49,1997,72605
Бүгд,45-49,1998,75880
Бүгд,45-49,1999,82888
Бүгд,45-49,2000,90069
Бүгд,45-49,2001,99163
Бүгд,45-49,2002,100330
Бүгд,45-49,2003,101524
Бүгд,45-49,2004,102612
Бүгд,45-49,2005,103804
Бүгд,45-49,2006,147546
Бүгд,45-49,2007,151765
Бүгд,45-49,2008,155847
Бүгд,45-49,2009,161242
Бүгд,45-49,2010,164611
Бүгд,45-49,2011,168908
Бүгд,45-49,2012,171718
Бүгд,45-49,2013,176018
Бүгд,45-49,2014,178475
Бүгд,45-49,2015,178411
Бүгд,45-49,2016,181405
Бүгд,45-49,2017,186765
Бүгд,45-49,2018,191780
Бүгд,45-49,2019,198122
Бүгд,45-49,2020,203055
Бүгд,45-49,2021,208592
Бүгд,45-49,2022,211851
Бүгд,45-49,2023,215964
Бүгд,45-49,2024,218409
Бүгд,45-49,2025,221648
Бүгд,50-54,1956,41768
Бүгд,50-54,1963,43623
Бүгд,50-54,1969,43264
Бүгд,50-54,1979,45547
Бүгд,50-54,1989,55430
Бүгд,50-54,1990,59474
Бүгд,50-54,1991,59787
Бүгд,50-54,1992,61490
Бүгд,50-54,1993,60652
Бүгд,50-54,1994,62068
Бүгд,50-54,1995,57870
Бүгд,50-54,1996,57766
Бүгд,50-54,1997,55813
Бүгд,50-54,1998,57961
Бүгд,50-54,1999,57835
Бүгд,50-54,2000,66853
Бүгд,50-54,2001,68214
Бүгд,50-54,2002,68424
Бүгд,50-54,2003,69239
Бүгд,50-54,2004,69978
Бүгд,50-54,2005,70793
Бүгд,50-54,2006,102683
Бүгд,50-54,2007,103642
Бүгд,50-54,2008,111691
Бүгд,50-54,2009,116687
Бүгд,50-54,2010,126740
Бүгд,50-54,2011,128834
Бүгд,50-54,2012,137432
Бүгд,50-54,2013,144970
Бүгд,50-54,2014,154443
Бүгд,50-54,2015,152601
Бүгд,50-54,2016,159075
Бүгд,50-54,2017,161016
Бүгд,50-54,2018,164214
Бүгд,50-54,2019,165647
Бүгд,50-54,2020,171749
Бүгд,50-54,2021,174460
Бүгд,50-54,2022,179520
Бүгд,50-54,2023,184561
Бүгд,50-54,2024,190844
Бүгд,50-54,2025,194644
Бүгд,55-59,1956,38813
Бүгд,55-59,1963,42050
Бүгд,55-59,1969,43259
Бүгд,55-59,1979,43264
Бүгд,55-59,1989,50220
Бүгд,55-59,1990,51477
Бүгд,55-59,1991,51210
Бүгд,55-59,1992,48033
Бүгд,55-59,1993,47830
Бүгд,55-59,1994,46823
Бүгд,55-59,1995,51746
Бүгд,55-59,1996,52562
Бүгд,55-59,1997,55633
Бүгд,55-59,1998,55307
Бүгд,55-59,1999,55895
Бүгд,55-59,2000,57098
Бүгд,55-59,2001,57272
Бүгд,55-59,2002,57338
Бүгд,55-59,2003,58022
Бүгд,55-59,2004,58643
Бүгд,55-59,2005,59323
Бүгд,55-59,2006,68566
Бүгд,55-59,2007,69163
Бүгд,55-59,2008,72471
Бүгд,55-59,2009,76029
Бүгд,55-59,2010,77400
Бүгд,55-59,2011,82449
Бүгд,55-59,2012,89643
Бүгд,55-59,2013,96870
Бүгд,55-59,2014,108144
Бүгд,55-59,2015,115125
Бүгд,55-59,2016,119888
Бүгд,55-59,2017,128739
Бүгд,55-59,2018,135542
Бүгд,55-59,2019,142399
Бүгд,55-59,2020,144333
Бүгд,55-59,2021,150371
Бүгд,55-59,2022,152389
Бүгд,55-59,2023,155550
Бүгд,55-59,2024,157159
Бүгд,55-59,2025,162041
Бүгд,60-64,1956,32419
Бүгд,60-64,1963,35810
Бүгд,60-64,1969,37310
Бүгд,60-64,1979,36659
Бүгд,60-64,1989,36235
Бүгд,60-64,1990,39094
Бүгд,60-64,1991,39331
Бүгд,60-64,1992,41589
Бүгд,60-64,1993,43134
Бүгд,60-64,1994,44889
Бүгд,60-64,1995,42953
Бүгд,60-64,1996,43194
Бүгд,60-64,1997,41455
Бүгд,60-64,1998,41732
Бүгд,60-64,1999,42292
Бүгд,60-64,2000,46152
Бүгд,60-64,2001,47348
Бүгд,60-64,2002,48744
Бүгд,60-64,2003,49324
Бүгд,60-64,2004,49851
Бүгд,60-64,2005,50433
Бүгд,60-64,2006,52542
Бүгд,60-64,2007,50679
Бүгд,60-64,2008,51559
Бүгд,60-64,2009,50658
Бүгд,60-64,2010,52405
Бүгд,60-64,2011,52399
Бүгд,60-64,2012,55896
Бүгд,60-64,2013,58876
Бүгд,60-64,2014,66563
Бүгд,60-64,2015,65496
Бүгд,60-64,2016,73940
Бүгд,60-64,2017,79856
Бүгд,60-64,2018,87790
Бүгд,60-64,2019,96433
Бүгд,60-64,2020,106247
Бүгд,60-64,2021,110687
Бүгд,60-64,2022,118999
Бүгд,60-64,2023,125666
Бүгд,60-64,2024,132155
Бүгд,60-64,2025,133336
Бүгд,65-69,1956,22815
Бүгд,65-69,1963,27448
Бүгд,65-69,1969,32442
Бүгд,65-69,1979,32793
Бүгд,65-69,1989,31488
Бүгд,65-69,1990,32296
Бүгд,65-69,1991,31048
Бүгд,65-69,1992,29378
Бүгд,65-69,1993,28849
Бүгд,65-69,1994,27932
Бүгд,65-69,1995,30412
Бүгд,65-69,1996,30826
Бүгд,65-69,1997,33938
Бүгд,65-69,1998,35484
Бүгд,65-69,1999,35415
Бүгд,65-69,2000,35110
Бүгд,65-69,2001,35428
Бүгд,65-69,2002,36047
Бүгд,65-69,2003,36476
Бүгд,65-69,2004,36867
Бүгд,65-69,2005,37295
Бүгд,65-69,2006,43330
Бүгд,65-69,2007,43739
Бүгд,65-69,2008,44263
Бүгд,65-69,2009,44186
Бүгд,65-69,2010,41151
Бүгд,65-69,2011,39965
Бүгд,65-69,2012,39354
Бүгд,65-69,2013,40373
Бүгд,65-69,2014,42307
Бүгд,65-69,2015,43089
Бүгд,65-69,2016,43711
Бүгд,65-69,2017,47326
Бүгд,65-69,2018,50307
Бүгд,65-69,2019,55279
Бүгд,65-69,2020,58415
Бүгд,65-69,2021,65848
Бүгд,65-69,2022,71377
Бүгд,65-69,2023,78602
Бүгд,65-69,2024,86186
Бүгд,65-69,2025,95211
Бүгд,70+,1956,29928
Бүгд,70+,1963,36540
Бүгд,70+,1969,39500
Бүгд,70+,1979,46289
Бүгд,70+,1989,51140
Бүгд,70+,1990,56236
Бүгд,70+,1991,57297
Бүгд,70+,1992,56271
Бүгд,70+,1993,56272
Бүгд,70+,1994,53116
Бүгд,70+,1995,54575
Бүгд,70+,1996,54974
Бүгд,70+,1997,55010
Бүгд,70+,1998,55560
Бүгд,70+,1999,46588
Бүгд,70+,2000,49577
Бүгд,70+,2001,50601
Бүгд,70+,2002,50615
Бүгд,70+,2003,51218
Бүгд,70+,2004,51766
Бүгд,70+,2005,52368
Бүгд,70+,2006,64286
Бүгд,70+,2007,64266
Бүгд,70+,2008,65719
Бүгд,70+,2009,66055
Бүгд,70+,2010,67742
Бүгд,70+,2011,67673
Бүгд,70+,2012,70963
Бүгд,70+,2013,71128
Бүгд,70+,2014,76281
Бүгд,70+,2015,71976
Бүгд,70+,2016,73583
Бүгд,70+,2017,75391
Бүгд,70+,2018,77634
Бүгд,70+,2019,80317
Бүгд,70+,2020,85366
Бүгд,70+,2021,86091
Бүгд,70+,2022,90950
Бүгд,70+,2023,96033
Бүгд,70+,2024,101886
Бүгд,70+,2025,109579
Эрэгтэй,Бүгд,1956,420291
Эрэгтэй,Бүгд,1963,508029
Эрэгтэй,Бүгд,1969,597359
Эрэгтэй,Бүгд,1979,798868
Эрэгтэй,Бүгд,1989,1020669
Эрэгтэй,Бүгд,1990,1073647
Эрэгтэй,Бүгд,1991,1085404
Эрэгтэй,Бүгд,1992,1075995
Эрэгтэй,Бүгд,1993,1082495
Эрэгтэй,Бүгд,1994,1096797
Эрэгтэй,Бүгд,1995,1114370
Эрэгтэй,Бүгд,1996,1129848
Эрэгтэй,Бүгд,1997,1145568
Эрэгтэй,Бүгд,1998,1161666
Эрэгтэй,Бүгд,1999,1177981
Эрэгтэй,Бүгд,2000,1190244
Эрэгтэй,Бүгд,2001,1204702
Эрэгтэй,Бүгд,2002,1223235
Эрэгтэй,Бүгд,2003,1237838
Эрэгтэй,Бүгд,2004,1251052
Эрэгтэй,Бүгд,2005,1265614
Эрэгтэй,Бүгд,2006,1259653
Эрэгтэй,Бүгд,2007,1277249
Эрэгтэй,Бүгд,2008,1301305
Эрэгтэй,Бүгд,2009,1328140
Эрэгтэй,Бүгд,2010,1342081
Эрэгтэй,Бүгд,2011,1364723
Эрэгтэй,Бүгд,2012,1393453
Эрэгтэй,Бүгд,2013,1425843
Эрэгтэй,Бүгд,2014,1466455
Эрэгтэй,Бүгд,2015,1503612
Эрэгтэй,Бүгд,2016,1533983
Эрэгтэй,Бүгд,2017,1562370
Эрэгтэй,Бүгд,2018,1591848
Эрэгтэй,Бүгд,2019,1619573
Эрэгтэй,Бүгд,2020,1654293
Эрэгтэй,Бүгд,2021,1679372
Эрэгтэй,Бүгд,2022,1701462
Эрэгтэй,Бүгд,2023,1723589
Эрэгтэй,Бүгд,2024,1741674
Эрэгтэй,Бүгд,2025,1758462
Эрэгтэй,0-4,1956,53175
Эрэгтэй,0-4,1963,85563
Эрэгтэй,0-4,1969,99441
Эрэгтэй,0-4,1979,133259
Эрэгтэй,0-4,1989,164010
Эрэгтэй,0-4,1990,172036
Эрэгтэй,0-4,1991,169421
Эрэгтэй,0-4,1992,161321
Эрэгтэй,0-4,1993,148716
Эрэгтэй,0-4,1994,139422
Эрэгтэй,0-4,1995,131656
Эрэгтэй,0-4,1996,123825
Эрэгтэй,0-4,1997,118442
Эрэгтэй,0-4,1998,119826
Эрэгтэй,0-4,1999,124482
Эрэгтэй,0-4,2000,116370
Эрэгтэй,0-4,2001,115498
Эрэгтэй,0-4,2002,113584
Эрэгтэй,0-4,2003,114939
Эрэгтэй,0-4,2004,116168
Эрэгтэй,0-4,2005,117519
Эрэгтэй,0-4,2006,109435
Эрэгтэй,0-4,2007,117838
Эрэгтэй,0-4,2008,125642
Эрэгтэй,0-4,2009,133924
Эрэгтэй,0-4,2010,140006
Эрэгтэй,0-4,2011,146292
Эрэгтэй,0-4,2012,154772
Эрэгтэй,0-4,2013,162383
Эрэгтэй,0-4,2014,176583
Эрэгтэй,0-4,2015,198115
Эрэгтэй,0-4,2016,201936
Эрэгтэй,0-4,2017,202282
Эрэгтэй,0-4,2018,200715
Эрэгтэй,0-4,2019,198005
Эрэгтэй,0-4,2020,197011
Эрэгтэй,0-4,2021,193572
Эрэгтэй,0-4,2022,188248
Эрэгтэй,0-4,2023,181491
Эрэгтэй,0-4,2024,174398
Эрэгтэй,0-4,2025,164322
Эрэгтэй,5-9,1956,44253
Эрэгтэй,5-9,1963,70179
Эрэгтэй,5-9,1969,97766
Эрэгтэй,5-9,1979,119153
Эрэгтэй,5-9,1989,139287
Эрэгтэй,5-9,1990,147084
Эрэгтэй,5-9,1991,150691
Эрэгтэй,5-9,1992,150976
Эрэгтэй,5-9,1993,155734
Эрэгтэй,5-9,1994,156910
Эрэгтэй,5-9,1995,159311
Эрэгтэй,5-9,1996,159256
Эрэгтэй,5-9,1997,156130
Эрэгтэй,5-9,1998,146284
Эрэгтэй,5-9,1999,144315
Эрэгтэй,5-9,2000,135082
Эрэгтэй,5-9,2001,129340
Эрэгтэй,5-9,2002,131608
Эрэгтэй,5-9,2003,133178
Эрэгтэй,5-9,2004,134600
Эрэгтэй,5-9,2005,136168
Эрэгтэй,5-9,2006,122971
Эрэгтэй,5-9,2007,124720
Эрэгтэй,5-9,2008,121329
Эрэгтэй,5-9,2009,118564
Эрэгтэй,5-9,2010,115518
Эрэгтэй,5-9,2011,112623
Эрэгтэй,5-9,2012,117201
Эрэгтэй,5-9,2013,125866
Эрэгтэй,5-9,2014,137336
Эрэгтэй,5-9,2015,152485
Эрэгтэй,5-9,2016,164768
Эрэгтэй,5-9,2017,174304
Эрэгтэй,5-9,2018,183100
Эрэгтэй,5-9,2019,190812
Эрэгтэй,5-9,2020,199664
Эрэгтэй,5-9,2021,203415
Эрэгтэй,5-9,2022,204132
Эрэгтэй,5-9,2023,203100
Эрэгтэй,5-9,2024,198227
Эрэгтэй,5-9,2025,200026
Эрэгтэй,10-14,1956,31899
Эрэгтэй,10-14,1963,44042
Эрэгтэй,10-14,1969,70138
Эрэгтэй,10-14,1979,104714
Эрэгтэй,10-14,1989,128824
Эрэгтэй,10-14,1990,131909
Эрэгтэй,10-14,1991,132021
Эрэгтэй,10-14,1992,130799
Эрэгтэй,10-14,1993,131092
Эрэгтэй,10-14,1994,134694
Эрэгтэй,10-14,1995,138371
Эрэгтэй,10-14,1996,143662
Эрэгтэй,10-14,1997,148239
Эрэгтэй,10-14,1998,153162
Эрэгтэй,10-14,1999,159294
Эрэгтэй,10-14,2000,157638
Эрэгтэй,10-14,2001,156627
Эрэгтэй,10-14,2002,156449
Эрэгтэй,10-14,2003,158320
Эрэгтэй,10-14,2004,160007
Эрэгтэй,10-14,2005,161872
Эрэгтэй,10-14,2006,138632
Эрэгтэй,10-14,2007,135581
Эрэгтэй,10-14,2008,132336
Эрэгтэй,10-14,2009,129289
Эрэгтэй,10-14,2010,125645
Эрэгтэй,10-14,2011,120084
Эрэгтэй,10-14,2012,119963
Эрэгтэй,10-14,2013,118223
Эрэгтэй,10-14,2014,113306
Эрэгтэй,10-14,2015,111675
Эрэгтэй,10-14,2016,112576
Эрэгтэй,10-14,2017,118653
Эрэгтэй,10-14,2018,128855
Эрэгтэй,10-14,2019,142513
Эрэгтэй,10-14,2020,153632
Эрэгтэй,10-14,2021,165973
Эрэгтэй,10-14,2022,175437
Эрэгтэй,10-14,2023,184054
Эрэгтэй,10-14,2024,191038
Эрэгтэй,10-14,2025,198824
Эрэгтэй,15-19,1956,37949
Эрэгтэй,15-19,1963,36607
Эрэгтэй,15-19,1969,46686
Эрэгтэй,15-19,1979,93889
Эрэгтэй,15-19,1989,112509
Эрэгтэй,15-19,1990,119445
Эрэгтэй,15-19,1991,121901
Эрэгтэй,15-19,1992,120157
Эрэгтэй,15-19,1993,121404
Эрэгтэй,15-19,1994,121521
Эрэгтэй,15-19,1995,124158
Эрэгтэй,15-19,1996,125896
Эрэгтэй,15-19,1997,128515
Эрэгтэй,15-19,1998,129481
Эрэгтэй,15-19,1999,133327
Эрэгтэй,15-19,2000,138299
Эрэгтэй,15-19,2001,141549
Эрэгтэй,15-19,2002,146876
Эрэгтэй,15-19,2003,148631
Эрэгтэй,15-19,2004,150215
Эрэгтэй,15-19,2005,151965
Эрэгтэй,15-19,2006,152143
Эрэгтэй,15-19,2007,151895
Эрэгтэй,15-19,2008,149006
Эрэгтэй,15-19,2009,143854
Эрэгтэй,15-19,2010,137353
Эрэгтэй,15-19,2011,129957
Эрэгтэй,15-19,2012,125525
Эрэгтэй,15-19,2013,125977
Эрэгтэй,15-19,2014,122289
Эрэгтэй,15-19,2015,121780
Эрэгтэй,15-19,2016,119966
Эрэгтэй,15-19,2017,118408
Эрэгтэй,15-19,2018,116247
Эрэгтэй,15-19,2019,113464
Эрэгтэй,15-19,2020,112629
Эрэгтэй,15-19,2021,113639
Эрэгтэй,15-19,2022,119976
Эрэгтэй,15-19,2023,130217
Эрэгтэй,15-19,2024,142987
Эрэгтэй,15-19,2025,152477
Эрэгтэй,20-24,1956,35171
Эрэгтэй,20-24,1963,35794
Эрэгтэй,20-24,1969,34401
Эрэгтэй,20-24,1979,64318
Эрэгтэй,20-24,1989,97505
Эрэгтэй,20-24,1990,105737
Эрэгтэй,20-24,1991,105657
Эрэгтэй,20-24,1992,105549
Эрэгтэй,20-24,1993,107755
Эрэгтэй,20-24,1994,111336
Эрэгтэй,20-24,1995,112516
Эрэгтэй,20-24,1996,116128
Эрэгтэй,20-24,1997,117737
Эрэгтэй,20-24,1998,119721
Эрэгтэй,20-24,1999,118023
Эрэгтэй,20-24,2000,122458
Эрэгтэй,20-24,2001,126174
Эрэгтэй,20-24,2002,131979
Эрэгтэй,20-24,2003,133554
Эрэгтэй,20-24,2004,134981
Эрэгтэй,20-24,2005,136551
Эрэгтэй,20-24,2006,125025
Эрэгтэй,20-24,2007,128555
Эрэгтэй,20-24,2008,136897
Эрэгтэй,20-24,2009,144577
Эрэгтэй,20-24,2010,149261
Эрэгтэй,20-24,2011,154492
Эрэгтэй,20-24,2012,151936
Эрэгтэй,20-24,2013,147194
Эрэгтэй,20-24,2014,138277
Эрэгтэй,20-24,2015,135073
Эрэгтэй,20-24,2016,128877
Эрэгтэй,20-24,2017,123701
Эрэгтэй,20-24,2018,123951
Эрэгтэй,20-24,2019,120958
Эрэгтэй,20-24,2020,120085
Эрэгтэй,20-24,2021,118688
Эрэгтэй,20-24,2022,117653
Эрэгтэй,20-24,2023,116023
Эрэгтэй,20-24,2024,113644
Эрэгтэй,20-24,2025,111142
Эрэгтэй,25-29,1956,32132
Эрэгтэй,25-29,1963,35413
Эрэгтэй,25-29,1969,39369
Эрэгтэй,25-29,1979,45546
Эрэгтэй,25-29,1989,88747
Эрэгтэй,25-29,1990,93054
Эрэгтэй,25-29,1991,94985
Эрэгтэй,25-29,1992,92778
Эрэгтэй,25-29,1993,93809
Эрэгтэй,25-29,1994,96244
Эрэгтэй,25-29,1995,100251
Эрэгтэй,25-29,1996,101161
Эрэгтэй,25-29,1997,103746
Эрэгтэй,25-29,1998,106518
Эрэгтэй,25-29,1999,107962
Эрэгтэй,25-29,2000,108765
Эрэгтэй,25-29,2001,111039
Эрэгтэй,25-29,2002,113080
Эрэгтэй,25-29,2003,114430
Эрэгтэй,25-29,2004,115652
Эрэгтэй,25-29,2005,116998
Эрэгтэй,25-29,2006,108903
Эрэгтэй,25-29,2007,112110
Эрэгтэй,25-29,2008,115381
Эрэгтэй,25-29,2009,121034
Эрэгтэй,25-29,2010,125481
Эрэгтэй,25-29,2011,135782
Эрэгтэй,25-29,2012,140633
Эрэгтэй,25-29,2013,145593
Эрэгтэй,25-29,2014,150842
Эрэгтэй,25-29,2015,157118
Эрэгтэй,25-29,2016,157575
Эрэгтэй,25-29,2017,155846
Эрэгтэй,25-29,2018,147740
Эрэгтэй,25-29,2019,139284
Эрэгтэй,25-29,2020,132991
Эрэгтэй,25-29,2021,126835
Эрэгтэй,25-29,2022,121686
Эрэгтэй,25-29,2023,121767
Эрэгтэй,25-29,2024,120230
Эрэгтэй,25-29,2025,118534
Эрэгтэй,30-34,1956,29501
Эрэгтэй,30-34,1963,33413
Эрэгтэй,30-34,1969,33178
Эрэгтэй,30-34,1979,39104
Эрэгтэй,30-34,1989,67249
Эрэгтэй,30-34,1990,75922
Эрэгтэй,30-34,1991,77382
Эрэгтэй,30-34,1992,80584
Эрэгтэй,30-34,1993,83398
Эрэгтэй,30-34,1994,88657
Эрэгтэй,30-34,1995,88602
Эрэгтэй,30-34,1996,91471
Эрэгтэй,30-34,1997,91886
Эрэгтэй,30-34,1998,93535
Эрэгтэй,30-34,1999,92473
Эрэгтэй,30-34,2000,93564
Эрэгтэй,30-34,2001,95456
Эрэгтэй,30-34,2002,97441
Эрэгтэй,30-34,2003,98604
Эрэгтэй,30-34,2004,99657
Эрэгтэй,30-34,2005,100817
Эрэгтэй,30-34,2006,102855
Эрэгтэй,30-34,2007,104712
Эрэгтэй,30-34,2008,107024
Эрэгтэй,30-34,2009,111169
Эрэгтэй,30-34,2010,113540
Эрэгтэй,30-34,2011,119618
Эрэгтэй,30-34,2012,121895
Эрэгтэй,30-34,2013,123525
Эрэгтэй,30-34,2014,126832
Эрэгтэй,30-34,2015,130591
Эрэгтэй,30-34,2016,136030
Эрэгтэй,30-34,2017,140867
Эрэгтэй,30-34,2018,146913
Эрэгтэй,30-34,2019,151725
Эрэгтэй,30-34,2020,154959
Эрэгтэй,30-34,2021,155341
Эрэгтэй,30-34,2022,153122
Эрэгтэй,30-34,2023,145051
Эрэгтэй,30-34,2024,137956
Эрэгтэй,30-34,2025,131123
Эрэгтэй,35-39,1956,28687
Эрэгтэй,35-39,1963,29256
Эрэгтэй,35-39,1969,32771
Эрэгтэй,35-39,1979,39784
Эрэгтэй,35-39,1989,46614
Эрэгтэй,35-39,1990,47943
Эрэгтэй,35-39,1991,53469
Эрэгтэй,35-39,1992,55039
Эрэгтэй,35-39,1993,59872
Эрэгтэй,35-39,1994,64284
Эрэгтэй,35-39,1995,70834
Эрэгтэй,35-39,1996,73450
Эрэгтэй,35-39,1997,79049
Эрэгтэй,35-39,1998,83200
Эрэгтэй,35-39,1999,84846
Эрэгтэй,35-39,2000,85110
Эрэгтэй,35-39,2001,87162
Эрэгтэй,35-39,2002,88529
Эрэгтэй,35-39,2003,89587
Эрэгтэй,35-39,2004,90543
Эрэгтэй,35-39,2005,91596
Эрэгтэй,35-39,2006,91998
Эрэгтэй,35-39,2007,93180
Эрэгтэй,35-39,2008,95406
Эрэгтэй,35-39,2009,99773
Эрэгтэй,35-39,2010,102520
Эрэгтэй,35-39,2011,107727
Эрэгтэй,35-39,2012,109981
Эрэгтэй,35-39,2013,112810
Эрэгтэй,35-39,2014,114170
Эрэгтэй,35-39,2015,114492
Эрэгтэй,35-39,2016,116417
Эрэгтэй,35-39,2017,118861
Эрэгтэй,35-39,2018,120394
Эрэгтэй,35-39,2019,124138
Эрэгтэй,35-39,2020,128463
Эрэгтэй,35-39,2021,133812
Эрэгтэй,35-39,2022,138635
Эрэгтэй,35-39,2023,144505
Эрэгтэй,35-39,2024,149342
Эрэгтэй,35-39,2025,151809
Эрэгтэй,40-44,1956,25166
Эрэгтэй,40-44,1963,25574
Эрэгтэй,40-44,1969,26025
Эрэгтэй,40-44,1979,33537
Эрэгтэй,40-44,1989,35764
Эрэгтэй,40-44,1990,36650
Эрэгтэй,40-44,1991,36583
Эрэгтэй,40-44,1992,38177
Эрэгтэй,40-44,1993,39455
Эрэгтэй,40-44,1994,42718
Эрэгтэй,40-44,1995,44009
Эрэгтэй,40-44,1996,49709
Эрэгтэй,40-44,1997,52664
Эрэгтэй,40-44,1998,57422
Эрэгтэй,40-44,1999,62619
Эрэгтэй,40-44,2000,68428
Эрэгтэй,40-44,2001,71301
Эрэгтэй,40-44,2002,72210
Эрэгтэй,40-44,2003,73074
Эрэгтэй,40-44,2004,73853
Эрэгтэй,40-44,2005,74712
Эрэгтэй,40-44,2006,83822
Эрэгтэй,40-44,2007,83740
Эрэгтэй,40-44,2008,85762
Эрэгтэй,40-44,2009,86705
Эрэгтэй,40-44,2010,89458
Эрэгтэй,40-44,2011,91426
Эрэгтэй,40-44,2012,94001
Эрэгтэй,40-44,2013,96267
Эрэгтэй,40-44,2014,101320
Эрэгтэй,40-44,2015,100801
Эрэгтэй,40-44,2016,103502
Эрэгтэй,40-44,2017,105370
Эрэгтэй,40-44,2018,107578
Эрэгтэй,40-44,2019,108904
Эрэгтэй,40-44,2020,111529
Эрэгтэй,40-44,2021,113392
Эрэгтэй,40-44,2022,115737
Эрэгтэй,40-44,2023,117205
Эрэгтэй,40-44,2024,120980
Эрэгтэй,40-44,2025,124484
Эрэгтэй,45-49,1956,24853
Эрэгтэй,45-49,1963,24670
Эрэгтэй,45-49,1969,25800
Эрэгтэй,45-49,1979,30121
Эрэгтэй,45-49,1989,35413
Эрэгтэй,45-49,1990,33237
Эрэгтэй,45-49,1991,32512
Эрэгтэй,45-49,1992,30433
Эрэгтэй,45-49,1993,30983
Эрэгтэй,45-49,1994,30420
Эрэгтэй,45-49,1995,32983
Эрэгтэй,45-49,1996,33238
Эрэгтэй,45-49,1997,35711
Эрэгтэй,45-49,1998,37288
Эрэгтэй,45-49,1999,40562
Эрэгтэй,45-49,2000,44566
Эрэгтэй,45-49,2001,49018
Эрэгтэй,45-49,2002,49974
Эрэгтэй,45-49,2003,50570
Эрэгтэй,45-49,2004,51111
Эрэгтэй,45-49,2005,51704
Эрэгтэй,45-49,2006,70842
Эрэгтэй,45-49,2007,72580
Эрэгтэй,45-49,2008,74259
Эрэгтэй,45-49,2009,76710
Эрэгтэй,45-49,2010,78030
Эрэгтэй,45-49,2011,79741
Эрэгтэй,45-49,2012,81051
Эрэгтэй,45-49,2013,82948
Эрэгтэй,45-49,2014,84934
Эрэгтэй,45-49,2015,84610
Эрэгтэй,45-49,2016,86238
Эрэгтэй,45-49,2017,88673
Эрэгтэй,45-49,2018,91409
Эрэгтэй,45-49,2019,94545
Эрэгтэй,45-49,2020,96826
Эрэгтэй,45-49,2021,99322
Эрэгтэй,45-49,2022,101091
Эрэгтэй,45-49,2023,103075
Эрэгтэй,45-49,2024,104541
Эрэгтэй,45-49,2025,106422
Эрэгтэй,50-54,1956,20825
Эрэгтэй,50-54,1963,21824
Эрэгтэй,50-54,1969,21667
Эрэгтэй,50-54,1979,23459
Эрэгтэй,50-54,1989,28157
Эрэгтэй,50-54,1990,30091
Эрэгтэй,50-54,1991,30365
Эрэгтэй,50-54,1992,31320
Эрэгтэй,50-54,1993,30927
Эрэгтэй,50-54,1994,31322
Эрэгтэй,50-54,1995,29152
Эрэгтэй,50-54,1996,28788
Эрэгтэй,50-54,1997,27658
Эрэгтэй,50-54,1998,28560
Эрэгтэй,50-54,1999,27707
Эрэгтэй,50-54,2000,32615
Эрэгтэй,50-54,2001,33235
Эрэгтэй,50-54,2002,33393
Эрэгтэй,50-54,2003,33790
Эрэгтэй,50-54,2004,34151
Эрэгтэй,50-54,2005,34549
Эрэгтэй,50-54,2006,49675
Эрэгтэй,50-54,2007,49558
Эрэгтэй,50-54,2008,53022
Эрэгтэй,50-54,2009,55668
Эрэгтэй,50-54,2010,59482
Эрэгтэй,50-54,2011,60367
Эрэгтэй,50-54,2012,64039
Эрэгтэй,50-54,2013,67890
Эрэгтэй,50-54,2014,72471
Эрэгтэй,50-54,2015,71155
Эрэгтэй,50-54,2016,74040
Эрэгтэй,50-54,2017,74828
Эрэгтэй,50-54,2018,76170
Эрэгтэй,50-54,2019,76596
Эрэгтэй,50-54,2020,79716
Эрэгтэй,50-54,2021,81200
Эрэгтэй,50-54,2022,83307
Эрэгтэй,50-54,2023,86004
Эрэгтэй,50-54,2024,89024
Эрэгтэй,50-54,2025,90593
Эрэгтэй,55-59,1956,18228
Эрэгтэй,55-59,1963,19420
Эрэгтэй,55-59,1969,19857
Эрэгтэй,55-59,1979,21216
Эрэгтэй,55-59,1989,24569
Эрэгтэй,55-59,1990,25138
Эрэгтэй,55-59,1991,25127
Эрэгтэй,55-59,1992,23737
Эрэгтэй,55-59,1993,23763
Эрэгтэй,55-59,1994,23121
Эрэгтэй,55-59,1995,25559
Эрэгтэй,55-59,1996,25995
Эрэгтэй,55-59,1997,27693
Эрэгтэй,55-59,1998,27635
Эрэгтэй,55-59,1999,27379
Эрэгтэй,55-59,2000,28047
Эрэгтэй,55-59,2001,27928
Эрэгтэй,55-59,2002,27980
Эрэгтэй,55-59,2003,28315
Эрэгтэй,55-59,2004,28617
Эрэгтэй,55-59,2005,28949
Эрэгтэй,55-59,2006,32596
Эрэгтэй,55-59,2007,32632
Эрэгтэй,55-59,2008,34175
Эрэгтэй,55-59,2009,35777
Эрэгтэй,55-59,2010,35968
Эрэгтэй,55-59,2011,37969
Эрэгтэй,55-59,2012,41126
Эрэгтэй,55-59,2013,44371
Эрэгтэй,55-59,2014,49511
Эрэгтэй,55-59,2015,51524
Эрэгтэй,55-59,2016,53671
Эрэгтэй,55-59,2017,57844
Эрэгтэй,55-59,2018,61015
Эрэгтэй,55-59,2019,64109
Эрэгтэй,55-59,2020,65236
Эрэгтэй,55-59,2021,67905
Эрэгтэй,55-59,2022,68706
Эрэгтэй,55-59,2023,70050
Эрэгтэй,55-59,2024,70521
Эрэгтэй,55-59,2025,72872
Эрэгтэй,60-64,1956,15655
Эрэгтэй,60-64,1963,17467
Эрэгтэй,60-64,1969,17322
Эрэгтэй,60-64,1979,16779
Эрэгтэй,60-64,1989,17598
Эрэгтэй,60-64,1990,18844
Эрэгтэй,60-64,1991,18847
Эрэгтэй,60-64,1992,19739
Эрэгтэй,60-64,1993,20502
Эрэгтэй,60-64,1994,21182
Эрэгтэй,60-64,1995,20423
Эрэгтэй,60-64,1996,20621
Эрэгтэй,60-64,1997,19949
Эрэгтэй,60-64,1998,19988
Эрэгтэй,60-64,1999,20778
Эрэгтэй,60-64,2000,22377
Эрэгтэй,60-64,2001,23026
Эрэгтэй,60-64,2002,22753
Эрэгтэй,60-64,2003,23023
Эрэгтэй,60-64,2004,23271
Эрэгтэй,60-64,2005,23541
Эрэгтэй,60-64,2006,24496
Эрэгтэй,60-64,2007,23479
Эрэгтэй,60-64,2008,23704
Эрэгтэй,60-64,2009,23281
Эрэгтэй,60-64,2010,23473
Эрэгтэй,60-64,2011,23194
Эрэгтэй,60-64,2012,24881
Эрэгтэй,60-64,2013,26168
Эрэгтэй,60-64,2014,29526
Эрэгтэй,60-64,2015,28448
Эрэгтэй,60-64,2016,32125
Эрэгтэй,60-64,2017,34356
Эрэгтэй,60-64,2018,37601
Эрэгтэй,60-64,2019,41536
Эрэгтэй,60-64,2020,45544
Эрэгтэй,60-64,2021,47311
Эрэгтэй,60-64,2022,51036
Эрэгтэй,60-64,2023,53984
Эрэгтэй,60-64,2024,56999
Эрэгтэй,60-64,2025,57571
Эрэгтэй,65-69,1956,10666
Эрэгтэй,65-69,1963,13199
Эрэгтэй,65-69,1969,15781
Эрэгтэй,65-69,1979,14501
Эрэгтэй,65-69,1989,14374
Эрэгтэй,65-69,1990,14929
Эрэгтэй,65-69,1991,14300
Эрэгтэй,65-69,1992,13573
Эрэгтэй,65-69,1993,13358
Эрэгтэй,65-69,1994,12964
Эрэгтэй,65-69,1995,13989
Эрэгтэй,65-69,1996,14110
Эрэгтэй,65-69,1997,15435
Эрэгтэй,65-69,1998,16163
Эрэгтэй,65-69,1999,15982
Эрэгтэй,65-69,2000,16353
Эрэгтэй,65-69,2001,16508
Эрэгтэй,65-69,2002,16531
Эрэгтэй,65-69,2003,16727
Эрэгтэй,65-69,2004,16905
Эрэгтэй,65-69,2005,17103
Эрэгтэй,65-69,2006,20089
Эрэгтэй,65-69,2007,20541
Эрэгтэй,65-69,2008,20622
Эрэгтэй,65-69,2009,20559
Эрэгтэй,65-69,2010,18662
Эрэгтэй,65-69,2011,17906
Эрэгтэй,65-69,2012,17477
Эрэгтэй,65-69,2013,17571
Эрэгтэй,65-69,2014,18066
Эрэгтэй,65-69,2015,17781
Эрэгтэй,65-69,2016,17837
Эрэгтэй,65-69,2017,19410
Эрэгтэй,65-69,2018,20586
Эрэгтэй,65-69,2019,22645
Эрэгтэй,65-69,2020,23987
Эрэгтэй,65-69,2021,27086
Эрэгтэй,65-69,2022,29041
Эрэгтэй,65-69,2023,31794
Эрэгтэй,65-69,2024,34762
Эрэгтэй,65-69,2025,38390
Эрэгтэй,70+,1956,12131
Эрэгтэй,70+,1963,15608
Эрэгтэй,70+,1969,17157
Эрэгтэй,70+,1979,19488
Эрэгтэй,70+,1989,20049
Эрэгтэй,70+,1990,21628
Эрэгтэй,70+,1991,22143
Эрэгтэй,70+,1992,21813
Эрэгтэй,70+,1993,21727
Эрэгтэй,70+,1994,22002
Эрэгтэй,70+,1995,22556
Эрэгтэй,70+,1996,22538
Эрэгтэй,70+,1997,22714
Эрэгтэй,70+,1998,22883
Эрэгтэй,70+,1999,18232
Эрэгтэй,70+,2000,20572
Эрэгтэй,70+,2001,20841
Эрэгтэй,70+,2002,20848
Эрэгтэй,70+,2003,21096
Эрэгтэй,70+,2004,21321
Эрэгтэй,70+,2005,21570
Эрэгтэй,70+,2006,26171
Эрэгтэй,70+,2007,26128
Эрэгтэй,70+,2008,26740
Эрэгтэй,70+,2009,27256
Эрэгтэй,70+,2010,27684
Эрэгтэй,70+,2011,27545
Эрэгтэй,70+,2012,28972
Эрэгтэй,70+,2013,29057
Эрэгтэй,70+,2014,30992
Эрэгтэй,70+,2015,27964
Эрэгтэй,70+,2016,28425
Эрэгтэй,70+,2017,28967
Эрэгтэй,70+,2018,29574
Эрэгтэй,70+,2019,30339
Эрэгтэй,70+,2020,32021
Эрэгтэй,70+,2021,31881
Эрэгтэй,70+,2022,33655
Эрэгтэй,70+,2023,35269
Эрэгтэй,70+,2024,37025
Эрэгтэй,70+,2025,39873
Эмэгтэй,Бүгд,1956,425190
Эмэгтэй,Бүгд,1963,509129
Эмэгтэй,Бүгд,1969,600236
Эмэгтэй,Бүгд,1979,796138
Эмэгтэй,Бүгд,1989,1023285
Эмэгтэй,Бүгд,1990,1079819
Эмэгтэй,Бүгд,1991,1091813
Эмэгтэй,Бүгд,1992,1082367
Эмэгтэй,Бүгд,1993,1089403
Эмэгтэй,Бүгд,1994,1110095
Эмэгтэй,Бүгд,1995,1128628
Эмэгтэй,Бүгд,1996,1146168
Эмэгтэй,Бүгд,1997,1161916
Эмэгтэй,Бүгд,1998,1178468
Эмэгтэй,Бүгд,1999,1195512
Эмэгтэй,Бүгд,2000,1212861
Эмэгтэй,Бүгд,2001,1227695
Эмэгтэй,Бүгд,2002,1242422
Эмэгтэй,Бүгд,2003,1257253
Эмэгтэй,Бүгд,2004,1270681
Эмэгтэй,Бүгд,2005,1285467
Эмэгтэй,Бүгд,2006,1323601
Эмэгтэй,Бүгд,2007,1343197
Эмэгтэй,Бүгд,2008,1364650
Эмэгтэй,Бүгд,2009,1388135
Эмэгтэй,Бүгд,2010,1418887
Эмэгтэй,Бүгд,2011,1446943
Эмэгтэй,Бүгд,2012,1474291
Эмэгтэй,Бүгд,2013,1504434
Эмэгтэй,Бүгд,2014,1529494
Эмэгтэй,Бүгд,2015,1554166
Эмэгтэй,Бүгд,2016,1585952
Эмэгтэй,Бүгд,2017,1615529
Эмэгтэй,Бүгд,2018,1646631
Эмэгтэй,Бүгд,2019,1677293
Эмэгтэй,Бүгд,2020,1712964
Эмэгтэй,Бүгд,2021,1740282
Эмэгтэй,Бүгд,2022,1765801
Эмэгтэй,Бүгд,2023,1790867
Эмэгтэй,Бүгд,2024,1812876
Эмэгтэй,Бүгд,2025,1832658
Эмэгтэй,0-4,1956,53426
Эмэгтэй,0-4,1963,84826
Эмэгтэй,0-4,1969,99571
Эмэгтэй,0-4,1979,130275
Эмэгтэй,0-4,1989,160846
Эмэгтэй,0-4,1990,168597
Эмэгтэй,0-4,1991,165605
Эмэгтэй,0-4,1992,157449
Эмэгтэй,0-4,1993,145076
Эмэгтэй,0-4,1994,136244
Эмэгтэй,0-4,1995,128544
Эмэгтэй,0-4,1996,121323
Эмэгтэй,0-4,1997,115402
Эмэгтэй,0-4,1998,116875
Эмэгтэй,0-4,1999,121541
Эмэгтэй,0-4,2000,113903
Эмэгтэй,0-4,2001,113205
Эмэгтэй,0-4,2002,114410
Эмэгтэй,0-4,2003,115777
Эмэгтэй,0-4,2004,117012
Эмэгтэй,0-4,2005,118374
Эмэгтэй,0-4,2006,107525
Эмэгтэй,0-4,2007,115125
Эмэгтэй,0-4,2008,122056
Эмэгтэй,0-4,2009,129262
Эмэгтэй,0-4,2010,136315
Эмэгтэй,0-4,2011,141837
Эмэгтэй,0-4,2012,150486
Эмэгтэй,0-4,2013,157039
Эмэгтэй,0-4,2014,169385
Эмэгтэй,0-4,2015,188751
Эмэгтэй,0-4,2016,192578
Эмэгтэй,0-4,2017,191702
Эмэгтэй,0-4,2018,190410
Эмэгтэй,0-4,2019,187676
Эмэгтэй,0-4,2020,186708
Эмэгтэй,0-4,2021,183621
Эмэгтэй,0-4,2022,179236
Эмэгтэй,0-4,2023,172822
Эмэгтэй,0-4,2024,165879
Эмэгтэй,0-4,2025,155739
Эмэгтэй,5-9,1956,44666
Эмэгтэй,5-9,1963,68945
Эмэгтэй,5-9,1969,96537
Эмэгтэй,5-9,1979,115833
Эмэгтэй,5-9,1989,135892
Эмэгтэй,5-9,1990,144251
Эмэгтэй,5-9,1991,147936
Эмэгтэй,5-9,1992,148465
Эмэгтэй,5-9,1993,153075
Эмэгтэй,5-9,1994,157174
Эмэгтэй,5-9,1995,158915
Эмэгтэй,5-9,1996,158572
Эмэгтэй,5-9,1997,155790
Эмэгтэй,5-9,1998,143467
Эмэгтэй,5-9,1999,141349
Эмэгтэй,5-9,2000,132422
Эмэгтэй,5-9,2001,126278
Эмэгтэй,5-9,2002,133040
Эмэгтэй,5-9,2003,134629
Эмэгтэй,5-9,2004,136067
Эмэгтэй,5-9,2005,137650
Эмэгтэй,5-9,2006,120494
Эмэгтэй,5-9,2007,122159
Эмэгтэй,5-9,2008,119029
Эмэгтэй,5-9,2009,114575
Эмэгтэй,5-9,2010,112675
Эмэгтэй,5-9,2011,109633
Эмэгтэй,5-9,2012,114604
Эмэгтэй,5-9,2013,122808
Эмэгтэй,5-9,2014,134010
Эмэгтэй,5-9,2015,146323
Эмэгтэй,5-9,2016,157807
Эмэгтэй,5-9,2017,167007
Эмэгтэй,5-9,2018,175279
Эмэгтэй,5-9,2019,182200
Эмэгтэй,5-9,2020,190452
Эмэгтэй,5-9,2021,194046
Эмэгтэй,5-9,2022,193555
Эмэгтэй,5-9,2023,192517
Эмэгтэй,5-9,2024,188143
Эмэгтэй,5-9,2025,189764
Эмэгтэй,10-14,1956,29488
Эмэгтэй,10-14,1963,43241
Эмэгтэй,10-14,1969,68912
Эмэгтэй,10-14,1979,102999
Эмэгтэй,10-14,1989,126822
Эмэгтэй,10-14,1990,129059
Эмэгтэй,10-14,1991,129259
Эмэгтэй,10-14,1992,127813
Эмэгтэй,10-14,1993,128185
Эмэгтэй,10-14,1994,132173
Эмэгтэй,10-14,1995,136689
Эмэгтэй,10-14,1996,142023
Эмэгтэй,10-14,1997,146748
Эмэгтэй,10-14,1998,153322
Эмэгтэй,10-14,1999,158140
Эмэгтэй,10-14,2000,156615
Эмэгтэй,10-14,2001,155311
Эмэгтэй,10-14,2002,155658
Эмэгтэй,10-14,2003,157517
Эмэгтэй,10-14,2004,159200
Эмэгтэй,10-14,2005,161052
Эмэгтэй,10-14,2006,137630
Эмэгтэй,10-14,2007,133605
Эмэгтэй,10-14,2008,129820
Эмэгтэй,10-14,2009,124567
Эмэгтэй,10-14,2010,122579
Эмэгтэй,10-14,2011,117649
Эмэгтэй,10-14,2012,117788
Эмэгтэй,10-14,2013,115993
Эмэгтэй,10-14,2014,110826
Эмэгтэй,10-14,2015,107657
Эмэгтэй,10-14,2016,107853
Эмэгтэй,10-14,2017,113948
Эмэгтэй,10-14,2018,123693
Эмэгтэй,10-14,2019,136786
Эмэгтэй,10-14,2020,147505
Эмэгтэй,10-14,2021,159161
Эмэгтэй,10-14,2022,168325
Эмэгтэй,10-14,2023,176449
Эмэгтэй,10-14,2024,182571
Эмэгтэй,10-14,2025,189882
Эмэгтэй,15-19,1956,37736
Эмэгтэй,15-19,1963,34281
Эмэгтэй,15-19,1969,44471
Эмэгтэй,15-19,1979,90527
Эмэгтэй,15-19,1989,109071
Эмэгтэй,15-19,1990,118100
Эмэгтэй,15-19,1991,120528
Эмэгтэй,15-19,1992,118618
Эмэгтэй,15-19,1993,119806
Эмэгтэй,15-19,1994,119846
Эмэгтэй,15-19,1995,121863
Эмэгтэй,15-19,1996,123687
Эмэгтэй,15-19,1997,125994
Эмэгтэй,15-19,1998,127663
Эмэгтэй,15-19,1999,130031
Эмэгтэй,15-19,2000,137824
Эмэгтэй,15-19,2001,141316
Эмэгтэй,15-19,2002,141730
Эмэгтэй,15-19,2003,143423
Эмэгтэй,15-19,2004,144953
Эмэгтэй,15-19,2005,146641
Эмэгтэй,15-19,2006,155747
Эмэгтэй,15-19,2007,154808
Эмэгтэй,15-19,2008,148959
Эмэгтэй,15-19,2009,143064
Эмэгтэй,15-19,2010,138475
Эмэгтэй,15-19,2011,130995
Эмэгтэй,15-19,2012,127185
Эмэгтэй,15-19,2013,127462
Эмэгтэй,15-19,2014,122048
Эмэгтэй,15-19,2015,118130
Эмэгтэй,15-19,2016,116434
Эмэгтэй,15-19,2017,114593
Эмэгтэй,15-19,2018,112155
Эмэгтэй,15-19,2019,109614
Эмэгтэй,15-19,2020,108545
Эмэгтэй,15-19,2021,108913
Эмэгтэй,15-19,2022,115267
Эмэгтэй,15-19,2023,125128
Эмэгтэй,15-19,2024,137417
Эмэгтэй,15-19,2025,146736
Эмэгтэй,20-24,1956,33805
Эмэгтэй,20-24,1963,36223
Эмэгтэй,20-24,1969,35678
Эмэгтэй,20-24,1979,65786
Эмэгтэй,20-24,1989,98547
Эмэгтэй,20-24,1990,103470
Эмэгтэй,20-24,1991,102906
Эмэгтэй,20-24,1992,102941
Эмэгтэй,20-24,1993,104738
Эмэгтэй,20-24,1994,111540
Эмэгтэй,20-24,1995,113342
Эмэгтэй,20-24,1996,116407
Эмэгтэй,20-24,1997,117261
Эмэгтэй,20-24,1998,118691
Эмэгтэй,20-24,1999,117728
Эмэгтэй,20-24,2000,126536
Эмэгтэй,20-24,2001,129160
Эмэгтэй,20-24,2002,130023
Эмэгтэй,20-24,2003,131576
Эмэгтэй,20-24,2004,132980
Эмэгтэй,20-24,2005,134529
Эмэгтэй,20-24,2006,132701
Эмэгтэй,20-24,2007,137119
Эмэгтэй,20-24,2008,144027
Эмэгтэй,20-24,2009,152360
Эмэгтэй,20-24,2010,156630
Эмэгтэй,20-24,2011,161048
Эмэгтэй,20-24,2012,157457
Эмэгтэй,20-24,2013,151189
Эмэгтэй,20-24,2014,139937
Эмэгтэй,20-24,2015,132771
Эмэгтэй,20-24,2016,126267
Эмэгтэй,20-24,2017,121279
Эмэгтэй,20-24,2018,121020
Эмэгтэй,20-24,2019,118646
Эмэгтэй,20-24,2020,117394
Эмэгтэй,20-24,2021,115972
Эмэгтэй,20-24,2022,114381
Эмэгтэй,20-24,2023,112295
Эмэгтэй,20-24,2024,110079
Эмэгтэй,20-24,2025,107632
Эмэгтэй,25-29,1956,31815
Эмэгтэй,25-29,1963,35275
Эмэгтэй,25-29,1969,38591
Эмэгтэй,25-29,1979,47065
Эмэгтэй,25-29,1989,90796
Эмэгтэй,25-29,1990,93919
Эмэгтэй,25-29,1991,96336
Эмэгтэй,25-29,1992,94160
Эмэгтэй,25-29,1993,94984
Эмэгтэй,25-29,1994,97244
Эмэгтэй,25-29,1995,100131
Эмэгтэй,25-29,1996,101097
Эмэгтэй,25-29,1997,104235
Эмэгтэй,25-29,1998,106987
Эмэгтэй,25-29,1999,108690
Эмэгтэй,25-29,2000,110658
Эмэгтэй,25-29,2001,113800
Эмэгтэй,25-29,2002,114589
Эмэгтэй,25-29,2003,115959
Эмэгтэй,25-29,2004,117196
Эмэгтэй,25-29,2005,118560
Эмэгтэй,25-29,2006,115648
Эмэгтэй,25-29,2007,119013
Эмэгтэй,25-29,2008,122923
Эмэгтэй,25-29,2009,128703
Эмэгтэй,25-29,2010,135159
Эмэгтэй,25-29,2011,144683
Эмэгтэй,25-29,2012,147143
Эмэгтэй,25-29,2013,152610
Эмэгтэй,25-29,2014,154936
Эмэгтэй,25-29,2015,156591
Эмэгтэй,25-29,2016,156965
Эмэгтэй,25-29,2017,154884
Эмэгтэй,25-29,2018,146810
Эмэгтэй,25-29,2019,138108
Эмэгтэй,25-29,2020,131602
Эмэгтэй,25-29,2021,125044
Эмэгтэй,25-29,2022,120336
Эмэгтэй,25-29,2023,120104
Эмэгтэй,25-29,2024,118534
Эмэгтэй,25-29,2025,116540
Эмэгтэй,30-34,1956,29005
Эмэгтэй,30-34,1963,30958
Эмэгтэй,30-34,1969,31793
Эмэгтэй,30-34,1979,37942
Эмэгтэй,30-34,1989,68035
Эмэгтэй,30-34,1990,77411
Эмэгтэй,30-34,1991,79193
Эмэгтэй,30-34,1992,81986
Эмэгтэй,30-34,1993,84946
Эмэгтэй,30-34,1994,90682
Эмэгтэй,30-34,1995,90465
Эмэгтэй,30-34,1996,93974
Эмэгтэй,30-34,1997,94611
Эмэгтэй,30-34,1998,96183
Эмэгтэй,30-34,1999,95399
Эмэгтэй,30-34,2000,96692
Эмэгтэй,30-34,2001,97493
Эмэгтэй,30-34,2002,98374
Эмэгтэй,30-34,2003,99548
Эмэгтэй,30-34,2004,100612
Эмэгтэй,30-34,2005,101781
Эмэгтэй,30-34,2006,108615
Эмэгтэй,30-34,2007,110866
Эмэгтэй,30-34,2008,113290
Эмэгтэй,30-34,2009,117885
Эмэгтэй,30-34,2010,120895
Эмэгтэй,30-34,2011,128752
Эмэгтэй,30-34,2012,130309
Эмэгтэй,30-34,2013,131636
Эмэгтэй,30-34,2014,131026
Эмэгтэй,30-34,2015,132947
Эмэгтэй,30-34,2016,137967
Эмэгтэй,30-34,2017,142493
Эмэгтэй,30-34,2018,148185
Эмэгтэй,30-34,2019,153003
Эмэгтэй,30-34,2020,155500
Эмэгтэй,30-34,2021,155718
Эмэгтэй,30-34,2022,153354
Эмэгтэй,30-34,2023,145277
Эмэгтэй,30-34,2024,137707
Эмэгтэй,30-34,2025,130786
Эмэгтэй,35-39,1956,28018
Эмэгтэй,35-39,1963,28082
Эмэгтэй,35-39,1969,31429
Эмэгтэй,35-39,1979,36810
Эмэгтэй,35-39,1989,46001
Эмэгтэй,35-39,1990,48427
Эмэгтэй,35-39,1991,53536
Эмэгтэй,35-39,1992,56066
Эмэгтэй,35-39,1993,61088
Эмэгтэй,35-39,1994,66217
Эмэгтэй,35-39,1995,73763
Эмэгтэй,35-39,1996,76787
Эмэгтэй,35-39,1997,82164
Эмэгтэй,35-39,1998,85675
Эмэгтэй,35-39,1999,87760
Эмэгтэй,35-39,2000,87181
Эмэгтэй,35-39,2001,89805
Эмэгтэй,35-39,2002,90376
Эмэгтэй,35-39,2003,91455
Эмэгтэй,35-39,2004,92430
Эмэгтэй,35-39,2005,93507
Эмэгтэй,35-39,2006,98866
Эмэгтэй,35-39,2007,100718
Эмэгтэй,35-39,2008,102457
Эмэгтэй,35-39,2009,107015
Эмэгтэй,35-39,2010,110471
Эмэгтэй,35-39,2011,117698
Эмэгтэй,35-39,2012,118676
Эмэгтэй,35-39,2013,120582
Эмэгтэй,35-39,2014,119222
Эмэгтэй,35-39,2015,118142
Эмэгтэй,35-39,2016,120205
Эмэгтэй,35-39,2017,122446
Эмэгтэй,35-39,2018,123831
Эмэгтэй,35-39,2019,127546
Эмэгтэй,35-39,2020,132259
Эмэгтэй,35-39,2021,137335
Эмэгтэй,35-39,2022,141738
Эмэгтэй,35-39,2023,147318
Эмэгтэй,35-39,2024,152254
Эмэгтэй,35-39,2025,154166
Эмэгтэй,40-44,1956,22255
Эмэгтэй,40-44,1963,22068
Эмэгтэй,40-44,1969,24272
Эмэгтэй,40-44,1979,31261
Эмэгтэй,40-44,1989,34626
Эмэгтэй,40-44,1990,36971
Эмэгтэй,40-44,1991,37072
Эмэгтэй,40-44,1992,38476
Эмэгтэй,40-44,1993,40017
Эмэгтэй,40-44,1994,43600
Эмэгтэй,40-44,1995,44971
Эмэгтэй,40-44,1996,50475
Эмэгтэй,40-44,1997,54417
Эмэгтэй,40-44,1998,60198
Эмэгтэй,40-44,1999,64601
Эмэгтэй,40-44,2000,70701
Эмэгтэй,40-44,2001,73857
Эмэгтэй,40-44,2002,74203
Эмэгтэй,40-44,2003,75087
Эмэгтэй,40-44,2004,75890
Эмэгтэй,40-44,2005,76773
Эмэгтэй,40-44,2006,91291
Эмэгтэй,40-44,2007,91448
Эмэгтэй,40-44,2008,93061
Эмэгтэй,40-44,2009,95098
Эмэгтэй,40-44,2010,98938
Эмэгтэй,40-44,2011,101142
Эмэгтэй,40-44,2012,103183
Эмэгтэй,40-44,2013,104885
Эмэгтэй,40-44,2014,107391
Эмэгтэй,40-44,2015,107638
Эмэгтэй,40-44,2016,110610
Эмэгтэй,40-44,2017,112162
Эмэгтэй,40-44,2018,114336
Эмэгтэй,40-44,2019,115287
Эмэгтэй,40-44,2020,117164
Эмэгтэй,40-44,2021,119128
Эмэгтэй,40-44,2022,121359
Эмэгтэй,40-44,2023,122757
Эмэгтэй,40-44,2024,126525
Эмэгтэй,40-44,2025,130675
Эмэгтэй,45-49,1956,26738
Эмэгтэй,45-49,1963,27277
Эмэгтэй,45-49,1969,24991
Эмэгтэй,45-49,1979,28531
Эмэгтэй,45-49,1989,32883
Эмэгтэй,45-49,1990,31667
Эмэгтэй,45-49,1991,31551
Эмэгтэй,45-49,1992,29814
Эмэгтэй,45-49,1993,31028
Эмэгтэй,45-49,1994,31138
Эмэгтэй,45-49,1995,34068
Эмэгтэй,45-49,1996,34553
Эмэгтэй,45-49,1997,36894
Эмэгтэй,45-49,1998,38592
Эмэгтэй,45-49,1999,42326
Эмэгтэй,45-49,2000,45503
Эмэгтэй,45-49,2001,50145
Эмэгтэй,45-49,2002,50356
Эмэгтэй,45-49,2003,50954
Эмэгтэй,45-49,2004,51501
Эмэгтэй,45-49,2005,52100
Эмэгтэй,45-49,2006,76704
Эмэгтэй,45-49,2007,79185
Эмэгтэй,45-49,2008,81588
Эмэгтэй,45-49,2009,84532
Эмэгтэй,45-49,2010,86581
Эмэгтэй,45-49,2011,89167
Эмэгтэй,45-49,2012,90667
Эмэгтэй,45-49,2013,93070
Эмэгтэй,45-49,2014,93541
Эмэгтэй,45-49,2015,93801
Эмэгтэй,45-49,2016,95167
Эмэгтэй,45-49,2017,98092
Эмэгтэй,45-49,2018,100371
Эмэгтэй,45-49,2019,103577
Эмэгтэй,45-49,2020,106229
Эмэгтэй,45-49,2021,109270
Эмэгтэй,45-49,2022,110760
Эмэгтэй,45-49,2023,112889
Эмэгтэй,45-49,2024,113868
Эмэгтэй,45-49,2025,115226
Эмэгтэй,50-54,1956,20943
Эмэгтэй,50-54,1963,21799
Эмэгтэй,50-54,1969,21597
Эмэгтэй,50-54,1979,22088
Эмэгтэй,50-54,1989,27273
Эмэгтэй,50-54,1990,29383
Эмэгтэй,50-54,1991,29422
Эмэгтэй,50-54,1992,30170
Эмэгтэй,50-54,1993,29725
Эмэгтэй,50-54,1994,30746
Эмэгтэй,50-54,1995,28718
Эмэгтэй,50-54,1996,28978
Эмэгтэй,50-54,1997,28155
Эмэгтэй,50-54,1998,29401
Эмэгтэй,50-54,1999,30128
Эмэгтэй,50-54,2000,34238
Эмэгтэй,50-54,2001,34979
Эмэгтэй,50-54,2002,35031
Эмэгтэй,50-54,2003,35449
Эмэгтэй,50-54,2004,35827
Эмэгтэй,50-54,2005,36244
Эмэгтэй,50-54,2006,53008
Эмэгтэй,50-54,2007,54084
Эмэгтэй,50-54,2008,58669
Эмэгтэй,50-54,2009,61019
Эмэгтэй,50-54,2010,67258
Эмэгтэй,50-54,2011,68467
Эмэгтэй,50-54,2012,73393
Эмэгтэй,50-54,2013,77080
Эмэгтэй,50-54,2014,81972
Эмэгтэй,50-54,2015,81446
Эмэгтэй,50-54,2016,85035
Эмэгтэй,50-54,2017,86188
Эмэгтэй,50-54,2018,88044
Эмэгтэй,50-54,2019,89051
Эмэгтэй,50-54,2020,92033
Эмэгтэй,50-54,2021,93260
Эмэгтэй,50-54,2022,96213
Эмэгтэй,50-54,2023,98557
Эмэгтэй,50-54,2024,101820
Эмэгтэй,50-54,2025,104051
Эмэгтэй,55-59,1956,20585
Эмэгтэй,55-59,1963,22630
Эмэгтэй,55-59,1969,23402
Эмэгтэй,55-59,1979,22048
Эмэгтэй,55-59,1989,25651
Эмэгтэй,55-59,1990,26339
Эмэгтэй,55-59,1991,26083
Эмэгтэй,55-59,1992,24296
Эмэгтэй,55-59,1993,24067
Эмэгтэй,55-59,1994,23702
Эмэгтэй,55-59,1995,26187
Эмэгтэй,55-59,1996,26567
Эмэгтэй,55-59,1997,27940
Эмэгтэй,55-59,1998,27672
Эмэгтэй,55-59,1999,28516
Эмэгтэй,55-59,2000,29051
Эмэгтэй,55-59,2001,29344
Эмэгтэй,55-59,2002,29358
Эмэгтэй,55-59,2003,29707
Эмэгтэй,55-59,2004,30026
Эмэгтэй,55-59,2005,30374
Эмэгтэй,55-59,2006,35970
Эмэгтэй,55-59,2007,36531
Эмэгтэй,55-59,2008,38296
Эмэгтэй,55-59,2009,40252
Эмэгтэй,55-59,2010,41432
Эмэгтэй,55-59,2011,44480
Эмэгтэй,55-59,2012,48517
Эмэгтэй,55-59,2013,52499
Эмэгтэй,55-59,2014,58633
Эмэгтэй,55-59,2015,63601
Эмэгтэй,55-59,2016,66217
Эмэгтэй,55-59,2017,70895
Эмэгтэй,55-59,2018,74527
Эмэгтэй,55-59,2019,78290
Эмэгтэй,55-59,2020,79097
Эмэгтэй,55-59,2021,82466
Эмэгтэй,55-59,2022,83683
Эмэгтэй,55-59,2023,85500
Эмэгтэй,55-59,2024,86638
Эмэгтэй,55-59,2025,89169
Эмэгтэй,60-64,1956,16764
Эмэгтэй,60-64,1963,18343
Эмэгтэй,60-64,1969,19988
Эмэгтэй,60-64,1979,19880
Эмэгтэй,60-64,1989,18637
Эмэгтэй,60-64,1990,20250
Эмэгтэй,60-64,1991,20484
Эмэгтэй,60-64,1992,21850
Эмэгтэй,60-64,1993,22632
Эмэгтэй,60-64,1994,23707
Эмэгтэй,60-64,1995,22530
Эмэгтэй,60-64,1996,22573
Эмэгтэй,60-64,1997,21506
Эмэгтэй,60-64,1998,21744
Эмэгтэй,60-64,1999,21514
Эмэгтэй,60-64,2000,23775
Эмэгтэй,60-64,2001,24322
Эмэгтэй,60-64,2002,25991
Эмэгтэй,60-64,2003,26301
Эмэгтэй,60-64,2004,26580
Эмэгтэй,60-64,2005,26892
Эмэгтэй,60-64,2006,28046
Эмэгтэй,60-64,2007,27200
Эмэгтэй,60-64,2008,27855
Эмэгтэй,60-64,2009,27377
Эмэгтэй,60-64,2010,28932
Эмэгтэй,60-64,2011,29205
Эмэгтэй,60-64,2012,31015
Эмэгтэй,60-64,2013,32708
Эмэгтэй,60-64,2014,37037
Эмэгтэй,60-64,2015,37048
Эмэгтэй,60-64,2016,41815
Эмэгтэй,60-64,2017,45500
Эмэгтэй,60-64,2018,50189
Эмэгтэй,60-64,2019,54897
Эмэгтэй,60-64,2020,60703
Эмэгтэй,60-64,2021,63376
Эмэгтэй,60-64,2022,67963
Эмэгтэй,60-64,2023,71682
Эмэгтэй,60-64,2024,75156
Эмэгтэй,60-64,2025,75765
Эмэгтэй,65-69,1956,12149
Эмэгтэй,65-69,1963,14249
Эмэгтэй,65-69,1969,16661
Эмэгтэй,65-69,1979,18292
Эмэгтэй,65-69,1989,17114
Эмэгтэй,65-69,1990,17367
Эмэгтэй,65-69,1991,16748
Эмэгтэй,65-69,1992,15805
Эмэгтэй,65-69,1993,15491
Эмэгтэй,65-69,1994,14968
Эмэгтэй,65-69,1995,16423
Эмэгтэй,65-69,1996,16716
Эмэгтэй,65-69,1997,18503
Эмэгтэй,65-69,1998,19321
Эмэгтэй,65-69,1999,19433
Эмэгтэй,65-69,2000,18757
Эмэгтэй,65-69,2001,18920
Эмэгтэй,65-69,2002,19516
Эмэгтэй,65-69,2003,19749
Эмэгтэй,65-69,2004,19962
Эмэгтэй,65-69,2005,20192
Эмэгтэй,65-69,2006,23241
Эмэгтэй,65-69,2007,23198
Эмэгтэй,65-69,2008,23641
Эмэгтэй,65-69,2009,23627
Эмэгтэй,65-69,2010,22489
Эмэгтэй,65-69,2011,22059
Эмэгтэй,65-69,2012,21877
Эмэгтэй,65-69,2013,22802
Эмэгтэй,65-69,2014,24241
Эмэгтэй,65-69,2015,25308
Эмэгтэй,65-69,2016,25874
Эмэгтэй,65-69,2017,27916
Эмэгтэй,65-69,2018,29721
Эмэгтэй,65-69,2019,32634
Эмэгтэй,65-69,2020,34428
Эмэгтэй,65-69,2021,38762
Эмэгтэй,65-69,2022,42336
Эмэгтэй,65-69,2023,46808
Эмэгтэй,65-69,2024,51424
Эмэгтэй,65-69,2025,56821
Эмэгтэй,70+,1956,17797
Эмэгтэй,70+,1963,20932
Эмэгтэй,70+,1969,22343
Эмэгтэй,70+,1979,26801
Эмэгтэй,70+,1989,31091
Эмэгтэй,70+,1990,34608
Эмэгтэй,70+,1991,35154
Эмэгтэй,70+,1992,34458
Эмэгтэй,70+,1993,34545
Эмэгтэй,70+,1994,31114
Эмэгтэй,70+,1995,32019
Эмэгтэй,70+,1996,32436
Эмэгтэй,70+,1997,32296
Эмэгтэй,70+,1998,32677
Эмэгтэй,70+,1999,28356
Эмэгтэй,70+,2000,29005
Эмэгтэй,70+,2001,29760
Эмэгтэй,70+,2002,29767
Эмэгтэй,70+,2003,30122
Эмэгтэй,70+,2004,30445
Эмэгтэй,70+,2005,30798
Эмэгтэй,70+,2006,38115
Эмэгтэй,70+,2007,38138
Эмэгтэй,70+,2008,38979
Эмэгтэй,70+,2009,38799
Эмэгтэй,70+,2010,40058
Эмэгтэй,70+,2011,40128
Эмэгтэй,70+,2012,41991
Эмэгтэй,70+,2013,42071
Эмэгтэй,70+,2014,45289
Эмэгтэй,70+,2015,44012
Эмэгтэй,70+,2016,45158
Эмэгтэй,70+,2017,46424
Эмэгтэй,70+,2018,48060
Эмэгтэй,70+,2019,49978
Эмэгтэй,70+,2020,53345
Эмэгтэй,70+,2021,54210
Эмэгтэй,70+,2022,57295
Эмэгтэй,70+,2023,60764
Эмэгтэй,70+,2024,64861
Эмэгтэй,70+,2025,69706
