hses_code,year,schools,students,school_density
11,2000,146,162.5,0.8984615384615384
11,2001,150,169.5,0.8849557522123894
11,2002,156,176,0.8863636363636364
11,2003,163,180,0.9055555555555556
11,2004,178,185.6,0.959051724137931
11,2005,190,186.2,1.0204081632653061
11,2006,200,185.2,1.0799136069114472
11,2007,210,184.3,1.1394465545306565
11,2008,207,185,1.1189189189189188
11,2009,209,184.3,1.134020618556701
11,2010,206,184.6,1.1159263271939328
11,2011,206,186.7,1.1033743974290307
11,2012,207,186.8,1.10813704496788
11,2013,203,192.3,1.0556422256890274
11,2014,210,201.9,1.0401188707280833
11,2015,211,220.6,0.9564823209428831
11,2016,222,232.8,0.9536082474226804
11,2017,238,247.2,0.9627831715210357
11,2018,245,263.4,0.9301442672741079
11,2019,257,291.5,0.8816466552315609
11,2020,273,316.9,0.8614704954244242
11,2021,278,338.4,0.8215130023640662
11,2022,293,363.4,0.8062740781507981
11,2023,306,380.7,0.8037825059101655
11,2024,314,397.3,0.7903347596274855
11,2025,329,411.3,0.7999027473863359
21,2000,25,16.6,1.506024096385542
21,2001,25,16.9,1.4792899408284026
21,2002,27,17.2,1.5697674418604652
21,2003,25,16.9,1.4792899408284026
21,2004,25,17.3,1.445086705202312
21,2005,26,16.6,1.5662650602409638
21,2006,25,16.3,1.5337423312883436
21,2007,25,15.7,1.5923566878980893
21,2008,26,15,1.7333333333333334
21,2009,26,14.3,1.8181818181818181
21,2010,26,14,1.8571428571428572
21,2011,25,13.6,1.8382352941176472
21,2012,25,13.3,1.8796992481203008
21,2013,25,13.1,1.9083969465648856
21,2014,25,13.4,1.8656716417910448
21,2015,26,13.9,1.870503597122302
21,2016,26,14.3,1.8181818181818181
21,2017,26,14.9,1.74496644295302
21,2018,26,15.4,1.6883116883116882
21,2019,27,16.6,1.6265060240963853
21,2020,27,17.4,1.5517241379310347
21,2021,27,18.2,1.4835164835164836
21,2022,27,19,1.4210526315789473
21,2023,26,19.7,1.3197969543147208
21,2024,26,20.3,1.2807881773399015
21,2025,27,20.8,1.2980769230769231
22,2000,16,11,1.4545454545454546
22,2001,15,11.1,1.3513513513513513
22,2002,15,11.5,1.3043478260869565
22,2003,15,11.6,1.293103448275862
22,2004,15,12.8,1.171875
22,2005,15,12.9,1.1627906976744187
22,2006,15,11.4,1.3157894736842104
22,2007,15,11.3,1.327433628318584
22,2008,15,11.1,1.3513513513513513
22,2009,15,10.7,1.4018691588785048
22,2010,15,10.4,1.4423076923076923
22,2011,15,10.3,1.4563106796116503
22,2012,15,10,1.5
22,2013,17,9.8,1.7346938775510203
22,2014,16,10,1.6
22,2015,16,10.4,1.5384615384615383
22,2016,16,10.7,1.4953271028037385
22,2017,16,11.2,1.4285714285714286
22,2018,16,11.6,1.3793103448275863
22,2019,16,12.3,1.3008130081300813
22,2020,16,12.9,1.2403100775193798
22,2021,16,13.4,1.1940298507462686
22,2022,16,13.8,1.1594202898550725
22,2023,16,14.2,1.1267605633802817
22,2024,16,14.5,1.103448275862069
22,2025,16,14.8,1.081081081081081
23,2000,29,14.4,2.013888888888889
23,2001,30,14.5,2.0689655172413794
23,2002,27,14.8,1.8243243243243243
23,2003,26,15.3,1.6993464052287581
23,2004,26,16.3,1.5950920245398772
23,2005,27,16.4,1.6463414634146343
23,2006,27,14.6,1.8493150684931507
23,2007,27,14.8,1.8243243243243243
23,2008,27,15,1.8
23,2009,26,14.8,1.7567567567567566
23,2010,26,14.2,1.8309859154929577
23,2011,26,13.8,1.8840579710144927
23,2012,26,13.3,1.9548872180451127
23,2013,26,13.3,1.9548872180451127
23,2014,26,13.4,1.9402985074626866
23,2015,26,13.7,1.8978102189781023
23,2016,26,13.9,1.870503597122302
23,2017,26,14.2,1.8309859154929577
23,2018,26,14.4,1.8055555555555556
23,2019,26,15.2,1.7105263157894737
23,2020,26,15.8,1.6455696202531644
23,2021,27,16.5,1.6363636363636365
23,2022,27,17,1.588235294117647
23,2023,29,17.2,1.686046511627907
23,2024,28,17.5,1.6
23,2025,28,17.7,1.5819209039548023
41,2000,41,19.1,2.1465968586387434
41,2001,41,18.7,2.192513368983957
41,2002,36,19.4,1.8556701030927836
41,2003,30,19.6,1.530612244897959
41,2004,31,18.4,1.6847826086956523
41,2005,33,17.6,1.8749999999999998
41,2006,33,16.4,2.0121951219512195
41,2007,32,15.4,2.0779220779220777
41,2008,33,15,2.2
41,2009,33,14.5,2.2758620689655173
41,2010,32,14.3,2.2377622377622375
41,2011,31,13.9,2.2302158273381294
41,2012,31,13.4,2.3134328358208953
41,2013,31,13.3,2.3308270676691727
41,2014,31,13.3,2.3308270676691727
41,2015,31,14,2.2142857142857144
41,2016,31,14.4,2.1527777777777777
41,2017,31,14.8,2.0945945945945943
41,2018,31,15.3,2.026143790849673
41,2019,31,16.5,1.878787878787879
41,2020,31,17.3,1.791907514450867
41,2021,31,18,1.7222222222222223
41,2022,32,18.6,1.7204301075268815
41,2023,31,19.1,1.6230366492146595
41,2024,32,19.8,1.6161616161616161
41,2025,33,20.3,1.625615763546798
42,2000,4,3,1.3333333333333333
42,2001,5,2.9,1.7241379310344829
42,2002,5,3,1.6666666666666667
42,2003,5,3,1.6666666666666667
42,2004,4,3,1.3333333333333333
42,2005,4,3,1.3333333333333333
42,2006,4,3,1.3333333333333333
42,2007,4,3,1.3333333333333333
42,2008,4,2.9,1.3793103448275863
42,2009,4,3,1.3333333333333333
42,2010,4,3,1.3333333333333333
42,2011,5,2.9,1.7241379310344829
42,2012,5,3,1.6666666666666667
42,2013,5,3,1.6666666666666667
42,2014,5,3,1.6666666666666667
42,2015,5,3.3,1.5151515151515151
42,2016,5,3.3,1.5151515151515151
42,2017,5,3.4,1.4705882352941178
42,2018,5,3.4,1.4705882352941178
42,2019,5,3.8,1.3157894736842106
42,2020,5,4,1.25
42,2021,5,4.1,1.2195121951219514
42,2022,5,4.3,1.1627906976744187
42,2023,5,4.4,1.1363636363636362
42,2024,5,4.5,1.1111111111111112
42,2025,5,4.6,1.0869565217391306
43,2000,34,23.1,1.4718614718614718
43,2001,34,23.1,1.4718614718614718
43,2002,35,23.6,1.483050847457627
43,2003,34,23.4,1.4529914529914532
43,2004,33,22.9,1.4410480349344978
43,2005,33,22.4,1.4732142857142858
43,2006,33,21.1,1.5639810426540284
43,2007,33,20.7,1.5942028985507246
43,2008,34,19.7,1.7258883248730965
43,2009,35,19.4,1.8041237113402062
43,2010,35,18.9,1.851851851851852
43,2011,35,18.5,1.8918918918918919
43,2012,35,17.8,1.9662921348314606
43,2013,35,17.5,2
43,2014,35,17.6,1.9886363636363635
43,2015,34,18.4,1.847826086956522
43,2016,34,18.8,1.8085106382978722
43,2017,35,18.9,1.851851851851852
43,2018,34,19.1,1.7801047120418847
43,2019,34,20.3,1.6748768472906403
43,2020,35,21.2,1.650943396226415
43,2021,35,21.5,1.627906976744186
43,2022,35,22,1.5909090909090908
43,2023,35,22.1,1.583710407239819
43,2024,35,22.5,1.5555555555555556
43,2025,35,22.9,1.5283842794759825
44,2000,19,10.5,1.8095238095238095
44,2001,19,10.7,1.7757009345794394
44,2002,18,11,1.6363636363636365
44,2003,19,11.2,1.6964285714285716
44,2004,20,11.6,1.7241379310344829
44,2005,20,11.5,1.7391304347826086
44,2006,19,11.3,1.6814159292035398
44,2007,22,11.1,1.981981981981982
44,2008,20,11.2,1.7857142857142858
44,2009,20,11.1,1.8018018018018018
44,2010,20,11,1.8181818181818181
44,2011,20,10.9,1.8348623853211008
44,2012,21,10.9,1.926605504587156
44,2013,22,11.1,1.981981981981982
44,2014,22,11.3,1.9469026548672566
44,2015,22,11.9,1.8487394957983192
44,2016,21,12.3,1.7073170731707317
44,2017,22,12.7,1.7322834645669292
44,2018,22,13,1.6923076923076923
44,2019,22,14,1.5714285714285714
44,2020,21,14.6,1.4383561643835616
44,2021,21,15.2,1.381578947368421
44,2022,22,15.3,1.4379084967320261
44,2023,22,15.8,1.3924050632911391
44,2024,21,16.2,1.2962962962962963
44,2025,22,16.4,1.3414634146341464
45,2000,21,20.9,1.0047846889952154
45,2001,20,21.4,0.9345794392523366
45,2002,18,21.7,0.8294930875576038
45,2003,23,22,1.0454545454545454
45,2004,27,22.2,1.2162162162162162
45,2005,27,23.7,1.139240506329114
45,2006,28,22.1,1.2669683257918551
45,2007,29,20.6,1.407766990291262
45,2008,29,19.8,1.4646464646464645
45,2009,29,19.1,1.5183246073298429
45,2010,28,18.5,1.5135135135135136
45,2011,28,18.3,1.530054644808743
45,2012,27,17.9,1.5083798882681565
45,2013,28,17.7,1.5819209039548023
45,2014,27,17.7,1.5254237288135595
45,2015,27,18.6,1.4516129032258063
45,2016,26,19,1.368421052631579
45,2017,26,19.4,1.3402061855670104
45,2018,26,20,1.3
45,2019,26,21.7,1.19815668202765
45,2020,26,22.7,1.145374449339207
45,2021,25,23.5,1.0638297872340425
45,2022,25,24.5,1.0204081632653061
45,2023,25,25.8,0.9689922480620154
45,2024,26,27.2,0.9558823529411765
45,2025,26,28.3,0.9187279151943463
46,2000,19,9.7,1.9587628865979383
46,2001,19,10,1.9
46,2002,18,10.2,1.7647058823529413
46,2003,17,10.3,1.6504854368932038
46,2004,17,10.9,1.5596330275229358
46,2005,17,10.9,1.5596330275229358
46,2006,17,10.7,1.5887850467289721
46,2007,18,10.8,1.6666666666666665
46,2008,18,10.7,1.6822429906542058
46,2009,18,10.5,1.7142857142857142
46,2010,18,10.5,1.7142857142857142
46,2011,19,10.5,1.8095238095238095
46,2012,19,10.4,1.8269230769230769
46,2013,19,10.4,1.8269230769230769
46,2014,20,10.8,1.8518518518518516
46,2015,20,11,1.8181818181818181
46,2016,20,11.4,1.7543859649122806
46,2017,21,11.8,1.7796610169491525
46,2018,21,12.1,1.7355371900826446
46,2019,22,13.4,1.6417910447761193
46,2020,22,14.1,1.5602836879432624
46,2021,22,14.9,1.4765100671140938
46,2022,22,15.7,1.4012738853503186
46,2023,22,16.4,1.3414634146341464
46,2024,24,17.4,1.3793103448275863
46,2025,25,18.3,1.366120218579235
48,2000,20,9.6,2.0833333333333335
48,2001,20,9.7,2.061855670103093
48,2002,20,9.8,2.0408163265306123
48,2003,19,10.1,1.8811881188118813
48,2004,19,10.4,1.8269230769230769
48,2005,19,10.3,1.8446601941747571
48,2006,19,9.9,1.9191919191919191
48,2007,19,9.5,2
48,2008,19,9.2,2.065217391304348
48,2009,18,8.9,2.0224719101123596
48,2010,18,8.4,2.142857142857143
48,2011,18,8.2,2.1951219512195124
48,2012,18,7.7,2.3376623376623376
48,2013,18,7.6,2.368421052631579
48,2014,18,7.6,2.368421052631579
48,2015,19,7.9,2.4050632911392404
48,2016,19,8.1,2.345679012345679
48,2017,19,8.1,2.345679012345679
48,2018,19,8,2.375
48,2019,19,8.4,2.261904761904762
48,2020,19,8.5,2.235294117647059
48,2021,19,8.6,2.2093023255813953
48,2022,19,8.7,2.1839080459770117
48,2023,19,8.8,2.1590909090909087
48,2024,19,9,2.111111111111111
48,2025,19,9.2,2.065217391304348
61,2000,19,19.6,0.9693877551020408
61,2001,23,21,1.0952380952380953
61,2002,13,21.2,0.6132075471698113
61,2003,13,21.4,0.6074766355140188
61,2004,16,22.3,0.7174887892376681
61,2005,15,21.5,0.6976744186046512
61,2006,16,20.7,0.7729468599033816
61,2007,16,20.1,0.7960199004975124
61,2008,16,19.7,0.8121827411167513
61,2009,18,19,0.9473684210526315
61,2010,18,18.1,0.9944751381215469
61,2011,18,17.5,1.0285714285714285
61,2012,20,16.8,1.1904761904761905
61,2013,20,16.7,1.1976047904191618
61,2014,21,17,1.2352941176470589
61,2015,22,18.1,1.2154696132596685
61,2016,22,18.6,1.182795698924731
61,2017,24,19.1,1.256544502617801
61,2018,24,19.8,1.2121212121212122
61,2019,24,21.5,1.1162790697674418
61,2020,24,22.6,1.0619469026548671
61,2021,25,23.5,1.0638297872340425
61,2022,24,24.6,0.975609756097561
61,2023,25,25.8,0.9689922480620154
61,2024,24,26.9,0.892193308550186
61,2025,23,27.9,0.8243727598566308
62,2000,30,19.7,1.5228426395939088
62,2001,30,20.2,1.4851485148514851
62,2002,30,21.3,1.408450704225352
62,2003,28,21.9,1.2785388127853883
62,2004,28,23.7,1.1814345991561181
62,2005,27,24.2,1.115702479338843
62,2006,28,24.1,1.1618257261410787
62,2007,28,24.3,1.1522633744855966
62,2008,28,24.3,1.1522633744855966
62,2009,30,23.7,1.2658227848101267
62,2010,30,22.8,1.3157894736842104
62,2011,29,22,1.3181818181818181
62,2012,29,21.2,1.3679245283018868
62,2013,29,20.8,1.3942307692307692
62,2014,29,20.6,1.407766990291262
62,2015,30,21.2,1.4150943396226416
62,2016,30,21.2,1.4150943396226416
62,2017,30,21.5,1.3953488372093024
62,2018,30,21.5,1.3953488372093024
62,2019,31,21.6,1.4351851851851851
62,2020,32,23.3,1.3733905579399142
62,2021,31,23.9,1.2970711297071131
62,2022,32,24.4,1.3114754098360657
62,2023,32,24.7,1.2955465587044535
62,2024,34,25.1,1.3545816733067728
62,2025,33,25.7,1.284046692607004
63,2000,23,12.4,1.8548387096774193
63,2001,23,12.4,1.8548387096774193
63,2002,24,12.9,1.8604651162790697
63,2003,24,12.8,1.875
63,2004,24,13.1,1.83206106870229
63,2005,24,12.4,1.9354838709677418
63,2006,25,12,2.0833333333333335
63,2007,25,11.7,2.1367521367521367
63,2008,24,11.2,2.142857142857143
63,2009,24,10.7,2.2429906542056077
63,2010,24,10.4,2.3076923076923075
63,2011,22,9.9,2.2222222222222223
63,2012,22,9.4,2.3404255319148937
63,2013,22,9.2,2.3913043478260874
63,2014,22,9.1,2.417582417582418
63,2015,22,9.4,2.3404255319148937
63,2016,22,9.7,2.2680412371134024
63,2017,21,9.9,2.121212121212121
63,2018,22,10,2.2
63,2019,22,10.7,2.0560747663551404
63,2020,22,11.1,1.981981981981982
63,2021,22,11.3,1.9469026548672566
63,2022,22,11.4,1.9298245614035088
63,2023,22,11.3,1.9469026548672566
63,2024,22,11.5,1.9130434782608696
63,2025,22,11.4,1.9298245614035088
64,2000,28,17.1,1.6374269005847952
64,2001,28,17.7,1.5819209039548023
64,2002,27,18.3,1.4754098360655736
64,2003,28,19.1,1.4659685863874345
64,2004,29,19.6,1.4795918367346939
64,2005,29,19.3,1.5025906735751295
64,2006,30,19.2,1.5625
64,2007,29,19.5,1.4871794871794872
64,2008,30,18.9,1.5873015873015874
64,2009,31,18.1,1.7127071823204418
64,2010,29,17.2,1.686046511627907
64,2011,29,16.5,1.7575757575757576
64,2012,29,15.9,1.8238993710691824
64,2013,29,15.2,1.9078947368421053
64,2014,29,15.4,1.883116883116883
64,2015,29,15.6,1.858974358974359
64,2016,29,15.7,1.8471337579617835
64,2017,29,16.1,1.8012422360248446
64,2018,30,16.2,1.8518518518518519
64,2019,31,17.5,1.7714285714285714
64,2020,31,18.1,1.7127071823204418
64,2021,33,18.5,1.7837837837837838
64,2022,33,18.7,1.7647058823529413
64,2023,32,19.1,1.6753926701570678
64,2024,32,19.5,1.641025641025641
64,2025,32,20,1.6
65,2000,32,18.8,1.702127659574468
65,2001,32,19.2,1.6666666666666667
65,2002,35,19.6,1.7857142857142856
65,2003,34,20,1.7
65,2004,35,20.8,1.6826923076923077
65,2005,35,21.3,1.6431924882629108
65,2006,36,20.7,1.7391304347826086
65,2007,36,20.8,1.7307692307692306
65,2008,35,20.6,1.6990291262135921
65,2009,35,20.2,1.7326732673267327
65,2010,35,19.6,1.7857142857142856
65,2011,33,18.8,1.7553191489361701
65,2012,32,17.9,1.787709497206704
65,2013,32,17.5,1.8285714285714285
65,2014,32,16.7,1.9161676646706587
65,2015,34,17.2,1.9767441860465118
65,2016,33,17.3,1.9075144508670518
65,2017,33,17.3,1.9075144508670518
65,2018,33,17.2,1.9186046511627908
65,2019,33,18.2,1.8131868131868132
65,2020,33,18.7,1.7647058823529413
65,2021,32,19,1.6842105263157894
65,2022,30,19.5,1.5384615384615385
65,2023,30,19.8,1.5151515151515151
65,2024,30,19.8,1.5151515151515151
65,2025,30,19.8,1.5151515151515151
67,2000,32,22.9,1.3973799126637556
67,2001,33,23.7,1.3924050632911393
67,2002,31,25.3,1.225296442687747
67,2003,32,25.8,1.2403100775193798
67,2004,33,26.7,1.2359550561797754
67,2005,33,27.1,1.2177121771217712
67,2006,33,27.3,1.2087912087912087
67,2007,32,27.1,1.1808118081180812
67,2008,32,26.6,1.2030075187969924
67,2009,33,26.2,1.2595419847328244
67,2010,34,25.9,1.3127413127413128
67,2011,35,25.1,1.394422310756972
67,2012,35,24.7,1.417004048582996
67,2013,35,24.4,1.4344262295081969
67,2014,35,24.5,1.4285714285714286
67,2015,35,24.8,1.411290322580645
67,2016,36,25.5,1.411764705882353
67,2017,36,26.1,1.379310344827586
67,2018,36,26.3,1.3688212927756653
67,2019,36,27.9,1.2903225806451613
67,2020,35,29.1,1.2027491408934707
67,2021,35,29.7,1.1784511784511784
67,2022,35,30.4,1.1513157894736843
67,2023,34,30.8,1.103896103896104
67,2024,34,31.3,1.0862619808306708
67,2025,34,31.4,1.0828025477707006
81,2000,34,16.6,2.048192771084337
81,2001,38,17.1,2.222222222222222
81,2002,34,18,1.8888888888888888
81,2003,33,18,1.8333333333333333
81,2004,33,18.4,1.7934782608695654
81,2005,32,18.3,1.7486338797814207
81,2006,33,17.7,1.864406779661017
81,2007,33,17.8,1.8539325842696628
81,2008,32,17.5,1.8285714285714285
81,2009,31,16.9,1.8343195266272192
81,2010,30,15.6,1.9230769230769231
81,2011,30,15.1,1.9867549668874174
81,2012,30,14.6,2.0547945205479454
81,2013,30,14.2,2.1126760563380285
81,2014,30,14.2,2.1126760563380285
81,2015,30,14.6,2.0547945205479454
81,2016,30,14.6,2.0547945205479454
81,2017,30,14.7,2.0408163265306123
81,2018,30,14.5,2.0689655172413794
81,2019,30,15.2,1.973684210526316
81,2020,30,15.5,1.935483870967742
81,2021,30,15.8,1.8987341772151898
81,2022,30,15.8,1.8987341772151898
81,2023,30,15.7,1.910828025477707
81,2024,31,15.7,1.9745222929936306
81,2025,31,15.6,1.9871794871794872
82,2000,28,12.7,2.204724409448819
82,2001,28,12.8,2.1875
82,2002,29,12.5,2.32
82,2003,28,12.5,2.24
82,2004,27,15,1.8
82,2005,27,15.1,1.7880794701986755
82,2006,29,13.1,2.213740458015267
82,2007,29,12.9,2.248062015503876
82,2008,28,12.9,2.1705426356589146
82,2009,28,12.6,2.2222222222222223
82,2010,28,12.3,2.2764227642276422
82,2011,28,12,2.3333333333333335
82,2012,28,11.6,2.413793103448276
82,2013,28,11.3,2.47787610619469
82,2014,28,11.1,2.5225225225225225
82,2015,28,11.3,2.47787610619469
82,2016,28,11.3,2.47787610619469
82,2017,28,11.4,2.456140350877193
82,2018,28,11.4,2.456140350877193
82,2019,29,11.7,2.4786324786324787
82,2020,28,11.9,2.3529411764705883
82,2021,28,11.8,2.3728813559322033
82,2022,28,11.8,2.3728813559322033
82,2023,28,11.7,2.393162393162393
82,2024,28,11.8,2.3728813559322033
82,2025,28,11.8,2.3728813559322033
83,2000,35,18.8,1.8617021276595744
83,2001,35,20.2,1.7326732673267327
83,2002,37,21.6,1.7129629629629628
83,2003,37,22.4,1.6517857142857144
83,2004,37,23.7,1.5611814345991561
83,2005,38,23.4,1.623931623931624
83,2006,41,23.3,1.759656652360515
83,2007,41,23.7,1.729957805907173
83,2008,41,24,1.7083333333333333
83,2009,42,23.8,1.7647058823529411
83,2010,43,23.2,1.853448275862069
83,2011,42,23.1,1.8181818181818181
83,2012,42,22.6,1.8584070796460175
83,2013,42,22.3,1.8834080717488788
83,2014,43,21.6,1.9907407407407407
83,2015,43,22.6,1.902654867256637
83,2016,43,22.6,1.902654867256637
83,2017,43,23.1,1.8614718614718613
83,2018,43,23.2,1.853448275862069
83,2019,43,23.8,1.8067226890756303
83,2020,44,25,1.76
83,2021,44,25.4,1.7322834645669292
83,2022,44,25.9,1.698841698841699
83,2023,44,26.3,1.6730038022813687
83,2024,45,27,1.6666666666666667
83,2025,43,27.7,1.552346570397112
84,2000,22,18.3,1.2021857923497268
84,2001,25,19.4,1.288659793814433
84,2002,24,20.1,1.1940298507462686
84,2003,23,20.4,1.1274509803921569
84,2004,23,21.8,1.055045871559633
84,2005,23,21.6,1.0648148148148147
84,2006,24,21.6,1.111111111111111
84,2007,24,21.9,1.0958904109589043
84,2008,23,21.4,1.074766355140187
84,2009,23,20.5,1.1219512195121952
84,2010,23,19.6,1.173469387755102
84,2011,24,19,1.263157894736842
84,2012,24,18.4,1.3043478260869565
84,2013,24,17.9,1.340782122905028
84,2014,24,17.8,1.348314606741573
84,2015,24,18.3,1.3114754098360655
84,2016,25,18.1,1.3812154696132595
84,2017,25,18.5,1.3513513513513513
84,2018,25,18.6,1.3440860215053763
84,2019,25,19.4,1.288659793814433
84,2020,25,20.2,1.2376237623762376
84,2021,25,20.5,1.2195121951219512
84,2022,25,21,1.1904761904761905
84,2023,25,21.2,1.179245283018868
84,2024,25,21.8,1.146788990825688
84,2025,25,22.3,1.1210762331838564
85,2000,26,17.3,1.5028901734104045
85,2001,27,18.1,1.4917127071823204
85,2002,29,18.9,1.5343915343915344
85,2003,30,19.6,1.530612244897959
85,2004,30,20.8,1.4423076923076923
85,2005,30,21.2,1.4150943396226416
85,2006,27,20.8,1.2980769230769231
85,2007,27,20.5,1.3170731707317074
85,2008,27,20.4,1.323529411764706
85,2009,27,19.8,1.3636363636363635
85,2010,28,19.6,1.4285714285714284
85,2011,30,18.7,1.6042780748663101
85,2012,31,18,1.7222222222222223
85,2013,31,17.4,1.781609195402299
85,2014,30,17,1.7647058823529411
85,2015,30,17.4,1.7241379310344829
85,2016,30,17.4,1.7241379310344829
85,2017,30,17.5,1.7142857142857142
85,2018,30,17.7,1.6949152542372883
85,2019,30,18,1.6666666666666667
85,2020,30,18.5,1.6216216216216217
85,2021,30,18.8,1.5957446808510638
85,2022,29,19.3,1.5025906735751295
85,2023,29,19.7,1.4720812182741116
85,2024,30,20,1.5
85,2025,30,20.2,1.4851485148514851
