hses_code,year,loss,livestock,livestock_lag,loss_rate,dzud_5pct,dzud_10pct,dzud_top10
11,1991,5.4,438.3,NA,NA,NA,NA,NA
11,1992,6.9,423.6,438.3,0.015742642026009585,0,0,0
11,1993,13,411.8,423.6,0.03068932955618508,0,0,0
11,1994,10.4,444.9,411.8,0.02525497814473045,0,0,0
11,1995,11.6,468.7,444.9,0.026073274893234435,0,0,0
11,1996,9.8,443.3,468.7,0.020908896949007896,0,0,0
11,1997,7.6,442.8,443.3,0.01714414617640424,0,0,0
11,1998,6.4,427.2,442.8,0.014453477868112016,0,0,0
11,1999,30.4,412.8,427.2,0.07116104868913857,1,0,0
11,2000,6.4,32,412.8,0.015503875968992248,0,0,0
11,2001,24.2,38.6,32,0.75625,1,1,1
11,2002,4.3,41.2,38.6,0.11139896373056994,1,1,0
11,2003,7.1,53.5,41.2,0.17233009708737862,1,1,1
11,2004,3.4,57.9,53.5,0.06355140186915888,1,0,0
11,2005,2.7,63.2,57.9,0.04663212435233161,0,0,0
11,2006,2.1,65.3,63.2,0.03322784810126582,0,0,0
11,2007,1.6,65.1,65.3,0.02450229709035222,0,0,0
11,2008,2.1,59.3,65.1,0.03225806451612904,0,0,0
11,2009,3.8,52,59.3,0.06408094435075885,1,0,0
11,2010,73.9,55.8,52,1.4211538461538462,1,1,1
11,2011,2.7,60.8,55.8,0.048387096774193554,0,0,0
11,2012,2.1,72.5,60.8,0.03453947368421053,0,0,0
11,2013,3.6,75.1,72.5,0.0496551724137931,0,0,0
11,2014,2.1,80.2,75.1,0.027962716378162455,0,0,0
11,2015,2.7,80.2,80.2,0.03366583541147132,0,0,0
11,2016,6.4,93.7,80.2,0.0798004987531172,1,0,0
11,2017,8.3,99.6,93.7,0.08858057630736393,1,0,0
11,2018,15.1,118.3,99.6,0.15160642570281124,1,1,1
11,2019,4.7,143.6,118.3,0.03972950126796281,0,0,0
11,2020,11.2,206.4,143.6,0.07799442896935933,1,0,0
11,2021,15.5,275.1,206.4,0.0750968992248062,1,0,0
11,2022,7,266.3,275.1,0.02544529262086514,0,0,0
11,2023,42.8,247.8,266.3,0.1607209913631243,1,1,1
11,2024,33.4,294.3,247.8,0.13478611783696529,1,1,1
21,1991,72.6,990.6,NA,NA,NA,NA,NA
21,1992,44.5,929.7,990.6,0.04492226933171815,0,0,0
21,1993,44.1,930.1,929.7,0.04743465634075508,0,0,0
21,1994,31.3,876.1,930.1,0.033652295452101924,0,0,0
21,1995,40,887.6,876.1,0.04565688848304988,0,0,0
21,1996,20.3,897.2,887.6,0.022870662460567823,0,0,0
21,1997,9,923.7,897.2,0.010031208203299152,0,0,0
21,1998,6.8,936.7,923.7,0.007361697520840099,0,0,0
21,1999,10.5,888.9,936.7,0.011209565495889825,0,0,0
21,2000,14.7,802.1,888.9,0.01653729328383395,0,0,0
21,2001,70.9,712.7,802.1,0.08839296845779829,1,0,0
21,2002,12.8,650.3,712.7,0.01795987091342781,0,0,0
21,2003,29.6,591.4,650.3,0.04551745348300785,0,0,0
21,2004,9.4,594.2,591.4,0.015894487656408524,0,0,0
21,2005,12.7,657.2,594.2,0.021373274991585322,0,0,0
21,2006,5.8,735.7,657.2,0.008825319537431526,0,0,0
21,2007,4.3,811.8,735.7,0.00584477368492592,0,0,0
21,2008,18.6,826.2,811.8,0.022912047302291207,0,0,0
21,2009,138.2,794.1,826.2,0.1672718470104091,1,1,1
21,2010,314.7,825.4,794.1,0.3962976955043445,1,1,1
21,2011,10.9,843.8,825.4,0.013205718439544463,0,0,0
21,2012,14.2,887.9,843.8,0.016828632377340603,0,0,0
21,2013,47.9,978.5,887.9,0.05394751661223111,1,0,0
21,2014,8.8,1113.3,978.5,0.008993357179356159,0,0,0
21,2015,7.1,1307.3,1113.3,0.006377436450193119,0,0,0
21,2016,13.6,1476.2,1307.3,0.010403120936280884,0,0,0
21,2017,9.1,1450.7,1476.2,0.006164476358217043,0,0,0
21,2018,6.6,1113.3,1450.7,0.004549527814158682,0,0,0
21,2019,7.4,1149.8,1113.3,0.006646905595975928,0,0,0
21,2020,16.4,1207.3,1149.8,0.0142633501478518,0,0,0
21,2021,8.6,1220.1,1207.3,0.007123333057235153,0,0,0
21,2022,10.4,1393.4,1220.1,0.008523891484304566,0,0,0
21,2023,100.8,1555.4,1393.4,0.07234103631405195,1,0,0
21,2024,433.3,1722.9,1555.4,0.2785778577857786,1,1,1
22,1991,27.8,948.2,NA,NA,NA,NA,NA
22,1992,24.1,1007.2,948.2,0.025416578780847923,0,0,0
22,1993,27,1028.1,1007.2,0.026806989674344715,0,0,0
22,1994,62,1032.8,1028.1,0.060305417760918203,1,0,0
22,1995,83.6,916.6,1032.8,0.08094500387296669,1,0,0
22,1996,28.3,959.3,916.6,0.03087497272528911,0,0,0
22,1997,40,996.8,959.3,0.041697070780777654,0,0,0
22,1998,34.7,1004.7,996.8,0.034811396468699844,0,0,0
22,1999,16.6,1035.8,1004.7,0.016522344978600577,0,0,0
22,2000,37.1,1098.7,1035.8,0.03581772542961962,0,0,0
22,2001,231.4,646.8,1098.7,0.21061254209520341,1,1,1
22,2002,18.6,1086.9,646.8,0.028756957328385905,0,0,0
22,2003,33.3,1015.6,1086.9,0.030637593154844045,0,0,0
22,2004,61.9,1040.9,1015.6,0.06094919259551004,1,0,0
22,2005,98.2,1133.1,1040.9,0.09434143529637813,1,0,0
22,2006,24.5,1288.2,1133.1,0.021622098667372695,0,0,0
22,2007,29.4,1450.6,1288.2,0.022822543083372147,0,0,0
22,2008,387.9,1492.5,1450.6,0.26740659037639597,1,1,1
22,2009,22.7,1429.1,1492.5,0.015209380234505862,0,0,0
22,2010,60.9,1516.1,1429.1,0.042614232733888466,0,0,0
22,2011,54.7,1622.7,1516.1,0.03607941428665656,0,0,0
22,2012,20.9,1580,1622.7,0.012879768287422197,0,0,0
22,2013,26,1523.1,1580,0.016455696202531647,0,0,0
22,2014,10.8,1634.2,1523.1,0.0070908016545203865,0,0,0
22,2015,15.1,1709.2,1634.2,0.009239995104638354,0,0,0
22,2016,185.6,1542.5,1709.2,0.10858881347999064,1,1,0
22,2017,12.9,1789.7,1542.5,0.008363047001620745,0,0,0
22,2018,76,1979.8,1789.7,0.042465217634240375,0,0,0
22,2019,46.6,2081.4,1979.8,0.023537731083947876,0,0,0
22,2020,49.2,2280.6,2081.4,0.02363793600461228,0,0,0
22,2021,43.4,2491.4,2280.6,0.019030079803560467,0,0,0
22,2022,15.8,2818.2,2491.4,0.006341815846512002,0,0,0
22,2023,578.4,3070.3,2818.2,0.20523738556525442,1,1,1
22,2024,1825,3030.4,3070.3,0.5944044555906589,1,1,1
23,1991,128.9,1363.3,NA,NA,NA,NA,NA
23,1992,60.8,1308.1,1363.3,0.04459766742463141,0,0,0
23,1993,88.2,1242,1308.1,0.0674260377646969,1,0,0
23,1994,59.7,1242,1242,0.04806763285024155,0,0,0
23,1995,50.9,1262.5,1242,0.040982286634460546,0,0,0
23,1996,31.5,1297.3,1262.5,0.024950495049504952,0,0,0
23,1997,21.9,1423.3,1297.3,0.016881214830802436,0,0,0
23,1998,15.1,1498.7,1423.3,0.01060914775521675,0,0,0
23,1999,36.1,1380.4,1498.7,0.024087542536865285,0,0,0
23,2000,39.2,1352.7,1380.4,0.028397565922920892,0,0,0
23,2001,194,1183.4,1352.7,0.14341686996377614,1,1,1
23,2002,41.5,1104,1183.4,0.03506844684806489,0,0,0
23,2003,74.2,1100.9,1104,0.06721014492753623,1,0,0
23,2004,20.4,1150.5,1100.9,0.018530293396312104,0,0,0
23,2005,24,1254,1150.5,0.020860495436766623,0,0,0
23,2006,42.3,1388.7,1254,0.03373205741626794,0,0,0
23,2007,28.2,1462.3,1388.7,0.020306761719593863,0,0,0
23,2008,250.8,1471.4,1462.3,0.17151063393284552,1,1,1
23,2009,113.7,1356.7,1471.4,0.07727334511349734,1,0,0
23,2010,250.7,1378.5,1356.7,0.18478661457949436,1,1,1
23,2011,36,1451.8,1378.5,0.026115342763873776,0,0,0
23,2012,38,1505.3,1451.8,0.02617440418790467,0,0,0
23,2013,38.5,1689.7,1505.3,0.025576297083637813,0,0,0
23,2014,32.3,1894.6,1689.7,0.01911581937622063,0,0,0
23,2015,42.9,2183.2,1894.6,0.02264330201625673,0,0,0
23,2016,48,2137,2183.2,0.021986075485525836,0,0,0
23,2017,70.9,2251.1,2137,0.03317735142723444,0,0,0
23,2018,189.2,2180.7,2251.1,0.08404779885389366,1,0,0
23,2019,200.2,2379.1,2180.7,0.09180538359242445,1,0,0
23,2020,297.7,2610.4,2379.1,0.12513135219200539,1,1,0
23,2021,232.4,2875.3,2610.4,0.08902850137909898,1,0,0
23,2022,204.7,3268.8,2875.3,0.0711925712099607,1,0,0
23,2023,858.3,3551.2,3268.8,0.26257342143906015,1,1,1
23,2024,1506.2,3903.6,3551.2,0.42413831944131564,1,1,1
41,1991,117.7,1426,NA,NA,NA,NA,NA
41,1992,59.5,1375.1,1426,0.04172510518934081,0,0,0
41,1993,89.8,1362.1,1375.1,0.06530434150243619,1,0,0
41,1994,82.8,1390.1,1362.1,0.06078848836355628,1,0,0
41,1995,44.9,1408.6,1390.1,0.032299834544277393,0,0,0
41,1996,33,1457.2,1408.6,0.023427516683231578,0,0,0
41,1997,30.2,1589.3,1457.2,0.020724677463628875,0,0,0
41,1998,21.7,1711.4,1589.3,0.013653809853394577,0,0,0
41,1999,119.9,1653.5,1711.4,0.07005960032721749,1,0,0
41,2000,205,1687.9,1653.5,0.12397943755669791,1,1,0
41,2001,440.2,1620.4,1687.9,0.260797440606671,1,1,1
41,2002,44.4,1629.9,1620.4,0.027400641816835346,0,0,0
41,2003,209.6,1766.4,1629.9,0.12859684643229644,1,1,0
41,2004,34.3,1867.9,1766.4,0.019418025362318837,0,0,0
41,2005,16.5,2048.4,1867.9,0.00883344932812249,0,0,0
41,2006,14.9,2238.6,2048.4,0.0072739699277484865,0,0,0
41,2007,13.4,2218.1,2238.6,0.0059858840346645225,0,0,0
41,2008,93.5,2022.1,2218.1,0.04215319417519499,0,0,0
41,2009,29.7,1668,2022.1,0.014687700904999754,0,0,0
41,2010,560.9,1598,1668,0.33627098321342924,1,1,1
41,2011,22.7,1475.6,1598,0.014205256570713391,0,0,0
41,2012,22,1551.4,1475.6,0.014909189482244511,0,0,0
41,2013,42.1,1780.2,1551.4,0.027136779682867086,0,0,0
41,2014,21.3,2173.2,1780.2,0.0119649477586788,0,0,0
41,2015,61.3,2626.5,2173.2,0.028207251978648998,0,0,0
41,2016,121.6,3003,2626.5,0.04629735389301352,0,0,0
41,2017,72.4,3464.2,3003,0.02410922410922411,0,0,0
41,2018,221.6,2710.7,3464.2,0.0639685930373535,1,0,0
41,2019,68.1,2962,2710.7,0.02512266204301472,0,0,0
41,2020,115.6,3244.7,2962,0.03902768399729912,0,0,0
41,2021,200.4,3573,3244.7,0.06176225845224521,1,0,0
41,2022,41.8,4181.5,3573,0.011698852504897845,0,0,0
41,2023,198.3,4458.6,4181.5,0.0474231735023317,0,0,0
41,2024,843.1,4705.9,4458.6,0.18909523168707665,1,1,1
42,1991,13.7,2001.6,NA,NA,NA,NA,NA
42,1992,8.4,2148.1,2001.6,0.00419664268585132,0,0,0
42,1993,5,2404.2,2148.1,0.002327638378101578,0,0,0
42,1994,15.2,2551.5,2404.2,0.006322269361949922,0,0,0
42,1995,5.2,2706.8,2551.5,0.002038016852831668,0,0,0
42,1996,1.8,2909.7,2706.8,6.649918723215604e-4,0,0,0
42,1997,7.3,2294.8,2909.7,0.0025088497095920544,0,0,0
42,1998,0.9,1452.2,2294.8,3.921910406135611e-4,0,0,0
42,1999,3.6,93.8,1452.2,0.00247899738328054,0,0,0
42,2000,12.9,100,93.8,0.13752665245202558,1,1,1
42,2001,49.2,105.3,100,0.49200000000000005,1,1,1
42,2002,0.6,97.8,105.3,0.005698005698005698,0,0,0
42,2003,0.1,103.1,97.8,0.0010224948875255625,0,0,0
42,2004,0.2,110.7,103.1,0.0019398642095053349,0,0,0
42,2005,0.3,117.8,110.7,0.0027100271002710027,0,0,0
42,2006,1,135.7,117.8,0.008488964346349746,0,0,0
42,2007,0,136.5,135.7,0,0,0,0
42,2008,6.8,112.5,136.5,0.04981684981684981,0,0,0
42,2009,7.4,65,112.5,0.06577777777777778,1,0,0
42,2010,15.3,80,65,0.2353846153846154,1,1,1
42,2011,0.3,107,80,0.00375,0,0,0
42,2012,0.9,129.4,107,0.008411214953271028,0,0,0
42,2013,1.8,155.9,129.4,0.013910355486862442,0,0,0
42,2014,1.6,170.3,155.9,0.010262989095574087,0,0,0
42,2015,2,188.7,170.3,0.011743981209630064,0,0,0
42,2016,14.7,170.9,188.7,0.07790143084260731,1,0,0
42,2017,2.9,168.7,170.9,0.016968987712112346,0,0,0
42,2018,39.5,153.2,168.7,0.2341434499110848,1,1,1
42,2019,5.7,189.7,153.2,0.037206266318537864,0,0,0
42,2020,14.7,226.1,189.7,0.07749077490774908,1,0,0
42,2021,39.7,272.8,226.1,0.17558602388323752,1,1,1
42,2022,2.5,339.4,272.8,0.009164222873900292,0,0,0
42,2023,4.9,379.5,339.4,0.014437242192103714,0,0,0
42,2024,144.7,397.9,379.5,0.38129117259552037,1,1,1
43,1991,25.7,425.6,NA,NA,NA,NA,NA
43,1992,25,425.2,425.6,0.0587406015037594,1,0,0
43,1993,46.7,410.2,425.2,0.10983066792097837,1,1,0
43,1994,19.7,414.6,410.2,0.04802535348610434,0,0,0
43,1995,26,429.4,414.6,0.06271104679208876,1,0,0
43,1996,21.9,448.6,429.4,0.05100139729855612,1,0,0
43,1997,20,477.7,448.6,0.04458314757021845,0,0,0
43,1998,10.3,512.5,477.7,0.021561649570860375,0,0,0
43,1999,13.6,500,512.5,0.026536585365853658,0,0,0
43,2000,16.2,481.9,500,0.0324,0,0,0
43,2001,55.4,456.6,481.9,0.11496161029259183,1,1,0
43,2002,9.6,496.4,456.6,0.021024967148488827,0,0,0
43,2003,73.6,504.7,496.4,0.1482675261885576,1,1,1
43,2004,6.8,506.6,504.7,0.013473350505250644,0,0,0
43,2005,3.9,522.5,506.6,0.007698381365969206,0,0,0
43,2006,2.5,569.4,522.5,0.004784688995215311,0,0,0
43,2007,1.5,622.6,569.4,0.0026343519494204425,0,0,0
43,2008,1.3,654.5,622.6,0.0020880179890780596,0,0,0
43,2009,10.9,645.4,654.5,0.016653934300993125,0,0,0
43,2010,102.7,683.4,645.4,0.1591261233343663,1,1,1
43,2011,7.3,587,683.4,0.010681884694176177,0,0,0
43,2012,9.3,577.4,587,0.015843270868824533,0,0,0
43,2013,6.5,627.5,577.4,0.011257360581918948,0,0,0
43,2014,3,774.4,627.5,0.004780876494023904,0,0,0
43,2015,8.2,1030.2,774.4,0.010588842975206611,0,0,0
43,2016,3.3,1442.1,1030.2,0.00320326150262085,0,0,0
43,2017,69.6,1510.5,1442.1,0.048262949864780524,0,0,0
43,2018,14.6,1265.6,1510.5,0.009665673618007282,0,0,0
43,2019,6.7,1260.9,1265.6,0.0052939317319848295,0,0,0
43,2020,5.9,1305.6,1260.9,0.00467919739868348,0,0,0
43,2021,13.8,1314.2,1305.6,0.010569852941176471,0,0,0
43,2022,13.4,1471.7,1314.2,0.010196317151118552,0,0,0
43,2023,67.6,1458.7,1471.7,0.04593327444451994,0,0,0
43,2024,71.9,1599.8,1458.7,0.04929046411188044,0,0,0
44,1991,21.2,3593,NA,NA,NA,NA,NA
44,1992,22.9,3825.9,3593,0.0063735040356248255,0,0,0
44,1993,43.7,4093.1,3825.9,0.011422149036827936,0,0,0
44,1994,33.4,3741.1,4093.1,0.008160074271334685,0,0,0
44,1995,12.8,3170.5,3741.1,0.0034214535831707253,0,0,0
44,1996,11.9,3626.4,3170.5,0.0037533512064343165,0,0,0
44,1997,33,3661.1,3626.4,0.009099933818663137,0,0,0
44,1998,20.3,3385.4,3661.1,0.005544781623009479,0,0,0
44,1999,12.6,767.5,3385.4,0.0037218644768712704,0,0,0
44,2000,75.3,804.5,767.5,0.09811074918566774,1,0,0
44,2001,203,842.1,804.5,0.25233064014916096,1,1,1
44,2002,37.9,860.5,842.1,0.045006531290820564,0,0,0
44,2003,12.5,928.2,860.5,0.01452643811737362,0,0,0
44,2004,5.5,918.7,928.2,0.00592544710191769,0,0,0
44,2005,31.4,908.9,918.7,0.034178730815282464,0,0,0
44,2006,131.7,859.7,908.9,0.14490042909010892,1,1,1
44,2007,6.5,903.1,859.7,0.007560777015237873,0,0,0
44,2008,14.6,907.5,903.1,0.016166537482006423,0,0,0
44,2009,4,875.3,907.5,0.004407713498622589,0,0,0
44,2010,51.3,869.5,875.3,0.058608477093567916,1,0,0
44,2011,5.3,920.9,869.5,0.006095457159286946,0,0,0
44,2012,12.2,884,920.9,0.013247909653599739,0,0,0
44,2013,9.2,888,884,0.010407239819004524,0,0,0
44,2014,7.3,896.6,888,0.00822072072072072,0,0,0
44,2015,14.4,891.3,896.6,0.016060673656033905,0,0,0
44,2016,118,877.9,891.3,0.13239088971165713,1,1,0
44,2017,5.6,892.2,877.9,0.006378858639936211,0,0,0
44,2018,18.9,962.4,892.2,0.021183591123066576,0,0,0
44,2019,8.7,943.5,962.4,0.009039900249376558,0,0,0
44,2020,11,890.9,943.5,0.011658717541070483,0,0,0
44,2021,37.4,870.9,890.9,0.0419800202042878,0,0,0
44,2022,5.6,810.4,870.9,0.006430129750832472,0,0,0
44,2023,158.7,824.3,810.4,0.19582922013820334,1,1,1
44,2024,682.7,886.2,824.3,0.8282178818391364,1,1,1
45,1991,4.1,61.7,NA,NA,NA,NA,NA
45,1992,6.7,61.9,61.7,0.1085899513776337,1,1,0
45,1993,12.4,61.9,61.9,0.20032310177705978,1,1,1
45,1994,3.1,59.2,61.9,0.050080775444264945,1,0,0
45,1995,12.2,68.1,59.2,0.20608108108108106,1,1,1
45,1996,7.4,80.3,68.1,0.10866372980910427,1,1,0
45,1997,6.2,109.3,80.3,0.07721046077210461,1,0,0
45,1998,2.4,137.3,109.3,0.021957913998170174,0,0,0
45,1999,4,145.5,137.3,0.0291332847778587,0,0,0
45,2000,5,130.4,145.5,0.03436426116838488,0,0,0
45,2001,17.4,139.5,130.4,0.13343558282208587,1,1,1
45,2002,1.7,138.6,139.5,0.012186379928315411,0,0,0
45,2003,13,137.1,138.6,0.09379509379509379,1,0,0
45,2004,0.7,136.8,137.1,0.005105762217359591,0,0,0
45,2005,0.5,168.2,136.8,0.003654970760233918,0,0,0
45,2006,0.3,179.4,168.2,0.0017835909631391202,0,0,0
45,2007,0.3,194.5,179.4,0.0016722408026755853,0,0,0
45,2008,0.2,179.7,194.5,0.0010282776349614397,0,0,0
45,2009,1.9,166,179.7,0.010573177518085699,0,0,0
45,2010,46.1,122.2,166,0.277710843373494,1,1,1
45,2011,2.3,125.1,122.2,0.018821603927986905,0,0,0
45,2012,2.1,142.9,125.1,0.01678657074340528,0,0,0
45,2013,3.4,180.2,142.9,0.02379286214135759,0,0,0
45,2014,1.6,230.4,180.2,0.008879023307436184,0,0,0
45,2015,3.7,345.3,230.4,0.01605902777777778,0,0,0
45,2016,1.6,361.5,345.3,0.004633651896901245,0,0,0
45,2017,19.1,249.8,361.5,0.05283540802213002,1,0,0
45,2018,3.7,256.8,249.8,0.014811849479583666,0,0,0
45,2019,0.9,268.4,256.8,0.0035046728971962616,0,0,0
45,2020,2.3,279.1,268.4,0.00856929955290611,0,0,0
45,2021,3,324.2,279.1,0.010748835542816195,0,0,0
45,2022,2.9,288.4,324.2,0.008945095619987662,0,0,0
45,2023,28.5,324.2,288.4,0.09882108183079058,1,0,0
45,2024,6.4,310.9,324.2,0.01974090067859346,0,0,0
46,1991,19.4,423.6,NA,NA,NA,NA,NA
46,1992,34.2,411.8,423.6,0.08073654390934844,1,0,0
46,1993,49.4,444.9,411.8,0.11996114618746964,1,1,0
46,1994,13,468.7,444.9,0.029220049449314455,0,0,0
46,1995,12.6,443.3,468.7,0.026882867505867294,0,0,0
46,1996,17.4,442.8,443.3,0.039251071509136023,0,0,0
46,1997,14.4,427.2,442.8,0.03252032520325203,0,0,0
46,1998,32.1,412.8,427.2,0.07514044943820225,1,0,0
46,1999,55.3,917.5,412.8,0.13396317829457363,1,1,1
46,2000,140,868.3,917.5,0.15258855585831063,1,1,1
46,2001,189.8,867,868.3,0.21858804560635728,1,1,1
46,2002,227.1,764.5,867,0.2619377162629758,1,1,1
46,2003,92.5,863.8,764.5,0.1209941137998692,1,1,0
46,2004,10.6,963.2,863.8,0.012271359110905303,0,0,0
46,2005,29.4,991.9,963.2,0.030523255813953487,0,0,0
46,2006,40.7,1029.2,991.9,0.04103236213327957,0,0,0
46,2007,10,1066.1,1029.2,0.00971628449280995,0,0,0
46,2008,8.4,1052,1066.1,0.00787918581746553,0,0,0
46,2009,30.8,962.9,1052,0.029277566539923954,0,0,0
46,2010,618.8,998.8,962.9,0.6426420189012358,1,1,1
46,2011,9.4,1012.9,998.8,0.009411293552262716,0,0,0
46,2012,8.8,894.1,1012.9,0.008687925757725343,0,0,0
46,2013,9.8,936.9,894.1,0.01096074264623644,0,0,0
46,2014,11.1,855.7,936.9,0.011847582452769772,0,0,0
46,2015,17.3,839.8,855.7,0.02021736589926376,0,0,0
46,2016,10.1,871.3,839.8,0.012026673017385092,0,0,0
46,2017,11.3,895.7,871.3,0.012969126592448067,0,0,0
46,2018,62,953.1,895.7,0.06921960477838561,1,0,0
46,2019,8.1,910.9,953.1,0.008498583569405098,0,0,0
46,2020,21,927.9,910.9,0.023054122296629707,0,0,0
46,2021,129.7,900,927.9,0.1397779933182455,1,1,1
46,2022,10.7,908.3,900,0.011888888888888888,0,0,0
46,2023,169.6,1044.5,908.3,0.1867224485302213,1,1,1
46,2024,81.8,1203.5,1044.5,0.07831498324557204,1,0,0
48,1991,34.7,2654.4,NA,NA,NA,NA,NA
48,1992,55.1,2598.4,2654.4,0.020757986738999396,0,0,0
48,1993,95.8,3000.3,2598.4,0.036868842364532015,0,0,0
48,1994,77.7,2880.8,3000.3,0.025897410258974102,0,0,0
48,1995,20.4,2513.8,2880.8,0.0070813662871424595,0,0,0
48,1996,17.9,2637.3,2513.8,0.00712069377038746,0,0,0
48,1997,14.1,2042,2637.3,0.00534637697645319,0,0,0
48,1998,11.7,1970.1,2042,0.005729676787463271,0,0,0
48,1999,55.2,1339.3,1970.1,0.028018882290239078,0,0,0
48,2000,734.6,1186.6,1339.3,0.548495482714851,1,1,1
48,2001,69.2,1322.3,1186.6,0.058317883027136364,1,0,0
48,2002,23.6,1362.9,1322.3,0.01784768963170234,0,0,0
48,2003,36.2,1461.9,1362.9,0.02656100961185707,0,0,0
48,2004,3.9,1436,1461.9,0.002667761132772419,0,0,0
48,2005,26.3,1473.4,1436,0.01831476323119777,0,0,0
48,2006,49.7,1365.4,1473.4,0.033731505361748335,0,0,0
48,2007,6,1475.9,1365.4,0.004394316683755676,0,0,0
48,2008,57.2,1464.6,1475.9,0.038756013280032524,0,0,0
48,2009,35,1351.9,1464.6,0.023897309845691658,0,0,0
48,2010,878.2,1288.4,1351.9,0.6496042606701679,1,1,1
48,2011,4.3,1394.3,1288.4,0.0033374728345234397,0,0,0
48,2012,3.5,1408.4,1394.3,0.0025102201821702646,0,0,0
48,2013,4.3,1315.1,1408.4,0.00305310991195683,0,0,0
48,2014,1.8,1302,1315.1,0.0013687172078168963,0,0,0
48,2015,3.8,1335.6,1302,0.0029185867895545315,0,0,0
48,2016,69.7,1233.9,1335.6,0.0521862833183588,1,0,0
48,2017,3.4,1226.4,1233.9,0.0027554907204797793,0,0,0
48,2018,75.4,1406.8,1226.4,0.06148075668623614,1,0,0
48,2019,14.2,1505.5,1406.8,0.010093829968723343,0,0,0
48,2020,33.1,1571.7,1505.5,0.021986051145798737,0,0,0
48,2021,491.1,1591.1,1571.7,0.312464210727238,1,1,1
48,2022,4.6,1483.8,1591.1,0.0028910816416315758,0,0,0
48,2023,48.3,1521.9,1483.8,0.032551556813586735,0,0,0
48,2024,437.6,1714.4,1521.9,0.2875353176949865,1,1,1
61,1991,1.2,73,NA,NA,NA,NA,NA
61,1992,1.7,92.1,73,0.02328767123287671,0,0,0
61,1993,5.8,105.7,92.1,0.06297502714440825,1,0,0
61,1994,5.7,110.9,105.7,0.05392620624408704,1,0,0
61,1995,5.6,127.3,110.9,0.05049594229035166,1,0,0
61,1996,7.3,123.1,127.3,0.05734485467399843,1,0,0
61,1997,3.9,120.3,123.1,0.03168155970755483,0,0,0
61,1998,1.9,132.3,120.3,0.015793848711554447,0,0,0
61,1999,1.8,163.9,132.3,0.013605442176870748,0,0,0
61,2000,3.5,168.5,163.9,0.02135448444173276,0,0,0
61,2001,16.5,168.9,168.5,0.09792284866468842,1,0,0
61,2002,4.6,159.7,168.9,0.02723505032563647,0,0,0
61,2003,22.5,107.9,159.7,0.1408891671884784,1,1,1
61,2004,2.1,115.2,107.9,0.019462465245597776,0,0,0
61,2005,1.2,137.3,115.2,0.010416666666666666,0,0,0
61,2006,0.8,174.4,137.3,0.00582665695557174,0,0,0
61,2007,0.4,210,174.4,0.0022935779816513763,0,0,0
61,2008,0.4,268.9,210,0.0019047619047619048,0,0,0
61,2009,2.4,256.2,268.9,0.008925251022685014,0,0,0
61,2010,30,169.2,256.2,0.117096018735363,1,1,0
61,2011,0.9,168.3,169.2,0.0053191489361702135,0,0,0
61,2012,1.8,184.5,168.3,0.0106951871657754,0,0,0
61,2013,2.1,179,184.5,0.011382113821138212,0,0,0
61,2014,0.6,123.2,179,0.0033519553072625698,0,0,0
61,2015,0.8,119.8,123.2,0.006493506493506494,0,0,0
61,2016,0.5,134.2,119.8,0.004173622704507512,0,0,0
61,2017,5.4,122.3,134.2,0.04023845007451565,0,0,0
61,2018,6.4,114.4,122.3,0.05233033524121014,1,0,0
61,2019,0.5,126.9,114.4,0.00437062937062937,0,0,0
61,2020,1.2,137,126.9,0.009456264775413711,0,0,0
61,2021,0.6,154.6,137,0.00437956204379562,0,0,0
61,2022,0.8,169.9,154.6,0.00517464424320828,0,0,0
61,2023,3.2,175.3,169.9,0.01883460859329017,0,0,0
61,2024,8.5,175.8,175.3,0.04848830576155162,0,0,0
62,1991,57.7,2022.3,NA,NA,NA,NA,NA
62,1992,50.1,2046,2022.3,0.02477377243732384,0,0,0
62,1993,140.2,2106,2046,0.06852394916911045,1,0,0
62,1994,26.1,2346.2,2106,0.012393162393162394,0,0,0
62,1995,25.2,2595,2346.2,0.010740772312675817,0,0,0
62,1996,70.7,2550.1,2595,0.027244701348747593,0,0,0
62,1997,26.7,2718.2,2550.1,0.010470177640092546,0,0,0
62,1998,19.9,2921.5,2718.2,0.007321021264071812,0,0,0
62,1999,43.7,2956.6,2921.5,0.014958069484853672,0,0,0
62,2000,632.8,2159,2956.6,0.2140296286274775,1,1,1
62,2001,302.9,1869.1,2159,0.14029643353404353,1,1,1
62,2002,222.8,1665.4,1869.1,0.11920175485527795,1,1,0
62,2003,44.7,1918.8,1665.4,0.02684039870301429,0,0,0
62,2004,8.4,2155.5,1918.8,0.004377736085053158,0,0,0
62,2005,38.7,2301.2,2155.5,0.017954070981210858,0,0,0
62,2006,19.2,2623.3,2301.2,0.008343472970624023,0,0,0
62,2007,12,3190.2,2623.3,0.004574391034193573,0,0,0
62,2008,139.6,3449.8,3190.2,0.0437590119741709,0,0,0
62,2009,111.3,3620.2,3449.8,0.03226273986897791,0,0,0
62,2010,1664.3,2010.6,3620.2,0.4597259819899453,1,1,1
62,2011,22,2425.7,2010.6,0.01094200736098677,0,0,0
62,2012,8.1,2970.7,2425.7,0.003339242280578802,0,0,0
62,2013,19.7,3486,2970.7,0.006631433668832262,0,0,0
62,2014,8.9,4111.5,3486,0.0025530694205393003,0,0,0
62,2015,64.6,4511,4111.5,0.01571202724066642,0,0,0
62,2016,37.8,5208.6,4511,0.00837951673686544,0,0,0
62,2017,29.3,5743.5,5208.6,0.005625311984026418,0,0,0
62,2018,352.3,5461.3,5743.5,0.061338904848959694,1,0,0
62,2019,103.6,5625.5,5461.3,0.018969842345229155,0,0,0
62,2020,210.4,4479.1,5625.5,0.03740111990045329,0,0,0
62,2021,328.7,4022.7,4479.1,0.07338527829251411,1,0,0
62,2022,11.7,4590.4,4022.7,0.0029084942948765756,0,0,0
62,2023,178.7,4734.7,4590.4,0.03892906936214709,0,0,0
62,2024,115.2,5137.9,4734.7,0.02433100302025472,0,0,0
63,1991,30.6,1021.2,NA,NA,NA,NA,NA
63,1992,28,1066.1,1021.2,0.027418723070896982,0,0,0
63,1993,77.9,1036.9,1066.1,0.07307006847387676,1,0,0
63,1994,15.7,1078.8,1036.9,0.015141286527148228,0,0,0
63,1995,17.5,1137.1,1078.8,0.01622172784575454,0,0,0
63,1996,17.5,1202.6,1137.1,0.01539002726233401,0,0,0
63,1997,13.6,1309.8,1202.6,0.011308830866456012,0,0,0
63,1998,8.2,1458.9,1309.8,0.006260497785921515,0,0,0
63,1999,11.9,1609.3,1458.9,0.00815683048872438,0,0,0
63,2000,115.7,1522.8,1609.3,0.07189461256446902,1,0,0
63,2001,193,1457.6,1522.8,0.12674021539269767,1,1,0
63,2002,43.9,1387.7,1457.6,0.03011800219538968,0,0,0
63,2003,299.5,1107.9,1387.7,0.21582474598256107,1,1,1
63,2004,15.7,1213.2,1107.9,0.01417095405722538,0,0,0
63,2005,9.4,1399.3,1213.2,0.007748104187273327,0,0,0
63,2006,6.3,1672.5,1399.3,0.004502251125562781,0,0,0
63,2007,8.8,2008.2,1672.5,0.005261584454409567,0,0,0
63,2008,9,2414.2,2008.2,0.0044816253361219,0,0,0
63,2009,27.3,2611.7,2414.2,0.011308093778477343,0,0,0
63,2010,223.8,2293.2,2611.7,0.08569131217214843,1,0,0
63,2011,75,2340.8,2293.2,0.032705389848246995,0,0,0
63,2012,26.2,2578.6,2340.8,0.011192754613807244,0,0,0
63,2013,37,2757.2,2578.6,0.014348871480648414,0,0,0
63,2014,16.3,3132.8,2757.2,0.0059117945742057166,0,0,0
63,2015,72.5,3223.8,3132.8,0.02314223697650664,0,0,0
63,2016,58.2,3485.6,3223.8,0.01805322910850549,0,0,0
63,2017,85.4,3361.6,3485.6,0.024500803305026398,0,0,0
63,2018,115.9,3305.5,3361.6,0.034477629700142794,0,0,0
63,2019,26.2,3641.7,3305.5,0.007926183633338375,0,0,0
63,2020,172,3396,3641.7,0.04723068896394541,0,0,0
63,2021,29.6,3622.3,3396,0.008716136631330978,0,0,0
63,2022,33.7,3892.8,3622.3,0.009303481213593574,0,0,0
63,2023,263.8,3622.9,3892.8,0.06776613234689684,1,0,0
63,2024,606.5,3038.7,3622.9,0.1674073256231196,1,1,1
64,1991,16.1,1674.5,NA,NA,NA,NA,NA
64,1992,23.7,1761.9,1674.5,0.014153478650343386,0,0,0
64,1993,209.8,1713.5,1761.9,0.11907599750269596,1,1,0
64,1994,17.4,1995.2,1713.5,0.010154654216515901,0,0,0
64,1995,31.2,2227.2,1995.2,0.015637530072173216,0,0,0
64,1996,65.6,2233.1,2227.2,0.029454022988505746,0,0,0
64,1997,35.2,2428,2233.1,0.01576284089382473,0,0,0
64,1998,36.9,2511.3,2428,0.015197693574958813,0,0,0
64,1999,75.1,2475.1,2511.3,0.02990483016764225,0,0,0
64,2000,214.9,2375.7,2475.1,0.0868247747565755,1,0,0
64,2001,459.3,1581.7,2375.7,0.19333249147619652,1,1,1
64,2002,683.3,862.2,1581.7,0.4320035404944047,1,1,1
64,2003,18.2,1099.2,862.2,0.021108791463697516,0,0,0
64,2004,7.5,1323.7,1099.2,0.006823144104803493,0,0,0
64,2005,9.5,1553.5,1323.7,0.007176852761199668,0,0,0
64,2006,19,1878.4,1553.5,0.012230447376890892,0,0,0
64,2007,22.7,2284.7,1878.4,0.012084752981260646,0,0,0
64,2008,67.2,2643.5,2284.7,0.029413052041843572,0,0,0
64,2009,191.3,2684.7,2643.5,0.07236618119916778,1,0,0
64,2010,634.5,1963,2684.7,0.23633925578276904,1,1,1
64,2011,41.3,2237.8,1963,0.021039225674987262,0,0,0
64,2012,18.1,2640.8,2237.8,0.008088301009920458,0,0,0
64,2013,59.4,2987.1,2640.8,0.02249318388367161,0,0,0
64,2014,45.7,3465.9,2987.1,0.015299119547387099,0,0,0
64,2015,63.2,3771.9,3465.9,0.018234801927349317,0,0,0
64,2016,120.5,4236.3,3771.9,0.0319467642302288,0,0,0
64,2017,22.4,4587.7,4236.3,0.005287633076033331,0,0,0
64,2018,338.4,4249.5,4587.7,0.07376245177321969,1,0,0
64,2019,41,4644.9,4249.5,0.009648193905165314,0,0,0
64,2020,123.8,3839.9,4644.9,0.026652888113845294,0,0,0
64,2021,812.6,3127.1,3839.9,0.21162009427328837,1,1,1
64,2022,10.1,3719.6,3127.1,0.0032298295545393494,0,0,0
64,2023,42.7,4072.2,3719.6,0.011479729003118616,0,0,0
64,2024,310.7,4027.1,4072.2,0.07629782427189234,1,0,0
65,1991,30,1504,NA,NA,NA,NA,NA
65,1992,46.9,1495.9,1504,0.03118351063829787,0,0,0
65,1993,85.4,1494.7,1495.9,0.05708937763219467,1,0,0
65,1994,23.6,1626.3,1494.7,0.01578912156285542,0,0,0
65,1995,88.8,1626.4,1626.3,0.05460247186865892,1,0,0
65,1996,25.5,1725.1,1626.4,0.01567879980324643,0,0,0
65,1997,12.4,1924.2,1725.1,0.0071879891020810395,0,0,0
65,1998,16.8,2119.3,1924.2,0.008730901153726224,0,0,0
65,1999,15.3,2335.5,2119.3,0.0072193648846317175,0,0,0
65,2000,144.8,2216.1,2335.5,0.06199957182616143,1,0,0
65,2001,538.1,1836.1,2216.1,0.2428139524389694,1,1,1
65,2002,70.2,1748.8,1836.1,0.038233211698709225,0,0,0
65,2003,116.2,1837.5,1748.8,0.06644556267154621,1,0,0
65,2004,26.7,1948.2,1837.5,0.01453061224489796,0,0,0
65,2005,19.1,2194.9,1948.2,0.00980392156862745,0,0,0
65,2006,21.4,2530.6,2194.9,0.009749874709553965,0,0,0
65,2007,17.3,2912.6,2530.6,0.0068363234015648465,0,0,0
65,2008,41.6,3379.2,2912.6,0.01428277140699032,0,0,0
65,2009,56.7,3619.1,3379.2,0.01677911931818182,0,0,0
65,2010,1084.2,2679.2,3619.1,0.29957724296095717,1,1,1
65,2011,88.3,2984.3,2679.2,0.03295759928336817,0,0,0
65,2012,59.7,3403.2,2984.3,0.020004691217370908,0,0,0
65,2013,196.2,3772.3,3403.2,0.057651622002820875,1,0,0
65,2014,94.1,4293.2,3772.3,0.02494499377037881,0,0,0
65,2015,100.3,4457.1,4293.2,0.023362526786546167,0,0,0
65,2016,147.4,5009.6,4457.1,0.0330708308092706,0,0,0
65,2017,129.5,5291.7,5009.6,0.025850367294793994,0,0,0
65,2018,319.4,5482,5291.7,0.060358674905984844,1,0,0
65,2019,63.8,6167,5482,0.01163808828894564,0,0,0
65,2020,416.7,5399.9,6167,0.0675693205772661,1,0,0
65,2021,171.9,5562.2,5399.9,0.031833922850423156,0,0,0
65,2022,73.3,5886.1,5562.2,0.013178238826363669,0,0,0
65,2023,682.3,4847.4,5886.1,0.11591716076859039,1,1,0
65,2024,993.3,4082.3,4847.4,0.20491397450179477,1,1,1
67,1991,98.4,1777.9,NA,NA,NA,NA,NA
67,1992,81.7,1758.5,1777.9,0.045953090725012656,0,0,0
67,1993,98.5,1725.8,1758.5,0.056013647995450666,1,0,0
67,1994,25.5,1718.3,1725.8,0.014775756171051107,0,0,0
67,1995,41.5,1740.1,1718.3,0.024151777920037247,0,0,0
67,1996,26.7,1802.9,1740.1,0.01534394575024424,0,0,0
67,1997,22.5,1871.9,1802.9,0.012479893504908758,0,0,0
67,1998,41.6,1788.2,1871.9,0.022223409370158664,0,0,0
67,1999,36.7,1747.5,1788.2,0.02052343138351415,0,0,0
67,2000,144.9,1679.6,1747.5,0.08291845493562232,1,0,0
67,2001,582.6,1788,1679.6,0.34686830197666113,1,1,1
67,2002,27.8,1857.4,1788,0.015548098434004474,0,0,0
67,2003,74.5,1976.9,1857.4,0.04010983094648433,0,0,0
67,2004,21.7,2152.3,1976.9,0.010976781830138093,0,0,0
67,2005,45,2295.9,2152.3,0.020907866003809877,0,0,0
67,2006,20.9,2418.2,2295.9,0.009103183936582602,0,0,0
67,2007,25.2,2269.6,2418.2,0.010420974278388884,0,0,0
67,2008,33,1770,2269.6,0.014540007049700389,0,0,0
67,2009,142.5,1900.8,1770,0.08050847457627118,1,0,0
67,2010,698.7,2060.4,1900.8,0.3675820707070707,1,1,1
67,2011,67,2295.2,2060.4,0.032517957678120754,0,0,0
67,2012,44.5,2504.3,2295.2,0.019388288602300456,0,0,0
67,2013,117.4,2973.5,2504.3,0.04687936748792078,0,0,0
67,2014,27,3425.3,2973.5,0.009080208508491677,0,0,0
67,2015,54.8,3815.7,3425.3,0.01599859866289084,0,0,0
67,2016,42.6,3924.5,3815.7,0.011164399716958881,0,0,0
67,2017,200.3,3101.3,3924.5,0.051038348834246405,1,0,0
67,2018,73.9,3315.5,3101.3,0.0238287169896495,0,0,0
67,2019,93.8,3601.7,3315.5,0.028291358769416377,0,0,0
67,2020,376.5,3609.2,3601.7,0.10453397006968931,1,1,0
67,2021,67.6,4157.2,3609.2,0.018729912445971407,0,0,0
67,2022,66.7,4398.1,4157.2,0.016044452997209663,0,0,0
67,2023,283.2,5089.4,4398.1,0.06439144175894135,1,0,0
67,2024,466.3,5297.8,5089.4,0.09162180217707393,1,0,0
81,1991,59.9,2079.9,NA,NA,NA,NA,NA
81,1992,91.2,2085,2079.9,0.043848261935669985,0,0,0
81,1993,239.8,2003.8,2085,0.11501199040767386,1,1,0
81,1994,16.7,2246.8,2003.8,0.008334165086335962,0,0,0
81,1995,31.4,2401.4,2246.8,0.013975431725120169,0,0,0
81,1996,22.5,2474.5,2401.4,0.009369534438244356,0,0,0
81,1997,46.1,2556.5,2474.5,0.018630026267932916,0,0,0
81,1998,56.7,2603.6,2556.5,0.02217876002346959,0,0,0
81,1999,102.8,2432,2603.6,0.03948379167306806,0,0,0
81,2000,435,1941.3,2432,0.17886513157894737,1,1,1
81,2001,584.9,1486.7,1941.3,0.30129294802451967,1,1,1
81,2002,90.5,1443.2,1486.7,0.06087307459474003,1,0,0
81,2003,69.1,1628.6,1443.2,0.047879711751662966,0,0,0
81,2004,9.5,1901.8,1628.6,0.00583323099594744,0,0,0
81,2005,72.5,2102.2,1901.8,0.038121779366915555,0,0,0
81,2006,12.1,2550.8,2102.2,0.005755874797830844,0,0,0
81,2007,13.8,3000,2550.8,0.005410067429825937,0,0,0
81,2008,65.9,3136,3000,0.02196666666666667,0,0,0
81,2009,210.9,2827.6,3136,0.06725127551020409,1,0,0
81,2010,1011,1717.7,2827.6,0.3575470363559202,1,1,1
81,2011,32.8,2006.1,1717.7,0.01909530185713454,0,0,0
81,2012,20.2,2280,2006.1,0.01006928866955785,0,0,0
81,2013,60.4,2539,2280,0.026491228070175437,0,0,0
81,2014,25.5,2895.9,2539,0.010043324143363529,0,0,0
81,2015,33.6,3133,2895.9,0.011602610587382161,0,0,0
81,2016,131.2,3406.2,3133,0.041876795403766355,0,0,0
81,2017,40.6,3597.3,3406.2,0.011919441019317715,0,0,0
81,2018,181,3555.4,3597.3,0.05031551441358797,1,0,0
81,2019,22.5,3849.9,3555.4,0.006328401867581706,0,0,0
81,2020,97.1,3607.8,3849.9,0.025221434322969426,0,0,0
81,2021,49,3755.2,3607.8,0.013581684128831975,0,0,0
81,2022,16.9,3721.1,3755.2,0.0045004260758415,0,0,0
81,2023,235.3,3067.6,3721.1,0.06323398994920858,1,0,0
81,2024,245.7,3008.2,3067.6,0.08009518842091537,1,0,0
82,1991,38.4,1696.6,NA,NA,NA,NA,NA
82,1992,24.2,1775.3,1696.6,0.014263821761169398,0,0,0
82,1993,145.4,1766.9,1775.3,0.08190165042528023,1,0,0
82,1994,25.1,1973.4,1766.9,0.014205670949119927,0,0,0
82,1995,33.5,2102.5,1973.4,0.01697577784534306,0,0,0
82,1996,39.3,2087.2,2102.5,0.018692033293697976,0,0,0
82,1997,72.7,2112.5,2087.2,0.034831353008815645,0,0,0
82,1998,113,2113.1,2112.5,0.05349112426035503,1,0,0
82,1999,61.5,2113.2,2113.1,0.02910415976527377,0,0,0
82,2000,81.3,2035.1,2113.2,0.03847245883021011,0,0,0
82,2001,147.6,1714.7,2035.1,0.07252714854306913,1,0,0
82,2002,687.2,1010.5,1714.7,0.400769813961626,1,1,1
82,2003,12.9,1261.2,1010.5,0.012765957446808512,0,0,0
82,2004,4.1,1539.6,1261.2,0.0032508721852204246,0,0,0
82,2005,11.6,1834.2,1539.6,0.00753442452585087,0,0,0
82,2006,6.2,2199.2,1834.2,0.0033802202595136846,0,0,0
82,2007,12,2486.6,2199.2,0.005456529647144417,0,0,0
82,2008,73.7,2505.9,2486.6,0.02963886431271616,0,0,0
82,2009,115.3,2171.8,2505.9,0.04601141306516621,0,0,0
82,2010,738.2,1315.5,2171.8,0.33990238511833504,1,1,1
82,2011,53.8,1613.3,1315.5,0.04089699733941467,0,0,0
82,2012,34.2,1911,1613.3,0.02119878509886568,0,0,0
82,2013,36.8,2223.2,1911,0.019256933542647826,0,0,0
82,2014,35.1,2578.1,2223.2,0.01578805325656711,0,0,0
82,2015,16.2,2922.6,2578.1,0.006283697296458632,0,0,0
82,2016,35.1,3497.5,2922.6,0.0120098542393759,0,0,0
82,2017,10.9,3801.7,3497.5,0.0031165117941386704,0,0,0
82,2018,151.2,3513.4,3801.7,0.03977168109003867,0,0,0
82,2019,57.7,3597.7,3513.4,0.016422838276313544,0,0,0
82,2020,30.5,3310.8,3597.7,0.008477638491258304,0,0,0
82,2021,278.1,2990.5,3310.8,0.08399782529902139,1,0,0
82,2022,15.4,3167.5,2990.5,0.005149640528339742,0,0,0
82,2023,157,3013.2,3167.5,0.04956590370955012,0,0,0
82,2024,131.6,3095.3,3013.2,0.04367449887163149,0,0,0
83,1991,82.3,1159.9,NA,NA,NA,NA,NA
83,1992,31.1,1033.5,1159.9,0.02681265626347099,0,0,0
83,1993,45.7,1005.4,1033.5,0.04421867440735366,0,0,0
83,1994,12.7,1156.6,1005.4,0.01263178834294808,0,0,0
83,1995,5.4,1354.2,1156.6,0.004668856994639461,0,0,0
83,1996,11.5,1405.8,1354.2,0.008492098656033082,0,0,0
83,1997,30.1,1519.4,1405.8,0.021411296059183384,0,0,0
83,1998,182.3,1346,1519.4,0.11998157167302882,1,1,0
83,1999,20.8,1362.4,1346,0.015453194650817237,0,0,0
83,2000,88.5,1310.4,1362.4,0.0649588960657663,1,0,0
83,2001,96,1297.8,1310.4,0.07326007326007325,1,0,0
83,2002,170,1234.2,1297.8,0.13099090768993682,1,1,0
83,2003,30.8,1315.6,1234.2,0.024955436720142603,0,0,0
83,2004,20.8,1346.7,1315.6,0.0158102766798419,0,0,0
83,2005,91.2,1320.5,1346.7,0.06772109601247493,1,0,0
83,2006,15,1470.3,1320.5,0.011359333585762969,0,0,0
83,2007,22.9,1597.3,1470.3,0.015575052710331225,0,0,0
83,2008,57.7,1529.6,1597.3,0.0361234583359419,0,0,0
83,2009,120.8,1301.5,1529.6,0.07897489539748954,1,0,0
83,2010,150.9,1126.9,1301.5,0.11594314252785248,1,1,0
83,2011,14,1302.8,1126.9,0.012423462596503681,0,0,0
83,2012,9.2,1410.6,1302.8,0.007061713233036536,0,0,0
83,2013,11.1,1604.1,1410.6,0.007868991918332624,0,0,0
83,2014,5.2,1883.6,1604.1,0.003241693161274235,0,0,0
83,2015,5.5,2021,1883.6,0.0029199405393926527,0,0,0
83,2016,30.9,2167.4,2021,0.0152894606630381,0,0,0
83,2017,17.8,2226.1,2167.4,0.008212604964473564,0,0,0
83,2018,71,2166.9,2226.1,0.03189434436907596,0,0,0
83,2019,60.4,2192.8,2166.9,0.027873921270017074,0,0,0
83,2020,9.7,2224.7,2192.8,0.004423568040860999,0,0,0
83,2021,10.1,2379,2224.7,0.0045399379691643815,0,0,0
83,2022,15.1,2255.8,2379,0.006347204707860445,0,0,0
83,2023,110.6,2046.1,2255.8,0.04902916925259331,0,0,0
83,2024,78.8,2125.1,2046.1,0.03851229167684864,0,0,0
84,1991,36.6,1636.6,NA,NA,NA,NA,NA
84,1992,52.6,1688.6,1636.6,0.03213980202859587,0,0,0
84,1993,28.4,1823,1688.6,0.01681866635082317,0,0,0
84,1994,58.2,1905,1823,0.03192539769610532,0,0,0
84,1995,23.3,2070.6,1905,0.012230971128608924,0,0,0
84,1996,55,1954.9,2070.6,0.02656234907756206,0,0,0
84,1997,110,1926.5,1954.9,0.05626886285743516,1,0,0
84,1998,104,1795.9,1926.5,0.053983908642616145,1,0,0
84,1999,30.8,1867.9,1795.9,0.01715017539952113,0,0,0
84,2000,56.4,1836.3,1867.9,0.030194335885218693,0,0,0
84,2001,177.8,1512.4,1836.3,0.09682513750476503,1,0,0
84,2002,275.6,1323.9,1512.4,0.182226924094155,1,1,1
84,2003,23.9,1541,1323.9,0.01805272301533348,0,0,0
84,2004,7.4,1788.5,1541,0.004802076573653472,0,0,0
84,2005,22.2,1963.7,1788.5,0.012412636287391669,0,0,0
84,2006,7.6,2293.8,1963.7,0.003870244945765646,0,0,0
84,2007,10.1,2564.4,2293.8,0.004403173772778795,0,0,0
84,2008,87.2,2486.7,2564.4,0.03400405552955857,0,0,0
84,2009,70.4,2268.4,2486.7,0.028310612458278043,0,0,0
84,2010,444.4,1639.1,2268.4,0.19590901075648032,1,1,1
84,2011,59.6,1771.3,1639.1,0.03636141785125984,0,0,0
84,2012,23.9,2038.5,1771.3,0.013492914808332862,0,0,0
84,2013,23.4,2241.3,2038.5,0.011479028697571744,0,0,0
84,2014,27.3,2625.6,2241.3,0.012180430999866149,0,0,0
84,2015,17.2,2905.4,2625.6,0.006550883607556368,0,0,0
84,2016,57.1,3280.6,2905.4,0.019653059819646174,0,0,0
84,2017,30.3,3446.6,3280.6,0.00923611534475401,0,0,0
84,2018,175.3,3146.4,3446.6,0.050861718795334535,1,0,0
84,2019,131.9,3084.3,3146.4,0.0419209255021612,0,0,0
84,2020,18.5,3292.6,3084.3,0.005998119508478422,0,0,0
84,2021,35.5,3597,3292.6,0.01078175302192796,0,0,0
84,2022,39.8,3472.9,3597,0.01106477620239088,0,0,0
84,2023,294.4,3194.9,3472.9,0.08477065276857956,1,0,0
84,2024,79.6,3491.1,3194.9,0.02491470781558108,0,0,0
85,1991,55.9,1585.3,NA,NA,NA,NA,NA
85,1992,91.8,1596.6,1585.3,0.057907020753169745,1,0,0
85,1993,60.1,1628.5,1596.6,0.03764249029187023,0,0,0
85,1994,55,1707.9,1628.5,0.03377341111452257,0,0,0
85,1995,50.3,1754.2,1707.9,0.029451373031207914,0,0,0
85,1996,43,1764.9,1754.2,0.024512598335423554,0,0,0
85,1997,40.8,1856.3,1764.9,0.023117457079721227,0,0,0
85,1998,41.9,1940.1,1856.3,0.02257178257824705,0,0,0
85,1999,42,1889.8,1940.1,0.021648368640791713,0,0,0
85,2000,286.9,1579.3,1889.8,0.15181500687903482,1,1,1
85,2001,115.4,1575.6,1579.3,0.07307034762236435,1,0,0
85,2002,219.7,1470.4,1575.6,0.13943894389438943,1,1,1
85,2003,30.3,1664.4,1470.4,0.02060663764961915,0,0,0
85,2004,10.6,1948.3,1664.4,0.006368661379476087,0,0,0
85,2005,110.9,2021.3,1948.3,0.05692141867268902,1,0,0
85,2006,32.4,2400.9,2021.3,0.01602928808192747,0,0,0
85,2007,47.7,2653.5,2400.9,0.019867549668874173,0,0,0
85,2008,223.7,2499.3,2653.5,0.08430374976446203,1,0,0
85,2009,286,2319.1,2499.3,0.114432040971472,1,1,0
85,2010,666.2,1619.3,2319.1,0.2872666120477772,1,1,1
85,2011,40.7,1831.8,1619.3,0.02513431729759773,0,0,0
85,2012,49,2030.7,1831.8,0.026749645157768315,0,0,0
85,2013,35.7,2225.1,2030.7,0.017580144777662877,0,0,0
85,2014,14,2561.3,2225.1,0.006291852051593187,0,0,0
85,2015,18,2729.1,2561.3,0.007027681255612384,0,0,0
85,2016,198.1,2784.1,2729.1,0.07258803268476788,1,0,0
85,2017,30.6,3129.9,2784.1,0.010990984519234224,0,0,0
85,2018,127.8,3175.3,3129.9,0.040831975462474836,0,0,0
85,2019,145,3279.6,3175.3,0.04566497653764998,0,0,0
85,2020,29.8,3409.3,3279.6,0.009086473960239054,0,0,0
85,2021,13.8,3726.4,3409.3,0.004047751737893409,0,0,0
85,2022,64.6,3513.8,3726.4,0.017335766423357664,0,0,0
85,2023,413.8,2994.5,3513.8,0.11776424383857931,1,1,0
85,2024,261.7,2935.5,2994.5,0.08739355485055936,1,0,0
