hses_code,year,aimag_mn,schools
11,2000,Улаанбаатар,146
11,2001,Улаанбаатар,150
11,2002,Улаанбаатар,156
11,2003,Улаанбаатар,163
11,2004,Улаанбаатар,178
11,2005,Улаанбаатар,190
11,2006,Улаанбаатар,200
11,2007,Улаанбаатар,210
11,2008,Улаанбаатар,207
11,2009,Улаанбаатар,209
11,2010,Улаанбаатар,206
11,2011,Улаанбаатар,206
11,2012,Улаанбаатар,207
11,2013,Улаанбаатар,203
11,2014,Улаанбаатар,210
11,2015,Улаанбаатар,211
11,2016,Улаанбаатар,222
11,2017,Улаанбаатар,238
11,2018,Улаанбаатар,245
11,2019,Улаанбаатар,257
11,2020,Улаанбаатар,273
11,2021,Улаанбаатар,278
11,2022,Улаанбаатар,293
11,2023,Улаанбаатар,306
11,2024,Улаанбаатар,314
11,2025,Улаанбаатар,329
21,2000,Дорнод,25
21,2001,Дорнод,25
21,2002,Дорнод,27
21,2003,Дорнод,25
21,2004,Дорнод,25
21,2005,Дорнод,26
21,2006,Дорнод,25
21,2007,Дорнод,25
21,2008,Дорнод,26
21,2009,Дорнод,26
21,2010,Дорнод,26
21,2011,Дорнод,25
21,2012,Дорнод,25
21,2013,Дорнод,25
21,2014,Дорнод,25
21,2015,Дорнод,26
21,2016,Дорнод,26
21,2017,Дорнод,26
21,2018,Дорнод,26
21,2019,Дорнод,27
21,2020,Дорнод,27
21,2021,Дорнод,27
21,2022,Дорнод,27
21,2023,Дорнод,26
21,2024,Дорнод,26
21,2025,Дорнод,27
22,2000,Сүхбаатар,16
22,2001,Сүхбаатар,15
22,2002,Сүхбаатар,15
22,2003,Сүхбаатар,15
22,2004,Сүхбаатар,15
22,2005,Сүхбаатар,15
22,2006,Сүхбаатар,15
22,2007,Сүхбаатар,15
22,2008,Сүхбаатар,15
22,2009,Сүхбаатар,15
22,2010,Сүхбаатар,15
22,2011,Сүхбаатар,15
22,2012,Сүхбаатар,15
22,2013,Сүхбаатар,17
22,2014,Сүхбаатар,16
22,2015,Сүхбаатар,16
22,2016,Сүхбаатар,16
22,2017,Сүхбаатар,16
22,2018,Сүхбаатар,16
22,2019,Сүхбаатар,16
22,2020,Сүхбаатар,16
22,2021,Сүхбаатар,16
22,2022,Сүхбаатар,16
22,2023,Сүхбаатар,16
22,2024,Сүхбаатар,16
22,2025,Сүхбаатар,16
23,2000,Хэнтий,29
23,2001,Хэнтий,30
23,2002,Хэнтий,27
23,2003,Хэнтий,26
23,2004,Хэнтий,26
23,2005,Хэнтий,27
23,2006,Хэнтий,27
23,2007,Хэнтий,27
23,2008,Хэнтий,27
23,2009,Хэнтий,26
23,2010,Хэнтий,26
23,2011,Хэнтий,26
23,2012,Хэнтий,26
23,2013,Хэнтий,26
23,2014,Хэнтий,26
23,2015,Хэнтий,26
23,2016,Хэнтий,26
23,2017,Хэнтий,26
23,2018,Хэнтий,26
23,2019,Хэнтий,26
23,2020,Хэнтий,26
23,2021,Хэнтий,27
23,2022,Хэнтий,27
23,2023,Хэнтий,29
23,2024,Хэнтий,28
23,2025,Хэнтий,28
41,2000,Төв,41
41,2001,Төв,41
41,2002,Төв,36
41,2003,Төв,30
41,2004,Төв,31
41,2005,Төв,33
41,2006,Төв,33
41,2007,Төв,32
41,2008,Төв,33
41,2009,Төв,33
41,2010,Төв,32
41,2011,Төв,31
41,2012,Төв,31
41,2013,Төв,31
41,2014,Төв,31
41,2015,Төв,31
41,2016,Төв,31
41,2017,Төв,31
41,2018,Төв,31
41,2019,Төв,31
41,2020,Төв,31
41,2021,Төв,31
41,2022,Төв,32
41,2023,Төв,31
41,2024,Төв,32
41,2025,Төв,33
42,2000,Говьсүмбэр,4
42,2001,Говьсүмбэр,5
42,2002,Говьсүмбэр,5
42,2003,Говьсүмбэр,5
42,2004,Говьсүмбэр,4
42,2005,Говьсүмбэр,4
42,2006,Говьсүмбэр,4
42,2007,Говьсүмбэр,4
42,2008,Говьсүмбэр,4
42,2009,Говьсүмбэр,4
42,2010,Говьсүмбэр,4
42,2011,Говьсүмбэр,5
42,2012,Говьсүмбэр,5
42,2013,Говьсүмбэр,5
42,2014,Говьсүмбэр,5
42,2015,Говьсүмбэр,5
42,2016,Говьсүмбэр,5
42,2017,Говьсүмбэр,5
42,2018,Говьсүмбэр,5
42,2019,Говьсүмбэр,5
42,2020,Говьсүмбэр,5
42,2021,Говьсүмбэр,5
42,2022,Говьсүмбэр,5
42,2023,Говьсүмбэр,5
42,2024,Говьсүмбэр,5
42,2025,Говьсүмбэр,5
43,2000,Сэлэнгэ,34
43,2001,Сэлэнгэ,34
43,2002,Сэлэнгэ,35
43,2003,Сэлэнгэ,34
43,2004,Сэлэнгэ,33
43,2005,Сэлэнгэ,33
43,2006,Сэлэнгэ,33
43,2007,Сэлэнгэ,33
43,2008,Сэлэнгэ,34
43,2009,Сэлэнгэ,35
43,2010,Сэлэнгэ,35
43,2011,Сэлэнгэ,35
43,2012,Сэлэнгэ,35
43,2013,Сэлэнгэ,35
43,2014,Сэлэнгэ,35
43,2015,Сэлэнгэ,34
43,2016,Сэлэнгэ,34
43,2017,Сэлэнгэ,35
43,2018,Сэлэнгэ,34
43,2019,Сэлэнгэ,34
43,2020,Сэлэнгэ,35
43,2021,Сэлэнгэ,35
43,2022,Сэлэнгэ,35
43,2023,Сэлэнгэ,35
43,2024,Сэлэнгэ,35
43,2025,Сэлэнгэ,35
44,2000,Дорноговь,19
44,2001,Дорноговь,19
44,2002,Дорноговь,18
44,2003,Дорноговь,19
44,2004,Дорноговь,20
44,2005,Дорноговь,20
44,2006,Дорноговь,19
44,2007,Дорноговь,22
44,2008,Дорноговь,20
44,2009,Дорноговь,20
44,2010,Дорноговь,20
44,2011,Дорноговь,20
44,2012,Дорноговь,21
44,2013,Дорноговь,22
44,2014,Дорноговь,22
44,2015,Дорноговь,22
44,2016,Дорноговь,21
44,2017,Дорноговь,22
44,2018,Дорноговь,22
44,2019,Дорноговь,22
44,2020,Дорноговь,21
44,2021,Дорноговь,21
44,2022,Дорноговь,22
44,2023,Дорноговь,22
44,2024,Дорноговь,21
44,2025,Дорноговь,22
45,2000,Дархан-Уул,21
45,2001,Дархан-Уул,20
45,2002,Дархан-Уул,18
45,2003,Дархан-Уул,23
45,2004,Дархан-Уул,27
45,2005,Дархан-Уул,27
45,2006,Дархан-Уул,28
45,2007,Дархан-Уул,29
45,2008,Дархан-Уул,29
45,2009,Дархан-Уул,29
45,2010,Дархан-Уул,28
45,2011,Дархан-Уул,28
45,2012,Дархан-Уул,27
45,2013,Дархан-Уул,28
45,2014,Дархан-Уул,27
45,2015,Дархан-Уул,27
45,2016,Дархан-Уул,26
45,2017,Дархан-Уул,26
45,2018,Дархан-Уул,26
45,2019,Дархан-Уул,26
45,2020,Дархан-Уул,26
45,2021,Дархан-Уул,25
45,2022,Дархан-Уул,25
45,2023,Дархан-Уул,25
45,2024,Дархан-Уул,26
45,2025,Дархан-Уул,26
46,2000,Өмнөговь,19
46,2001,Өмнөговь,19
46,2002,Өмнөговь,18
46,2003,Өмнөговь,17
46,2004,Өмнөговь,17
46,2005,Өмнөговь,17
46,2006,Өмнөговь,17
46,2007,Өмнөговь,18
46,2008,Өмнөговь,18
46,2009,Өмнөговь,18
46,2010,Өмнөговь,18
46,2011,Өмнөговь,19
46,2012,Өмнөговь,19
46,2013,Өмнөговь,19
46,2014,Өмнөговь,20
46,2015,Өмнөговь,20
46,2016,Өмнөговь,20
46,2017,Өмнөговь,21
46,2018,Өмнөговь,21
46,2019,Өмнөговь,22
46,2020,Өмнөговь,22
46,2021,Өмнөговь,22
46,2022,Өмнөговь,22
46,2023,Өмнөговь,22
46,2024,Өмнөговь,24
46,2025,Өмнөговь,25
48,2000,Дундговь,20
48,2001,Дундговь,20
48,2002,Дундговь,20
48,2003,Дундговь,19
48,2004,Дундговь,19
48,2005,Дундговь,19
48,2006,Дундговь,19
48,2007,Дундговь,19
48,2008,Дундговь,19
48,2009,Дундговь,18
48,2010,Дундговь,18
48,2011,Дундговь,18
48,2012,Дундговь,18
48,2013,Дундговь,18
48,2014,Дундговь,18
48,2015,Дундговь,19
48,2016,Дундговь,19
48,2017,Дундговь,19
48,2018,Дундговь,19
48,2019,Дундговь,19
48,2020,Дундговь,19
48,2021,Дундговь,19
48,2022,Дундговь,19
48,2023,Дундговь,19
48,2024,Дундговь,19
48,2025,Дундговь,19
61,2000,Орхон,19
61,2001,Орхон,23
61,2002,Орхон,13
61,2003,Орхон,13
61,2004,Орхон,16
61,2005,Орхон,15
61,2006,Орхон,16
61,2007,Орхон,16
61,2008,Орхон,16
61,2009,Орхон,18
61,2010,Орхон,18
61,2011,Орхон,18
61,2012,Орхон,20
61,2013,Орхон,20
61,2014,Орхон,21
61,2015,Орхон,22
61,2016,Орхон,22
61,2017,Орхон,24
61,2018,Орхон,24
61,2019,Орхон,24
61,2020,Орхон,24
61,2021,Орхон,25
61,2022,Орхон,24
61,2023,Орхон,25
61,2024,Орхон,24
61,2025,Орхон,23
62,2000,Өвөрхангай,30
62,2001,Өвөрхангай,30
62,2002,Өвөрхангай,30
62,2003,Өвөрхангай,28
62,2004,Өвөрхангай,28
62,2005,Өвөрхангай,27
62,2006,Өвөрхангай,28
62,2007,Өвөрхангай,28
62,2008,Өвөрхангай,28
62,2009,Өвөрхангай,30
62,2010,Өвөрхангай,30
62,2011,Өвөрхангай,29
62,2012,Өвөрхангай,29
62,2013,Өвөрхангай,29
62,2014,Өвөрхангай,29
62,2015,Өвөрхангай,30
62,2016,Өвөрхангай,30
62,2017,Өвөрхангай,30
62,2018,Өвөрхангай,30
62,2019,Өвөрхангай,31
62,2020,Өвөрхангай,32
62,2021,Өвөрхангай,31
62,2022,Өвөрхангай,32
62,2023,Өвөрхангай,32
62,2024,Өвөрхангай,34
62,2025,Өвөрхангай,33
63,2000,Булган,23
63,2001,Булган,23
63,2002,Булган,24
63,2003,Булган,24
63,2004,Булган,24
63,2005,Булган,24
63,2006,Булган,25
63,2007,Булган,25
63,2008,Булган,24
63,2009,Булган,24
63,2010,Булган,24
63,2011,Булган,22
63,2012,Булган,22
63,2013,Булган,22
63,2014,Булган,22
63,2015,Булган,22
63,2016,Булган,22
63,2017,Булган,21
63,2018,Булган,22
63,2019,Булган,22
63,2020,Булган,22
63,2021,Булган,22
63,2022,Булган,22
63,2023,Булган,22
63,2024,Булган,22
63,2025,Булган,22
64,2000,Баянхонгор,28
64,2001,Баянхонгор,28
64,2002,Баянхонгор,27
64,2003,Баянхонгор,28
64,2004,Баянхонгор,29
64,2005,Баянхонгор,29
64,2006,Баянхонгор,30
64,2007,Баянхонгор,29
64,2008,Баянхонгор,30
64,2009,Баянхонгор,31
64,2010,Баянхонгор,29
64,2011,Баянхонгор,29
64,2012,Баянхонгор,29
64,2013,Баянхонгор,29
64,2014,Баянхонгор,29
64,2015,Баянхонгор,29
64,2016,Баянхонгор,29
64,2017,Баянхонгор,29
64,2018,Баянхонгор,30
64,2019,Баянхонгор,31
64,2020,Баянхонгор,31
64,2021,Баянхонгор,33
64,2022,Баянхонгор,33
64,2023,Баянхонгор,32
64,2024,Баянхонгор,32
64,2025,Баянхонгор,32
65,2000,Архангай,32
65,2001,Архангай,32
65,2002,Архангай,35
65,2003,Архангай,34
65,2004,Архангай,35
65,2005,Архангай,35
65,2006,Архангай,36
65,2007,Архангай,36
65,2008,Архангай,35
65,2009,Архангай,35
65,2010,Архангай,35
65,2011,Архангай,33
65,2012,Архангай,32
65,2013,Архангай,32
65,2014,Архангай,32
65,2015,Архангай,34
65,2016,Архангай,33
65,2017,Архангай,33
65,2018,Архангай,33
65,2019,Архангай,33
65,2020,Архангай,33
65,2021,Архангай,32
65,2022,Архангай,30
65,2023,Архангай,30
65,2024,Архангай,30
65,2025,Архангай,30
67,2000,Хөвсгөл,32
67,2001,Хөвсгөл,33
67,2002,Хөвсгөл,31
67,2003,Хөвсгөл,32
67,2004,Хөвсгөл,33
67,2005,Хөвсгөл,33
67,2006,Хөвсгөл,33
67,2007,Хөвсгөл,32
67,2008,Хөвсгөл,32
67,2009,Хөвсгөл,33
67,2010,Хөвсгөл,34
67,2011,Хөвсгөл,35
67,2012,Хөвсгөл,35
67,2013,Хөвсгөл,35
67,2014,Хөвсгөл,35
67,2015,Хөвсгөл,35
67,2016,Хөвсгөл,36
67,2017,Хөвсгөл,36
67,2018,Хөвсгөл,36
67,2019,Хөвсгөл,36
67,2020,Хөвсгөл,35
67,2021,Хөвсгөл,35
67,2022,Хөвсгөл,35
67,2023,Хөвсгөл,34
67,2024,Хөвсгөл,34
67,2025,Хөвсгөл,34
81,2000,Завхан,34
81,2001,Завхан,38
81,2002,Завхан,34
81,2003,Завхан,33
81,2004,Завхан,33
81,2005,Завхан,32
81,2006,Завхан,33
81,2007,Завхан,33
81,2008,Завхан,32
81,2009,Завхан,31
81,2010,Завхан,30
81,2011,Завхан,30
81,2012,Завхан,30
81,2013,Завхан,30
81,2014,Завхан,30
81,2015,Завхан,30
81,2016,Завхан,30
81,2017,Завхан,30
81,2018,Завхан,30
81,2019,Завхан,30
81,2020,Завхан,30
81,2021,Завхан,30
81,2022,Завхан,30
81,2023,Завхан,30
81,2024,Завхан,31
81,2025,Завхан,31
82,2000,Говь-Алтай,28
82,2001,Говь-Алтай,28
82,2002,Говь-Алтай,29
82,2003,Говь-Алтай,28
82,2004,Говь-Алтай,27
82,2005,Говь-Алтай,27
82,2006,Говь-Алтай,29
82,2007,Говь-Алтай,29
82,2008,Говь-Алтай,28
82,2009,Говь-Алтай,28
82,2010,Говь-Алтай,28
82,2011,Говь-Алтай,28
82,2012,Говь-Алтай,28
82,2013,Говь-Алтай,28
82,2014,Говь-Алтай,28
82,2015,Говь-Алтай,28
82,2016,Говь-Алтай,28
82,2017,Говь-Алтай,28
82,2018,Говь-Алтай,28
82,2019,Говь-Алтай,29
82,2020,Говь-Алтай,28
82,2021,Говь-Алтай,28
82,2022,Говь-Алтай,28
82,2023,Говь-Алтай,28
82,2024,Говь-Алтай,28
82,2025,Говь-Алтай,28
83,2000,Баян-Өлгий,35
83,2001,Баян-Өлгий,35
83,2002,Баян-Өлгий,37
83,2003,Баян-Өлгий,37
83,2004,Баян-Өлгий,37
83,2005,Баян-Өлгий,38
83,2006,Баян-Өлгий,41
83,2007,Баян-Өлгий,41
83,2008,Баян-Өлгий,41
83,2009,Баян-Өлгий,42
83,2010,Баян-Өлгий,43
83,2011,Баян-Өлгий,42
83,2012,Баян-Өлгий,42
83,2013,Баян-Өлгий,42
83,2014,Баян-Өлгий,43
83,2015,Баян-Өлгий,43
83,2016,Баян-Өлгий,43
83,2017,Баян-Өлгий,43
83,2018,Баян-Өлгий,43
83,2019,Баян-Өлгий,43
83,2020,Баян-Өлгий,44
83,2021,Баян-Өлгий,44
83,2022,Баян-Өлгий,44
83,2023,Баян-Өлгий,44
83,2024,Баян-Өлгий,45
83,2025,Баян-Өлгий,43
84,2000,Ховд,22
84,2001,Ховд,25
84,2002,Ховд,24
84,2003,Ховд,23
84,2004,Ховд,23
84,2005,Ховд,23
84,2006,Ховд,24
84,2007,Ховд,24
84,2008,Ховд,23
84,2009,Ховд,23
84,2010,Ховд,23
84,2011,Ховд,24
84,2012,Ховд,24
84,2013,Ховд,24
84,2014,Ховд,24
84,2015,Ховд,24
84,2016,Ховд,25
84,2017,Ховд,25
84,2018,Ховд,25
84,2019,Ховд,25
84,2020,Ховд,25
84,2021,Ховд,25
84,2022,Ховд,25
84,2023,Ховд,25
84,2024,Ховд,25
84,2025,Ховд,25
85,2000,Увс,26
85,2001,Увс,27
85,2002,Увс,29
85,2003,Увс,30
85,2004,Увс,30
85,2005,Увс,30
85,2006,Увс,27
85,2007,Увс,27
85,2008,Увс,27
85,2009,Увс,27
85,2010,Увс,28
85,2011,Увс,30
85,2012,Увс,31
85,2013,Увс,31
85,2014,Увс,30
85,2015,Увс,30
85,2016,Увс,30
85,2017,Увс,30
85,2018,Увс,30
85,2019,Увс,30
85,2020,Увс,30
85,2021,Увс,30
85,2022,Увс,29
85,2023,Увс,29
85,2024,Увс,30
85,2025,Увс,30
